timestamp,time_step,scenario,source_node,destination_node,router_id,hop_count,path_length,bandwidth_mbps,traffic_interval_sec,active_users,traffic_load_mbps,utilization_percent,queue_occupancy_percent,latency_ms,jitter_ms,throughput_mbps,packet_loss_percent,tx_packets,rx_packets,lost_packets,retransmissions,flow_duration_sec,event_type,peak_hour,failure_event,sla_violation
2026-01-01 09:00:00,1,low,client_3,server_1,router_1,2,client-router-server,8.62,2.4,6,21.88,15.09,14.69,28.4,2.29,8.62,0.01,5139,5138,1,0,35.87,normal,0,0,0
2026-01-01 09:01:00,2,low,client_3,server_1,router_1,2,client-router-server,8.89,1.9,13,51.46,37.49,38.66,36.92,5.33,8.89,0.01,1837,1836,1,0,25.9,normal,0,0,0
2026-01-01 09:02:00,3,low,client_2,server_1,router_1,2,client-router-server,9.8,1.72,14,39.84,14.23,16.3,19.74,3.87,9.8,0.01,2575,2574,1,0,7.52,normal,0,0,0
2026-01-01 09:03:00,4,low,client_2,server_1,router_1,2,client-router-server,9.4,1.74,6,84.15,43.09,46.7,41.48,6.08,9.4,0.01,1584,1583,1,0,34.38,normal,0,0,0
2026-01-01 09:04:00,5,low,client_2,server_1,router_1,2,client-router-server,10.94,2.19,11,40.25,14.27,10.37,25.46,2.38,10.94,0.01,1542,1541,1,0,55.22,normal,0,0,0
2026-01-01 09:05:00,6,low,client_3,server_1,router_1,2,client-router-server,11.92,2.8,10,35.95,16.8,10.08,20.38,7.09,11.92,0.01,5780,5779,1,1,24.91,normal,0,0,0
2026-01-01 09:06:00,7,low,client_1,server_1,router_1,2,client-router-server,11.81,1.56,13,57.01,17.43,10.67,27.41,5.93,11.81,0.01,3059,3058,1,0,42.42,normal,0,0,0
2026-01-01 09:07:00,8,low,client_3,server_1,router_1,2,client-router-server,8.06,2.11,17,40.01,23.52,19.23,38.96,7.97,8.06,0.01,1871,1870,1,1,51.29,normal,0,0,0
2026-01-01 09:08:00,9,low,client_1,server_1,router_1,2,client-router-server,12.27,2.63,7,48.04,26.19,29.93,37.44,5.12,12.27,0.01,3519,3518,1,0,8.19,normal,0,0,0
2026-01-01 09:09:00,10,low,client_1,server_1,router_1,2,client-router-server,12.39,1.96,6,74.89,31.01,18.23,40.37,8.56,12.39,0.01,2735,2734,1,0,44.21,normal,0,0,0
2026-01-01 09:10:00,11,low,client_3,server_1,router_1,2,client-router-server,9.76,1.44,15,48.01,19.64,10.7,20.29,5.96,9.76,0.01,1482,1481,1,0,8.71,normal,0,0,0
2026-01-01 09:11:00,12,low,client_2,server_1,router_1,2,client-router-server,9.93,1.9,6,58.56,30.41,30.6,47.07,6.09,9.93,0.01,1772,1771,1,0,41.24,normal,0,0,0
2026-01-01 09:12:00,13,low,client_2,server_1,router_1,2,client-router-server,10.77,2.05,12,84.79,43.97,23.85,54.77,7.77,10.77,0.01,2148,2147,1,1,15.09,normal,0,0,0
2026-01-01 09:13:00,14,low,client_1,server_1,router_1,2,client-router-server,7.99,2.66,12,80.6,56.58,49.7,43.16,5.34,7.99,0.34,4943,4927,16,6,52.56,normal,0,0,0
2026-01-01 09:14:00,15,low,client_1,server_1,router_1,2,client-router-server,12.13,1.48,11,20.16,10.21,7.14,20.49,6.8,12.13,0.01,2555,2554,1,1,16.97,normal,0,0,0
2026-01-01 09:15:00,16,low,client_3,server_1,router_1,2,client-router-server,7.75,2.72,13,24.57,15.56,17.79,25.57,2.18,7.75,0.01,1556,1555,1,0,27.21,normal,0,0,0
2026-01-01 09:16:00,17,low,client_3,server_1,router_1,2,client-router-server,7.91,2.7,8,63.42,45.14,40.43,46.14,5.54,7.91,0.01,2072,2071,1,1,30.15,normal,0,0,0
2026-01-01 09:17:00,18,low,client_1,server_1,router_1,2,client-router-server,12.48,2.38,5,54.37,14.35,9.32,20.27,8.58,12.48,0.01,2292,2291,1,1,50.86,normal,0,0,0
2026-01-01 09:18:00,19,low,client_3,server_1,router_1,2,client-router-server,11.59,2.4,17,69.05,25.01,24.12,41.27,2.61,11.59,0.01,3231,3230,1,1,38.27,normal,0,0,0
2026-01-01 09:19:00,20,low,client_1,server_1,router_1,2,client-router-server,9.94,2.17,15,67.57,45.01,49.16,40.74,5.61,9.94,0.01,3145,3144,1,0,45.77,normal,0,0,0
2026-01-01 09:20:00,21,low,client_2,server_1,router_1,2,client-router-server,11.92,1.75,13,20.73,11.51,10.15,23.36,5.41,11.92,0.01,1326,1325,1,1,16.55,normal,0,0,0
2026-01-01 09:21:00,22,low,client_1,server_1,router_1,2,client-router-server,9.53,1.87,10,78.51,45.17,27.47,62.96,10.6,9.53,0.01,1203,1202,1,0,45.51,normal,0,0,0
2026-01-01 09:22:00,23,low,client_2,server_1,router_1,2,client-router-server,8.74,2.62,17,70.24,29.23,28.96,35.31,2.68,8.74,0.01,3864,3863,1,1,50.13,normal,0,0,0
2026-01-01 09:23:00,24,low,client_1,server_1,router_1,2,client-router-server,8.89,1.77,5,69.5,25.62,26.68,31.88,6.12,8.89,0.01,1226,1225,1,0,53.24,normal,0,0,0
2026-01-01 09:24:00,25,low,client_3,server_1,router_1,2,client-router-server,9.23,2.53,9,22.87,15.23,12.27,29.04,2.94,9.23,0.01,4572,4571,1,0,33.6,normal,0,0,0
2026-01-01 09:25:00,26,low,client_3,server_1,router_1,2,client-router-server,8.49,1.86,16,90.52,50.38,58.65,74.35,8.37,8.49,0.02,5154,5153,1,1,41.68,normal,0,0,0
2026-01-01 09:26:00,27,low,client_3,server_1,router_1,2,client-router-server,10.82,2.25,9,61.58,25.71,26.32,28.68,6.12,10.82,0.01,2721,2720,1,1,48.22,normal,0,0,0
2026-01-01 09:27:00,28,low,client_2,server_1,router_1,2,client-router-server,10.06,1.71,12,53.13,32.61,38.22,47.49,6.82,10.06,0.01,1765,1764,1,0,42.0,normal,0,0,0
2026-01-01 09:28:00,29,low,client_1,server_1,router_1,2,client-router-server,9.88,1.41,7,21.83,14.14,7.79,21.32,5.86,9.88,0.01,2998,2997,1,0,41.08,normal,0,0,0
2026-01-01 09:29:00,30,low,client_1,server_1,router_1,2,client-router-server,12.29,2.65,17,51.89,21.41,11.46,24.59,7.95,12.29,0.01,5578,5577,1,1,57.25,normal,0,0,0
2026-01-01 09:30:00,31,low,client_3,server_1,router_1,2,client-router-server,11.65,1.78,18,73.95,32.95,37.17,47.77,5.49,11.65,0.01,5270,5269,1,1,39.47,normal,0,0,0
2026-01-01 09:31:00,32,low,client_1,server_1,router_1,2,client-router-server,9.1,1.69,16,41.43,23.49,14.02,26.0,7.32,9.1,0.01,5445,5444,1,1,27.87,normal,0,0,0
2026-01-01 09:32:00,33,low,client_2,server_1,router_1,2,client-router-server,10.98,2.16,11,87.86,51.43,53.28,54.92,3.16,10.98,0.14,4432,4426,6,4,46.11,normal,0,0,0
2026-01-01 09:33:00,34,low,client_3,server_1,router_1,2,client-router-server,9.93,2.23,8,56.62,25.97,25.14,39.93,7.9,9.93,0.01,5375,5374,1,0,54.88,normal,0,0,0
2026-01-01 09:34:00,35,low,client_3,server_1,router_1,2,client-router-server,11.83,2.06,5,26.3,8.29,5.65,16.35,4.52,11.83,0.01,4453,4452,1,1,50.92,normal,0,0,0
2026-01-01 09:35:00,36,low,client_3,server_1,router_1,2,client-router-server,8.62,1.56,13,23.91,9.08,10.62,16.01,1.53,8.62,0.01,2954,2953,1,0,31.05,normal,0,0,0
2026-01-01 09:36:00,37,low,client_1,server_1,router_1,2,client-router-server,8.34,2.4,12,72.46,47.17,48.28,42.31,10.41,8.34,0.01,3555,3554,1,1,26.82,normal,0,0,0
2026-01-01 09:37:00,38,low,client_1,server_1,router_1,2,client-router-server,8.01,2.31,14,71.8,54.59,59.79,66.74,6.16,8.01,0.46,4509,4489,20,11,8.79,normal,0,0,0
2026-01-01 09:38:00,39,low,client_1,server_1,router_1,2,client-router-server,9.67,2.56,18,51.5,23.69,26.63,32.43,2.8,9.67,0.01,5408,5407,1,1,30.57,normal,0,0,0
2026-01-01 09:39:00,40,low,client_3,server_1,router_1,2,client-router-server,12.17,1.9,9,44.17,14.94,12.18,26.26,5.89,12.17,0.01,3662,3661,1,0,31.82,normal,0,0,0
2026-01-01 09:40:00,41,low,client_2,server_1,router_1,2,client-router-server,11.9,1.42,10,40.97,17.98,15.49,22.69,3.49,11.9,0.01,4900,4899,1,1,29.65,normal,0,0,0
2026-01-01 09:41:00,42,low,client_2,server_1,router_1,2,client-router-server,10.82,2.41,8,50.33,20.82,18.48,27.03,9.08,10.82,0.01,3511,3510,1,1,17.68,normal,0,0,0
2026-01-01 09:42:00,43,low,client_2,server_1,router_1,2,client-router-server,10.95,1.65,6,75.72,26.04,26.48,30.75,6.84,10.95,0.01,2590,2589,1,1,17.51,normal,0,0,0
2026-01-01 09:43:00,44,low,client_1,server_1,router_1,2,client-router-server,12.37,1.66,16,60.06,25.31,25.01,27.36,8.33,12.37,0.01,4845,4844,1,1,29.23,normal,0,0,0
2026-01-01 09:44:00,45,low,client_1,server_1,router_1,2,client-router-server,11.61,1.98,9,90.58,35.91,19.82,44.15,2.41,11.61,0.01,3033,3032,1,0,35.69,normal,0,0,0
2026-01-01 09:45:00,46,low,client_3,server_1,router_1,2,client-router-server,9.4,1.77,17,66.38,46.85,33.18,54.68,6.54,9.4,0.01,1812,1811,1,0,39.4,normal,0,0,0
2026-01-01 09:46:00,47,low,client_1,server_1,router_1,2,client-router-server,8.28,2.5,7,37.99,21.26,20.89,29.68,2.02,8.28,0.01,1583,1582,1,0,55.82,normal,0,0,0
2026-01-01 09:47:00,48,low,client_3,server_1,router_1,2,client-router-server,9.63,2.06,14,69.59,37.42,35.67,55.9,7.7,9.63,0.01,5662,5661,1,1,29.15,normal,0,0,0
2026-01-01 09:48:00,49,low,client_2,server_1,router_1,2,client-router-server,10.2,2.34,16,50.19,23.38,21.48,38.2,7.46,10.2,0.01,5712,5711,1,0,59.98,normal,0,0,0
2026-01-01 09:49:00,50,low,client_2,server_1,router_1,2,client-router-server,9.85,2.34,14,23.02,13.1,14.95,19.89,5.86,9.85,0.01,3850,3849,1,1,23.33,normal,0,0,0
2026-01-01 09:50:00,51,low,client_1,server_1,router_1,2,client-router-server,10.81,2.16,10,50.87,21.66,22.36,23.69,2.38,10.81,0.01,5215,5214,1,0,41.17,normal,0,0,0
2026-01-01 09:51:00,52,low,client_2,server_1,router_1,2,client-router-server,11.28,2.25,5,34.07,16.62,17.15,22.45,6.1,11.28,0.01,1994,1993,1,0,58.52,normal,0,0,0
2026-01-01 09:52:00,53,low,client_1,server_1,router_1,2,client-router-server,10.26,2.08,16,31.88,10.48,12.52,23.39,4.51,10.26,0.01,3390,3389,1,1,27.85,normal,0,0,0
2026-01-01 09:53:00,54,low,client_2,server_1,router_1,2,client-router-server,8.45,1.8,8,54.26,34.66,35.44,34.26,3.79,8.45,0.01,5159,5158,1,1,50.13,normal,0,0,0
2026-01-01 09:54:00,55,low,client_2,server_1,router_1,2,client-router-server,9.95,1.73,18,64.02,23.13,20.29,28.9,6.08,9.95,0.01,2545,2544,1,0,36.45,normal,0,0,0
2026-01-01 09:55:00,56,low,client_2,server_1,router_1,2,client-router-server,12.07,2.62,5,43.86,16.44,19.59,29.61,6.04,12.07,0.01,5834,5833,1,1,52.83,normal,0,0,0
2026-01-01 09:56:00,57,low,client_2,server_1,router_1,2,client-router-server,11.11,2.6,6,59.45,24.83,23.8,27.37,6.23,11.11,0.01,1657,1656,1,1,51.88,normal,0,0,0
2026-01-01 09:57:00,58,low,client_2,server_1,router_1,2,client-router-server,9.94,2.37,10,67.01,34.81,32.45,36.13,7.09,9.94,0.01,1806,1805,1,0,29.4,normal,0,0,0
2026-01-01 09:58:00,59,low,client_1,server_1,router_1,2,client-router-server,9.29,2.22,5,44.33,22.54,15.12,28.54,6.47,9.29,0.01,4133,4132,1,0,32.37,normal,0,0,0
2026-01-01 09:59:00,60,low,client_1,server_1,router_1,2,client-router-server,10.83,2.04,12,67.84,41.32,34.12,41.67,5.84,10.83,0.01,3450,3449,1,1,42.97,normal,0,0,0
2026-01-01 10:00:00,61,low,client_2,server_1,router_1,2,client-router-server,8.03,2.44,8,94.95,53.51,40.2,50.53,7.04,8.03,0.37,1066,1063,3,0,55.08,normal,0,0,0
2026-01-01 10:01:00,62,low,client_2,server_1,router_1,2,client-router-server,9.26,1.45,17,79.91,47.86,44.73,60.8,8.9,9.26,0.01,1322,1321,1,1,48.37,normal,0,0,0
2026-01-01 10:02:00,63,low,client_2,server_1,router_1,2,client-router-server,9.13,2.72,16,29.86,15.25,9.77,26.45,7.77,9.13,0.01,2347,2346,1,1,55.27,normal,0,0,0
2026-01-01 10:03:00,64,low,client_2,server_1,router_1,2,client-router-server,9.84,1.95,16,85.28,28.61,29.41,31.84,7.46,9.84,0.01,5565,5564,1,1,9.97,normal,0,0,0
2026-01-01 10:04:00,65,low,client_2,server_1,router_1,2,client-router-server,11.25,1.71,13,29.27,10.53,8.07,20.53,4.24,11.25,0.01,5599,5598,1,1,55.34,normal,0,0,0
2026-01-01 10:05:00,66,low,client_1,server_1,router_1,2,client-router-server,9.01,2.34,15,81.79,42.06,25.15,59.71,5.21,9.01,0.01,2111,2110,1,1,29.95,normal,0,0,0
2026-01-01 10:06:00,67,low,client_3,server_1,router_1,2,client-router-server,11.21,2.73,16,90.95,29.35,23.2,28.41,5.73,11.21,0.01,4035,4034,1,0,29.39,normal,0,0,0
2026-01-01 10:07:00,68,low,client_2,server_1,router_1,2,client-router-server,12.01,1.87,6,93.57,43.47,23.58,40.5,11.12,12.01,0.01,2737,2736,1,0,7.78,normal,0,0,0
2026-01-01 10:08:00,69,low,client_1,server_1,router_1,2,client-router-server,11.33,2.52,17,62.34,21.07,13.72,34.0,3.91,11.33,0.01,2185,2184,1,0,34.71,normal,0,0,0
2026-01-01 10:09:00,70,low,client_1,server_1,router_1,2,client-router-server,9.29,1.91,15,84.98,56.29,51.35,43.41,4.41,9.29,0.43,1520,1514,6,3,29.66,normal,0,0,0
2026-01-01 10:10:00,71,low,client_3,server_1,router_1,2,client-router-server,10.58,2.09,6,53.9,30.1,34.2,42.76,4.88,10.58,0.01,4290,4289,1,1,42.74,normal,0,0,0
2026-01-01 10:11:00,72,low,client_2,server_1,router_1,2,client-router-server,8.24,2.38,6,87.45,37.2,34.86,47.09,7.58,8.24,0.01,5141,5140,1,1,10.45,normal,0,0,0
2026-01-01 10:12:00,73,low,client_3,server_1,router_1,2,client-router-server,11.83,1.61,15,85.83,34.25,38.42,41.31,8.3,11.83,0.01,3560,3559,1,1,25.59,normal,0,0,0
2026-01-01 10:13:00,74,low,client_2,server_1,router_1,2,client-router-server,9.66,2.72,6,26.84,16.61,12.64,20.68,2.71,9.66,0.01,4365,4364,1,1,53.05,normal,0,0,0
2026-01-01 10:14:00,75,low,client_2,server_1,router_1,2,client-router-server,8.94,1.79,18,88.69,42.16,24.14,46.67,4.15,8.94,0.01,5556,5555,1,1,11.32,normal,0,0,0
2026-01-01 10:15:00,76,low,client_1,server_1,router_1,2,client-router-server,11.34,1.89,17,52.18,25.25,24.56,34.85,6.76,11.34,0.01,3238,3237,1,1,55.68,normal,0,0,0
2026-01-01 10:16:00,77,low,client_1,server_1,router_1,2,client-router-server,7.85,2.19,18,30.74,23.35,27.56,26.35,5.71,7.85,0.01,3552,3551,1,1,47.73,normal,0,0,0
2026-01-01 10:17:00,78,low,client_1,server_1,router_1,2,client-router-server,7.75,2.35,5,31.67,13.59,11.01,21.67,5.86,7.75,0.01,3827,3826,1,1,11.1,normal,0,0,0
2026-01-01 10:18:00,79,low,client_3,server_1,router_1,2,client-router-server,8.6,2.0,12,59.52,48.02,25.85,41.25,10.79,8.6,0.01,1982,1981,1,0,32.36,normal,0,0,0
2026-01-01 10:19:00,80,low,client_1,server_1,router_1,2,client-router-server,10.29,2.39,11,59.94,33.04,24.71,37.34,7.72,10.29,0.01,3564,3563,1,1,36.54,normal,0,0,0
2026-01-01 10:20:00,81,low,client_2,server_1,router_1,2,client-router-server,9.12,1.95,9,28.64,19.49,18.18,32.78,7.93,9.12,0.01,5824,5823,1,1,33.82,normal,0,0,0
2026-01-01 10:21:00,82,low,client_2,server_1,router_1,2,client-router-server,8.34,1.76,16,45.46,27.48,15.93,33.99,8.47,8.34,0.01,2209,2208,1,0,10.65,normal,0,0,0
2026-01-01 10:22:00,83,low,client_1,server_1,router_1,2,client-router-server,7.88,1.5,14,31.47,27.18,25.54,34.81,6.43,7.88,0.01,3647,3646,1,1,13.3,normal,0,0,0
2026-01-01 10:23:00,84,low,client_2,server_1,router_1,2,client-router-server,7.78,2.18,15,42.71,27.61,19.8,33.74,3.33,7.78,0.01,1739,1738,1,1,30.45,normal,0,0,0
2026-01-01 10:24:00,85,low,client_3,server_1,router_1,2,client-router-server,10.76,2.39,5,53.73,21.4,17.82,24.38,1.99,10.76,0.01,1690,1689,1,0,7.15,normal,0,0,0
2026-01-01 10:25:00,86,low,client_2,server_1,router_1,2,client-router-server,9.36,2.41,13,59.21,26.14,20.55,30.76,6.95,9.36,0.01,1774,1773,1,1,20.63,normal,0,0,0
2026-01-01 10:26:00,87,low,client_3,server_1,router_1,2,client-router-server,10.41,1.86,14,85.5,29.29,21.82,45.92,7.16,10.41,0.01,3536,3535,1,1,40.39,normal,0,0,0
2026-01-01 10:27:00,88,low,client_1,server_1,router_1,2,client-router-server,12.49,2.8,15,72.71,38.71,21.89,48.03,5.38,12.49,0.01,3799,3798,1,1,15.56,normal,0,0,0
2026-01-01 10:28:00,89,low,client_1,server_1,router_1,2,client-router-server,10.04,2.37,6,42.18,21.67,22.04,31.06,7.21,10.04,0.01,2263,2262,1,0,14.95,normal,0,0,0
2026-01-01 10:29:00,90,low,client_3,server_1,router_1,2,client-router-server,7.72,2.5,17,87.7,50.63,50.82,74.78,8.57,7.72,0.06,2959,2958,1,1,58.11,normal,0,0,0
2026-01-01 10:30:00,91,low,client_1,server_1,router_1,2,client-router-server,9.7,2.62,10,70.87,44.41,46.39,52.68,5.25,9.7,0.01,3048,3047,1,0,40.26,normal,0,0,0
2026-01-01 10:31:00,92,low,client_3,server_1,router_1,2,client-router-server,8.12,1.98,6,73.36,30.13,18.45,35.22,6.7,8.12,0.01,4695,4694,1,1,56.18,normal,0,0,0
2026-01-01 10:32:00,93,low,client_2,server_1,router_1,2,client-router-server,7.91,2.06,13,48.05,23.68,17.12,24.54,6.95,7.91,0.01,4870,4869,1,0,46.74,normal,0,0,0
2026-01-01 10:33:00,94,low,client_3,server_1,router_1,2,client-router-server,8.58,2.27,5,87.94,36.88,42.71,49.01,6.42,8.58,0.01,2953,2952,1,1,40.14,normal,0,0,0
2026-01-01 10:34:00,95,low,client_1,server_1,router_1,2,client-router-server,10.18,1.9,6,82.75,44.93,40.55,58.68,3.94,10.18,0.01,2534,2533,1,0,33.79,normal,0,0,0
2026-01-01 10:35:00,96,low,client_3,server_1,router_1,2,client-router-server,10.27,2.28,13,58.05,25.79,21.38,36.07,8.78,10.27,0.01,3824,3823,1,0,45.31,normal,0,0,0
2026-01-01 10:36:00,97,low,client_3,server_1,router_1,2,client-router-server,9.26,2.72,16,76.75,36.09,34.28,52.27,8.64,9.26,0.01,2104,2103,1,0,44.38,normal,0,0,0
2026-01-01 10:37:00,98,low,client_1,server_1,router_1,2,client-router-server,11.93,1.47,9,35.12,12.55,9.0,20.32,7.32,11.93,0.01,3343,3342,1,1,52.42,normal,0,0,0
2026-01-01 10:38:00,99,low,client_3,server_1,router_1,2,client-router-server,9.68,2.42,10,40.49,19.24,15.54,33.69,3.97,9.68,0.01,5253,5252,1,1,49.06,normal,0,0,0
2026-01-01 10:39:00,100,low,client_1,server_1,router_1,2,client-router-server,10.23,2.62,11,65.18,27.3,15.18,36.59,4.68,10.23,0.01,3879,3878,1,1,7.33,normal,0,0,0
2026-01-01 10:40:00,101,low,client_2,server_1,router_1,2,client-router-server,12.4,1.49,14,94.86,51.96,28.71,59.71,7.08,12.4,0.18,2169,2166,3,3,6.91,normal,0,0,0
2026-01-01 10:41:00,102,low,client_3,server_1,router_1,2,client-router-server,7.66,1.56,10,47.16,22.25,18.13,28.3,4.66,7.66,0.01,3575,3574,1,1,18.73,normal,0,0,0
2026-01-01 10:42:00,103,low,client_3,server_1,router_1,2,client-router-server,10.31,2.03,7,57.43,22.54,15.38,29.13,8.81,10.31,0.01,2004,2003,1,0,51.91,normal,0,0,0
2026-01-01 10:43:00,104,low,client_3,server_1,router_1,2,client-router-server,12.34,1.57,12,94.79,53.36,51.63,68.17,6.85,12.34,0.19,2426,2422,4,2,32.98,normal,0,0,0
2026-01-01 10:44:00,105,low,client_1,server_1,router_1,2,client-router-server,7.63,2.55,17,30.42,20.8,15.77,33.18,6.04,7.63,0.01,4921,4920,1,1,47.3,normal,0,0,0
2026-01-01 10:45:00,106,low,client_1,server_1,router_1,2,client-router-server,9.75,1.48,7,92.93,54.52,40.41,73.4,9.65,9.75,0.21,4544,4535,9,8,55.09,normal,0,0,0
2026-01-01 10:46:00,107,low,client_1,server_1,router_1,2,client-router-server,9.11,1.82,13,31.48,20.17,14.97,34.35,8.69,9.11,0.01,5512,5511,1,1,11.88,normal,0,0,0
2026-01-01 10:47:00,108,low,client_3,server_1,router_1,2,client-router-server,12.21,2.3,6,57.69,17.09,16.43,28.74,6.44,12.21,0.01,1232,1231,1,0,7.5,normal,0,0,0
2026-01-01 10:48:00,109,low,client_3,server_1,router_1,2,client-router-server,9.58,2.36,9,68.83,39.92,33.88,50.27,6.12,9.58,0.01,4326,4325,1,1,29.94,normal,0,0,0
2026-01-01 10:49:00,110,low,client_1,server_1,router_1,2,client-router-server,9.2,2.05,12,51.17,19.88,21.93,26.78,8.73,9.2,0.01,5218,5217,1,0,22.55,normal,0,0,0
2026-01-01 10:50:00,111,low,client_2,server_1,router_1,2,client-router-server,8.95,2.1,12,38.59,19.56,18.21,24.87,7.64,8.95,0.01,3561,3560,1,0,46.97,normal,0,0,0
2026-01-01 10:51:00,112,low,client_3,server_1,router_1,2,client-router-server,7.62,2.59,12,57.41,51.09,43.62,73.73,4.61,7.62,0.04,4855,4854,1,1,34.52,normal,0,0,0
2026-01-01 10:52:00,113,low,client_2,server_1,router_1,2,client-router-server,11.32,2.27,7,86.18,33.98,26.52,42.46,4.17,11.32,0.01,5504,5503,1,1,50.39,normal,0,0,0
2026-01-01 10:53:00,114,low,client_3,server_1,router_1,2,client-router-server,9.37,2.53,6,29.65,21.98,19.57,28.33,3.24,9.37,0.01,1318,1317,1,0,44.25,normal,0,0,0
2026-01-01 10:54:00,115,low,client_3,server_1,router_1,2,client-router-server,8.2,1.82,12,31.17,25.57,18.49,30.96,7.12,8.2,0.01,5175,5174,1,1,43.98,normal,0,0,0
2026-01-01 10:55:00,116,low,client_1,server_1,router_1,2,client-router-server,9.58,2.22,10,44.84,19.8,22.36,34.48,6.51,9.58,0.01,5738,5737,1,0,44.68,normal,0,0,0
2026-01-01 10:56:00,117,low,client_1,server_1,router_1,2,client-router-server,11.71,1.97,13,67.18,20.6,20.12,22.72,8.19,11.71,0.01,2240,2239,1,1,42.98,normal,0,0,0
2026-01-01 10:57:00,118,low,client_3,server_1,router_1,2,client-router-server,7.81,2.35,12,85.46,38.87,25.08,39.41,7.64,7.81,0.01,5367,5366,1,1,35.05,normal,0,0,0
2026-01-01 10:58:00,119,low,client_3,server_1,router_1,2,client-router-server,10.55,1.89,15,68.25,24.38,16.4,32.56,4.48,10.55,0.01,2698,2697,1,1,22.44,normal,0,0,0
2026-01-01 10:59:00,120,low,client_3,server_1,router_1,2,client-router-server,10.22,2.32,9,41.58,26.78,20.79,31.34,7.18,10.22,0.01,1647,1646,1,1,55.82,normal,0,0,0
2026-01-01 11:00:00,121,low,client_3,server_1,router_1,2,client-router-server,8.86,1.98,12,36.05,21.35,14.73,23.12,6.92,8.86,0.01,2848,2847,1,0,7.89,normal,0,0,0
2026-01-01 11:01:00,122,low,client_3,server_1,router_1,2,client-router-server,7.53,1.48,12,27.54,19.02,21.88,27.4,8.93,7.53,0.01,3353,3352,1,1,20.7,normal,0,0,0
2026-01-01 11:02:00,123,low,client_1,server_1,router_1,2,client-router-server,11.12,2.45,15,63.06,38.26,43.59,38.71,8.34,11.12,0.01,4252,4251,1,1,15.25,normal,0,0,0
2026-01-01 11:03:00,124,low,client_2,server_1,router_1,2,client-router-server,8.04,1.56,5,20.7,17.85,12.48,31.99,5.69,8.04,0.01,4834,4833,1,1,15.6,normal,0,0,0
2026-01-01 11:04:00,125,low,client_1,server_1,router_1,2,client-router-server,8.43,2.34,16,54.42,38.39,40.45,48.7,7.47,8.43,0.01,4503,4502,1,1,9.77,normal,0,0,0
2026-01-01 11:05:00,126,low,client_1,server_1,router_1,2,client-router-server,7.53,1.57,7,55.81,33.61,27.32,35.19,5.15,7.53,0.01,3945,3944,1,0,8.42,normal,0,0,0
2026-01-01 11:06:00,127,low,client_2,server_1,router_1,2,client-router-server,11.98,2.45,7,50.41,24.47,17.56,25.31,8.34,11.98,0.01,2094,2093,1,1,13.43,normal,0,0,0
2026-01-01 11:07:00,128,low,client_3,server_1,router_1,2,client-router-server,9.85,2.19,10,51.19,26.76,25.82,29.96,4.48,9.85,0.01,4659,4658,1,1,9.3,normal,0,0,0
2026-01-01 11:08:00,129,low,client_1,server_1,router_1,2,client-router-server,10.36,2.03,18,61.07,21.22,15.48,29.31,2.5,10.36,0.01,5180,5179,1,1,49.48,normal,0,0,0
2026-01-01 11:09:00,130,low,client_3,server_1,router_1,2,client-router-server,9.81,1.48,11,54.26,34.45,34.67,40.26,8.95,9.81,0.01,3822,3821,1,0,34.76,normal,0,0,0
2026-01-01 11:10:00,131,low,client_1,server_1,router_1,2,client-router-server,11.34,2.75,12,22.38,11.97,14.18,23.04,4.9,11.34,0.01,4092,4091,1,1,9.41,normal,0,0,0
2026-01-01 11:11:00,132,low,client_3,server_1,router_1,2,client-router-server,8.39,2.55,7,69.02,42.36,36.86,55.9,3.41,8.39,0.01,5460,5459,1,1,34.26,normal,0,0,0
2026-01-01 11:12:00,133,low,client_1,server_1,router_1,2,client-router-server,12.19,1.45,12,45.96,22.25,12.88,34.08,5.4,12.19,0.01,2688,2687,1,0,10.55,normal,0,0,0
2026-01-01 11:13:00,134,low,client_3,server_1,router_1,2,client-router-server,11.2,2.48,15,72.75,29.94,19.88,30.51,7.75,11.2,0.01,5719,5718,1,1,36.76,normal,0,0,0
2026-01-01 11:14:00,135,low,client_2,server_1,router_1,2,client-router-server,10.8,1.88,8,42.63,15.33,10.89,18.96,8.76,10.8,0.01,4499,4498,1,1,7.58,normal,0,0,0
2026-01-01 11:15:00,136,low,client_3,server_1,router_1,2,client-router-server,10.98,2.19,15,48.59,20.5,14.55,23.75,5.47,10.98,0.01,2182,2181,1,1,55.31,normal,0,0,0
2026-01-01 11:16:00,137,low,client_2,server_1,router_1,2,client-router-server,8.77,1.66,13,59.75,29.44,16.35,34.32,5.13,8.77,0.01,4089,4088,1,0,53.05,normal,0,0,0
2026-01-01 11:17:00,138,low,client_3,server_1,router_1,2,client-router-server,8.54,2.39,16,70.36,54.61,38.89,74.37,4.2,8.54,0.45,4923,4901,22,7,43.26,normal,0,0,0
2026-01-01 11:18:00,139,low,client_2,server_1,router_1,2,client-router-server,9.4,1.92,8,61.41,33.54,25.2,34.6,6.26,9.4,0.01,4846,4845,1,1,55.29,normal,0,0,0
2026-01-01 11:19:00,140,low,client_2,server_1,router_1,2,client-router-server,8.23,2.72,5,62.19,30.55,35.26,41.66,4.81,8.23,0.01,3013,3012,1,1,35.29,normal,0,0,0
2026-01-01 11:20:00,141,low,client_2,server_1,router_1,2,client-router-server,11.12,2.57,9,77.25,41.39,34.05,54.6,4.64,11.12,0.01,5441,5440,1,0,33.82,normal,0,0,0
2026-01-01 11:21:00,142,low,client_1,server_1,router_1,2,client-router-server,9.56,2.15,18,70.12,46.72,30.93,58.0,3.42,9.56,0.01,4958,4957,1,1,5.87,normal,0,0,0
2026-01-01 11:22:00,143,low,client_2,server_1,router_1,2,client-router-server,10.18,2.27,5,21.25,8.66,7.37,19.17,4.68,10.18,0.01,5295,5294,1,0,18.25,normal,0,0,0
2026-01-01 11:23:00,144,low,client_2,server_1,router_1,2,client-router-server,7.9,1.93,18,46.58,40.31,33.11,39.61,7.41,7.9,0.01,1259,1258,1,0,27.29,normal,0,0,0
2026-01-01 11:24:00,145,low,client_2,server_1,router_1,2,client-router-server,7.91,2.37,5,67.76,54.66,52.01,54.94,12.13,7.91,0.52,2882,2868,14,3,54.57,normal,0,0,0
2026-01-01 11:25:00,146,low,client_3,server_1,router_1,2,client-router-server,10.92,1.82,12,40.33,15.22,13.4,25.78,3.34,10.92,0.01,2181,2180,1,1,56.09,normal,0,0,0
2026-01-01 11:26:00,147,low,client_3,server_1,router_1,2,client-router-server,10.89,1.73,8,62.5,29.63,22.78,41.75,8.35,10.89,0.01,3833,3832,1,0,10.37,normal,0,0,0
2026-01-01 11:27:00,148,low,client_1,server_1,router_1,2,client-router-server,10.48,2.22,10,65.39,42.9,31.25,52.45,8.5,10.48,0.01,4075,4074,1,1,15.22,normal,0,0,0
2026-01-01 11:28:00,149,low,client_2,server_1,router_1,2,client-router-server,8.73,2.02,6,77.91,29.4,20.21,33.62,7.35,8.73,0.01,1749,1748,1,0,56.86,normal,0,0,0
2026-01-01 11:29:00,150,low,client_2,server_1,router_1,2,client-router-server,9.74,1.94,6,29.94,16.04,12.6,19.23,3.89,9.74,0.01,4155,4154,1,0,21.05,normal,0,0,0
2026-01-01 11:30:00,151,low,client_1,server_1,router_1,2,client-router-server,12.39,2.08,16,87.59,37.38,23.13,39.54,3.39,12.39,0.01,4560,4559,1,1,28.16,normal,0,0,0
2026-01-01 11:31:00,152,low,client_1,server_1,router_1,2,client-router-server,10.63,2.54,10,38.88,19.66,12.52,21.84,4.65,10.63,0.01,3699,3698,1,1,23.41,normal,0,0,0
2026-01-01 11:32:00,153,low,client_3,server_1,router_1,2,client-router-server,12.24,1.79,14,30.21,9.39,6.76,21.45,8.13,12.24,0.01,5717,5716,1,0,22.92,normal,0,0,0
2026-01-01 11:33:00,154,low,client_2,server_1,router_1,2,client-router-server,10.46,2.51,10,28.54,14.14,13.82,23.86,8.35,10.46,0.01,3386,3385,1,0,50.04,normal,0,0,0
2026-01-01 11:34:00,155,low,client_2,server_1,router_1,2,client-router-server,8.71,2.51,15,57.45,37.17,37.19,52.84,4.47,8.71,0.01,5150,5149,1,1,34.9,normal,0,0,0
2026-01-01 11:35:00,156,low,client_2,server_1,router_1,2,client-router-server,10.69,2.0,16,87.16,27.23,28.27,39.08,5.09,10.69,0.01,4273,4272,1,1,58.11,normal,0,0,0
2026-01-01 11:36:00,157,low,client_1,server_1,router_1,2,client-router-server,10.09,1.81,6,39.41,20.79,18.77,28.56,5.12,10.09,0.01,3825,3824,1,0,31.55,normal,0,0,0
2026-01-01 11:37:00,158,low,client_1,server_1,router_1,2,client-router-server,9.24,2.4,6,82.35,38.97,40.88,47.98,4.45,9.24,0.01,1550,1549,1,1,7.46,normal,0,0,0
2026-01-01 11:38:00,159,low,client_1,server_1,router_1,2,client-router-server,11.5,2.32,18,45.73,26.72,27.21,35.78,5.93,11.5,0.01,4318,4317,1,0,15.25,normal,0,0,0
2026-01-01 11:39:00,160,low,client_2,server_1,router_1,2,client-router-server,9.75,1.68,5,75.3,36.44,18.33,33.72,5.22,9.75,0.01,5398,5397,1,0,25.12,normal,0,0,0
2026-01-01 11:40:00,161,low,client_1,server_1,router_1,2,client-router-server,12.33,1.84,9,70.3,24.25,18.72,30.11,2.8,12.33,0.01,3436,3435,1,0,41.97,normal,0,0,0
2026-01-01 11:41:00,162,low,client_1,server_1,router_1,2,client-router-server,8.21,1.6,9,28.77,15.96,14.64,25.73,4.75,8.21,0.01,2419,2418,1,0,31.93,normal,0,0,0
2026-01-01 11:42:00,163,low,client_2,server_1,router_1,2,client-router-server,9.3,1.52,18,53.83,17.59,10.48,29.17,8.63,9.3,0.01,4404,4403,1,1,31.88,normal,0,0,0
2026-01-01 11:43:00,164,low,client_1,server_1,router_1,2,client-router-server,8.87,2.55,17,77.08,44.76,27.65,47.76,9.15,8.87,0.01,1935,1934,1,1,47.63,normal,0,0,0
2026-01-01 11:44:00,165,low,client_2,server_1,router_1,2,client-router-server,11.09,2.54,13,81.7,38.2,45.57,37.13,9.3,11.09,0.01,4684,4683,1,1,24.17,normal,0,0,0
2026-01-01 11:45:00,166,low,client_2,server_1,router_1,2,client-router-server,8.68,2.2,18,94.55,68.0,61.99,66.29,9.92,8.68,0.81,2692,2671,21,6,49.3,normal,0,0,0
2026-01-01 11:46:00,167,low,client_3,server_1,router_1,2,client-router-server,12.4,2.61,9,64.76,21.78,19.62,37.16,6.21,12.4,0.01,4371,4370,1,0,59.59,normal,0,0,0
2026-01-01 11:47:00,168,low,client_1,server_1,router_1,2,client-router-server,11.06,2.63,16,84.96,48.5,50.1,62.38,7.08,11.06,0.01,4702,4701,1,0,39.85,normal,0,0,0
2026-01-01 11:48:00,169,low,client_1,server_1,router_1,2,client-router-server,12.18,2.51,11,58.67,21.56,25.12,28.59,2.45,12.18,0.01,4755,4754,1,1,51.76,normal,0,0,0
2026-01-01 11:49:00,170,low,client_2,server_1,router_1,2,client-router-server,9.97,2.5,8,92.61,39.86,27.84,46.78,4.75,9.97,0.01,1396,1395,1,0,10.48,normal,0,0,0
2026-01-01 11:50:00,171,low,client_2,server_1,router_1,2,client-router-server,9.71,1.75,5,29.32,9.07,10.62,17.04,6.07,9.71,0.01,3244,3243,1,0,41.0,normal,0,0,0
2026-01-01 11:51:00,172,low,client_2,server_1,router_1,2,client-router-server,9.48,2.02,15,87.79,39.1,38.69,39.79,8.02,9.48,0.01,2087,2086,1,0,33.57,normal,0,0,0
2026-01-01 11:52:00,173,low,client_1,server_1,router_1,2,client-router-server,11.8,2.54,16,45.77,22.4,18.69,26.29,3.16,11.8,0.01,3451,3450,1,0,26.05,normal,0,0,0
2026-01-01 11:53:00,174,low,client_1,server_1,router_1,2,client-router-server,10.15,1.54,15,94.47,28.24,26.97,35.39,7.69,10.15,0.01,4624,4623,1,0,9.77,normal,0,0,0
2026-01-01 11:54:00,175,low,client_1,server_1,router_1,2,client-router-server,9.65,2.25,14,74.75,47.75,32.16,57.08,5.41,9.65,0.01,1219,1218,1,1,16.3,normal,0,0,0
2026-01-01 11:55:00,176,low,client_1,server_1,router_1,2,client-router-server,11.42,1.58,16,49.38,26.7,17.82,31.46,4.24,11.42,0.01,1098,1097,1,1,56.37,normal,0,0,0
2026-01-01 11:56:00,177,low,client_3,server_1,router_1,2,client-router-server,11.31,2.1,11,47.41,28.58,29.7,27.71,2.49,11.31,0.01,4260,4259,1,1,39.57,normal,0,0,0
2026-01-01 11:57:00,178,low,client_2,server_1,router_1,2,client-router-server,10.18,2.01,11,72.64,38.99,27.07,39.47,5.83,10.18,0.01,4200,4199,1,0,22.06,normal,0,0,0
2026-01-01 11:58:00,179,low,client_1,server_1,router_1,2,client-router-server,8.08,1.89,5,38.34,25.86,13.93,35.19,6.4,8.08,0.01,1092,1091,1,0,32.3,normal,0,0,0
2026-01-01 11:59:00,180,low,client_3,server_1,router_1,2,client-router-server,9.36,2.77,17,81.69,52.36,58.19,69.45,5.7,9.36,0.14,5291,5284,7,1,19.46,normal,0,0,0
2026-01-01 12:00:00,181,low,client_3,server_1,router_1,2,client-router-server,7.78,2.61,6,57.21,47.34,29.2,39.99,9.9,7.78,0.01,5168,5167,1,0,7.42,normal,0,0,0
2026-01-01 12:01:00,182,low,client_1,server_1,router_1,2,client-router-server,8.25,1.51,5,55.38,45.14,49.66,55.46,10.31,8.25,0.01,4409,4408,1,1,19.92,normal,0,0,0
2026-01-01 12:02:00,183,low,client_2,server_1,router_1,2,client-router-server,8.4,1.41,6,57.65,42.67,50.65,65.7,3.53,8.4,0.01,3681,3680,1,0,35.42,normal,0,0,0
2026-01-01 12:03:00,184,low,client_1,server_1,router_1,2,client-router-server,10.61,1.97,9,62.29,28.51,26.06,36.46,7.31,10.61,0.01,3008,3007,1,0,5.35,normal,0,0,0
2026-01-01 12:04:00,185,low,client_1,server_1,router_1,2,client-router-server,11.89,1.48,13,45.98,26.31,13.18,35.27,8.62,11.89,0.01,2951,2950,1,1,32.06,normal,0,0,0
2026-01-01 12:05:00,186,low,client_1,server_1,router_1,2,client-router-server,8.66,1.49,16,40.99,30.21,23.84,45.79,6.17,8.66,0.01,4230,4229,1,0,37.55,normal,0,0,0
2026-01-01 12:06:00,187,low,client_3,server_1,router_1,2,client-router-server,9.08,1.63,7,37.76,25.8,25.56,38.71,4.16,9.08,0.01,5789,5788,1,0,13.55,normal,0,0,0
2026-01-01 12:07:00,188,low,client_2,server_1,router_1,2,client-router-server,12.32,2.6,10,50.49,15.7,11.24,21.44,2.3,12.32,0.01,5942,5941,1,0,16.83,normal,0,0,0
2026-01-01 12:08:00,189,low,client_1,server_1,router_1,2,client-router-server,9.48,1.54,6,73.34,24.72,17.53,37.58,4.12,9.48,0.01,5506,5505,1,0,10.21,normal,0,0,0
2026-01-01 12:09:00,190,low,client_1,server_1,router_1,2,client-router-server,12.41,1.68,6,20.9,5.93,6.38,15.19,5.76,12.11,0.01,1614,1613,1,0,59.84,normal,0,0,0
2026-01-01 12:10:00,191,low,client_3,server_1,router_1,2,client-router-server,11.74,2.0,12,80.7,42.86,25.11,60.44,4.59,11.74,0.01,5064,5063,1,0,26.05,normal,0,0,0
2026-01-01 12:11:00,192,low,client_2,server_1,router_1,2,client-router-server,9.73,1.99,8,88.12,32.55,30.27,43.13,7.16,9.73,0.01,1718,1717,1,1,26.07,normal,0,0,0
2026-01-01 12:12:00,193,low,client_3,server_1,router_1,2,client-router-server,11.51,1.65,17,59.44,31.91,38.06,47.84,5.19,11.51,0.01,5115,5114,1,1,26.36,normal,0,0,0
2026-01-01 12:13:00,194,low,client_2,server_1,router_1,2,client-router-server,11.39,2.51,14,36.43,10.34,12.35,20.44,7.19,11.39,0.01,2975,2974,1,1,34.35,normal,0,0,0
2026-01-01 12:14:00,195,low,client_3,server_1,router_1,2,client-router-server,10.38,1.89,5,77.3,51.61,39.84,72.4,9.51,10.38,0.08,3939,3936,3,0,43.69,normal,0,0,0
2026-01-01 12:15:00,196,low,client_3,server_1,router_1,2,client-router-server,11.68,2.69,14,30.66,16.38,19.32,26.63,2.59,11.68,0.01,1163,1162,1,1,5.04,normal,0,0,0
2026-01-01 12:16:00,197,low,client_1,server_1,router_1,2,client-router-server,12.09,2.72,17,29.79,15.71,11.41,18.81,6.29,12.09,0.01,3989,3988,1,0,25.55,normal,0,0,0
2026-01-01 12:17:00,198,low,client_2,server_1,router_1,2,client-router-server,8.18,2.54,14,27.58,12.24,14.25,24.53,8.45,8.18,0.01,3923,3922,1,0,41.6,normal,0,0,0
2026-01-01 12:18:00,199,low,client_2,server_1,router_1,2,client-router-server,8.39,1.55,9,75.05,26.9,26.67,36.88,8.74,8.39,0.01,3606,3605,1,0,40.18,normal,0,0,0
2026-01-01 12:19:00,200,low,client_2,server_1,router_1,2,client-router-server,9.23,2.37,7,44.84,20.78,19.64,36.25,8.0,9.23,0.01,1093,1092,1,1,16.53,normal,0,0,0
2026-01-01 12:20:00,201,low,client_2,server_1,router_1,2,client-router-server,7.74,1.5,9,79.03,48.53,38.52,42.77,7.44,7.74,0.01,4927,4926,1,0,13.95,normal,0,0,0
2026-01-01 12:21:00,202,low,client_1,server_1,router_1,2,client-router-server,8.02,2.32,9,21.51,11.71,13.13,18.63,2.42,8.02,0.01,4954,4953,1,0,28.72,normal,0,0,0
2026-01-01 12:22:00,203,low,client_3,server_1,router_1,2,client-router-server,8.53,2.58,11,31.78,14.01,13.84,25.45,6.61,8.53,0.01,1406,1405,1,1,36.45,normal,0,0,0
2026-01-01 12:23:00,204,low,client_1,server_1,router_1,2,client-router-server,8.97,2.06,5,47.06,29.63,27.26,31.45,2.08,8.97,0.01,1946,1945,1,1,48.17,normal,0,0,0
2026-01-01 12:24:00,205,low,client_3,server_1,router_1,2,client-router-server,8.42,2.33,9,26.84,20.85,15.82,28.01,3.84,8.42,0.01,1504,1503,1,0,46.37,normal,0,0,0
2026-01-01 12:25:00,206,low,client_1,server_1,router_1,2,client-router-server,12.35,1.51,15,45.78,19.86,17.63,33.16,7.62,12.35,0.01,4889,4888,1,0,31.19,normal,0,0,0
2026-01-01 12:26:00,207,low,client_3,server_1,router_1,2,client-router-server,11.5,1.51,5,57.66,28.63,26.75,29.21,7.17,11.5,0.01,2578,2577,1,0,7.35,normal,0,0,0
2026-01-01 12:27:00,208,low,client_3,server_1,router_1,2,client-router-server,8.24,1.42,11,35.14,22.94,16.6,34.17,7.23,8.24,0.01,3262,3261,1,1,55.44,normal,0,0,0
2026-01-01 12:28:00,209,low,client_3,server_1,router_1,2,client-router-server,8.06,1.77,14,64.07,28.61,25.65,38.24,8.5,8.06,0.01,3343,3342,1,1,53.28,normal,0,0,0
2026-01-01 12:29:00,210,low,client_3,server_1,router_1,2,client-router-server,8.36,2.66,12,62.9,34.7,32.37,46.89,5.33,8.36,0.01,1403,1402,1,1,55.65,normal,0,0,0
2026-01-01 12:30:00,211,low,client_1,server_1,router_1,2,client-router-server,8.9,2.25,10,81.3,45.37,44.8,40.23,8.36,8.9,0.01,3628,3627,1,1,45.08,normal,0,0,0
2026-01-01 12:31:00,212,low,client_1,server_1,router_1,2,client-router-server,9.54,2.13,8,53.13,27.5,23.69,32.94,3.25,9.54,0.01,4304,4303,1,0,47.93,normal,0,0,0
2026-01-01 12:32:00,213,low,client_3,server_1,router_1,2,client-router-server,8.5,1.74,5,33.03,12.55,6.57,16.78,3.92,8.5,0.01,4251,4250,1,0,42.46,normal,0,0,0
2026-01-01 12:33:00,214,low,client_2,server_1,router_1,2,client-router-server,9.87,2.49,14,53.46,28.19,20.89,41.98,4.78,9.87,0.01,1406,1405,1,0,51.96,normal,0,0,0
2026-01-01 12:34:00,215,low,client_1,server_1,router_1,2,client-router-server,8.53,2.25,18,36.6,24.06,20.67,38.32,9.24,8.53,0.01,2418,2417,1,0,17.31,normal,0,0,0
2026-01-01 12:35:00,216,low,client_2,server_1,router_1,2,client-router-server,9.62,2.33,16,92.53,43.34,32.25,41.43,6.89,9.62,0.01,1838,1837,1,0,33.13,normal,0,0,0
2026-01-01 12:36:00,217,low,client_2,server_1,router_1,2,client-router-server,8.99,2.47,13,68.55,26.17,14.25,41.42,7.36,8.99,0.01,3447,3446,1,0,13.25,normal,0,0,0
2026-01-01 12:37:00,218,low,client_1,server_1,router_1,2,client-router-server,9.52,2.4,17,84.3,37.88,22.65,30.36,5.91,9.52,0.01,1289,1288,1,0,23.87,normal,0,0,0
2026-01-01 12:38:00,219,low,client_3,server_1,router_1,2,client-router-server,12.2,2.66,13,67.87,24.67,17.52,26.31,6.92,12.2,0.01,3118,3117,1,0,57.08,normal,0,0,0
2026-01-01 12:39:00,220,low,client_3,server_1,router_1,2,client-router-server,11.86,1.67,6,36.67,14.48,16.23,22.81,5.79,11.86,0.01,5780,5779,1,0,30.97,normal,0,0,0
2026-01-01 12:40:00,221,low,client_1,server_1,router_1,2,client-router-server,9.57,1.65,18,71.05,48.13,29.14,68.51,7.21,9.57,0.01,2173,2172,1,1,52.43,normal,0,0,0
2026-01-01 12:41:00,222,low,client_1,server_1,router_1,2,client-router-server,9.07,2.29,12,44.95,16.02,13.08,21.37,7.29,9.07,0.01,1721,1720,1,0,38.8,normal,0,0,0
2026-01-01 12:42:00,223,low,client_2,server_1,router_1,2,client-router-server,7.69,1.88,11,92.4,45.63,34.73,35.65,6.45,7.69,0.01,3038,3037,1,0,43.14,normal,0,0,0
2026-01-01 12:43:00,224,low,client_1,server_1,router_1,2,client-router-server,8.34,2.09,6,48.77,36.81,26.09,37.44,8.15,8.34,0.01,2096,2095,1,1,59.79,normal,0,0,0
2026-01-01 12:44:00,225,low,client_1,server_1,router_1,2,client-router-server,9.52,1.76,7,91.11,37.46,37.8,35.98,8.21,9.52,0.01,1306,1305,1,1,53.21,normal,0,0,0
2026-01-01 12:45:00,226,low,client_3,server_1,router_1,2,client-router-server,10.81,2.28,14,23.64,12.28,6.31,22.1,4.44,10.81,0.01,2254,2253,1,0,43.24,normal,0,0,0
2026-01-01 12:46:00,227,low,client_2,server_1,router_1,2,client-router-server,8.85,1.68,11,69.62,42.66,25.43,56.95,4.43,8.85,0.01,1870,1869,1,1,15.93,normal,0,0,0
2026-01-01 12:47:00,228,low,client_2,server_1,router_1,2,client-router-server,11.02,2.34,18,59.24,22.48,11.86,29.17,4.16,11.02,0.01,1729,1728,1,0,50.94,normal,0,0,0
2026-01-01 12:48:00,229,low,client_1,server_1,router_1,2,client-router-server,11.12,2.35,6,78.46,46.7,44.41,52.49,9.52,11.12,0.01,1323,1322,1,1,24.81,normal,0,0,0
2026-01-01 12:49:00,230,low,client_2,server_1,router_1,2,client-router-server,11.95,1.66,16,28.69,7.3,4.36,17.1,3.84,11.95,0.01,1761,1760,1,1,49.82,normal,0,0,0
2026-01-01 12:50:00,231,low,client_2,server_1,router_1,2,client-router-server,9.43,2.23,11,92.17,62.58,66.33,76.72,8.25,9.43,1.17,2305,2279,26,3,27.88,normal,0,0,0
2026-01-01 12:51:00,232,low,client_3,server_1,router_1,2,client-router-server,11.4,1.77,15,52.86,25.25,27.87,41.23,7.95,11.4,0.01,4369,4368,1,1,7.53,normal,0,0,0
2026-01-01 12:52:00,233,low,client_2,server_1,router_1,2,client-router-server,11.34,1.75,5,72.84,34.09,30.53,53.08,7.06,11.34,0.01,1780,1779,1,1,41.39,normal,0,0,0
2026-01-01 12:53:00,234,low,client_2,server_1,router_1,2,client-router-server,11.7,1.85,15,70.72,31.63,37.69,31.4,6.43,11.7,0.01,2354,2353,1,0,46.33,normal,0,0,0
2026-01-01 12:54:00,235,low,client_2,server_1,router_1,2,client-router-server,10.72,1.42,9,23.78,10.23,6.8,18.74,7.09,10.72,0.01,1972,1971,1,1,45.99,normal,0,0,0
2026-01-01 12:55:00,236,low,client_2,server_1,router_1,2,client-router-server,11.63,2.54,11,22.69,12.03,14.13,23.01,7.88,11.63,0.01,3792,3791,1,1,50.39,normal,0,0,0
2026-01-01 12:56:00,237,low,client_2,server_1,router_1,2,client-router-server,9.87,1.46,10,62.01,35.36,35.4,34.05,7.49,9.87,0.01,3391,3390,1,1,43.62,normal,0,0,0
2026-01-01 12:57:00,238,low,client_1,server_1,router_1,2,client-router-server,11.11,1.47,12,30.53,9.42,8.74,16.75,7.92,11.11,0.01,3768,3767,1,0,46.64,normal,0,0,0
2026-01-01 12:58:00,239,low,client_3,server_1,router_1,2,client-router-server,11.96,2.49,18,70.41,28.43,25.94,36.59,8.32,11.96,0.01,4545,4544,1,1,55.84,normal,0,0,0
2026-01-01 12:59:00,240,low,client_1,server_1,router_1,2,client-router-server,8.14,1.88,16,63.39,35.43,32.61,52.59,6.06,8.14,0.01,3033,3032,1,1,26.88,normal,0,0,0
2026-01-01 13:00:00,241,low,client_2,server_1,router_1,2,client-router-server,10.51,2.4,12,80.36,50.05,42.97,68.15,6.78,10.51,0.01,2780,2779,1,0,16.53,normal,0,0,0
2026-01-01 13:01:00,242,low,client_3,server_1,router_1,2,client-router-server,11.05,2.65,10,89.09,55.64,34.75,60.33,8.94,11.05,0.56,5774,5742,32,26,42.08,normal,0,0,0
2026-01-01 13:02:00,243,low,client_3,server_1,router_1,2,client-router-server,7.56,2.37,9,85.81,38.89,29.81,32.96,2.8,7.56,0.01,3052,3051,1,0,51.17,normal,0,0,0
2026-01-01 13:03:00,244,low,client_2,server_1,router_1,2,client-router-server,11.57,1.94,8,76.52,22.55,24.98,35.69,8.51,11.57,0.01,3356,3355,1,0,55.96,normal,0,0,0
2026-01-01 13:04:00,245,low,client_3,server_1,router_1,2,client-router-server,11.22,2.75,10,92.44,31.41,34.81,48.44,5.15,11.22,0.01,4012,4011,1,0,47.69,normal,0,0,0
2026-01-01 13:05:00,246,low,client_2,server_1,router_1,2,client-router-server,8.43,2.39,12,33.31,14.6,12.55,22.2,4.78,8.43,0.01,3089,3088,1,0,23.18,normal,0,0,0
2026-01-01 13:06:00,247,low,client_1,server_1,router_1,2,client-router-server,7.75,2.13,5,31.53,27.38,25.49,38.74,5.92,7.75,0.01,3603,3602,1,0,57.63,normal,0,0,0
2026-01-01 13:07:00,248,low,client_3,server_1,router_1,2,client-router-server,7.96,1.88,7,51.19,24.98,16.22,29.04,4.35,7.96,0.01,5598,5597,1,0,11.31,normal,0,0,0
2026-01-01 13:08:00,249,low,client_1,server_1,router_1,2,client-router-server,12.29,2.11,15,66.03,30.79,22.31,46.52,8.94,12.29,0.01,5234,5233,1,1,33.29,normal,0,0,0
2026-01-01 13:09:00,250,low,client_2,server_1,router_1,2,client-router-server,9.1,1.69,5,42.23,15.45,8.76,28.44,7.22,9.1,0.01,2746,2745,1,1,50.96,normal,0,0,0
2026-01-01 13:10:00,251,low,client_3,server_1,router_1,2,client-router-server,12.2,1.72,16,78.14,38.35,23.3,42.33,4.29,12.2,0.01,5571,5570,1,0,36.62,normal,0,0,0
2026-01-01 13:11:00,252,low,client_2,server_1,router_1,2,client-router-server,9.67,1.55,11,49.1,15.58,15.13,25.09,6.38,9.67,0.01,1594,1593,1,1,56.04,normal,0,0,0
2026-01-01 13:12:00,253,low,client_3,server_1,router_1,2,client-router-server,12.13,1.6,9,65.49,24.43,26.27,25.55,2.91,12.13,0.01,5470,5469,1,1,57.81,normal,0,0,0
2026-01-01 13:13:00,254,low,client_3,server_1,router_1,2,client-router-server,12.29,2.44,17,85.04,21.07,23.44,25.2,2.44,12.29,0.01,1697,1696,1,1,16.55,normal,0,0,0
2026-01-01 13:14:00,255,low,client_3,server_1,router_1,2,client-router-server,11.76,1.5,10,35.88,10.89,6.85,20.43,3.06,11.76,0.01,1445,1444,1,1,40.46,normal,0,0,0
2026-01-01 13:15:00,256,low,client_3,server_1,router_1,2,client-router-server,10.4,2.32,6,38.8,25.39,19.04,35.89,3.58,10.4,0.01,4980,4979,1,1,23.06,normal,0,0,0
2026-01-01 13:16:00,257,low,client_3,server_1,router_1,2,client-router-server,11.54,1.86,14,31.43,18.61,11.5,23.82,7.67,11.54,0.01,3944,3943,1,0,42.38,normal,0,0,0
2026-01-01 13:17:00,258,low,client_2,server_1,router_1,2,client-router-server,9.93,2.59,12,53.4,18.47,17.58,21.96,4.25,9.93,0.01,1626,1625,1,0,54.07,normal,0,0,0
2026-01-01 13:18:00,259,low,client_3,server_1,router_1,2,client-router-server,11.35,2.23,5,80.95,27.47,14.44,28.89,8.7,11.35,0.01,4215,4214,1,0,54.03,normal,0,0,0
2026-01-01 13:19:00,260,low,client_2,server_1,router_1,2,client-router-server,9.48,2.73,7,54.85,28.98,27.93,44.38,8.29,9.48,0.01,4655,4654,1,0,14.85,normal,0,0,0
2026-01-01 13:20:00,261,low,client_3,server_1,router_1,2,client-router-server,9.92,2.04,18,92.58,41.39,27.03,46.09,3.19,9.92,0.01,3959,3958,1,1,30.83,normal,0,0,0
2026-01-01 13:21:00,262,low,client_1,server_1,router_1,2,client-router-server,11.02,1.93,5,93.54,43.17,46.66,61.83,5.12,11.02,0.01,3992,3991,1,0,33.42,normal,0,0,0
2026-01-01 13:22:00,263,low,client_1,server_1,router_1,2,client-router-server,9.23,1.62,13,50.44,33.72,37.8,31.2,8.74,9.23,0.01,3300,3299,1,0,13.26,normal,0,0,0
2026-01-01 13:23:00,264,low,client_3,server_1,router_1,2,client-router-server,9.57,2.23,16,81.27,36.69,21.26,46.27,6.39,9.57,0.01,2996,2995,1,0,12.03,normal,0,0,0
2026-01-01 13:24:00,265,low,client_1,server_1,router_1,2,client-router-server,8.23,2.25,15,58.45,26.03,29.82,35.79,5.87,8.23,0.01,3322,3321,1,0,16.91,normal,0,0,0
2026-01-01 13:25:00,266,low,client_2,server_1,router_1,2,client-router-server,9.55,1.94,18,56.13,20.99,19.06,33.48,6.43,9.55,0.01,4714,4713,1,0,17.64,normal,0,0,0
2026-01-01 13:26:00,267,low,client_1,server_1,router_1,2,client-router-server,10.02,2.32,5,35.18,16.43,9.94,19.67,5.27,10.02,0.01,5123,5122,1,0,10.13,normal,0,0,0
2026-01-01 13:27:00,268,low,client_3,server_1,router_1,2,client-router-server,11.37,2.44,13,82.06,40.39,34.95,43.62,3.4,11.37,0.01,4123,4122,1,1,37.4,normal,0,0,0
2026-01-01 13:28:00,269,low,client_3,server_1,router_1,2,client-router-server,9.89,1.93,14,27.33,10.86,11.96,18.89,7.62,9.89,0.01,1058,1057,1,0,33.59,normal,0,0,0
2026-01-01 13:29:00,270,low,client_1,server_1,router_1,2,client-router-server,8.03,2.5,16,80.32,47.05,42.8,45.99,7.29,8.03,0.01,4255,4254,1,0,27.73,normal,0,0,0
2026-01-01 13:30:00,271,low,client_2,server_1,router_1,2,client-router-server,8.77,2.11,7,47.77,23.02,17.06,33.99,7.79,8.77,0.01,4658,4657,1,0,10.52,normal,0,0,0
2026-01-01 13:31:00,272,low,client_2,server_1,router_1,2,client-router-server,11.03,1.51,17,61.29,20.24,23.79,22.93,2.22,11.03,0.01,1524,1523,1,1,17.2,normal,0,0,0
2026-01-01 13:32:00,273,low,client_1,server_1,router_1,2,client-router-server,10.57,2.5,16,48.82,23.48,23.44,33.9,9.25,10.57,0.01,2652,2651,1,1,15.71,normal,0,0,0
2026-01-01 13:33:00,274,low,client_3,server_1,router_1,2,client-router-server,10.87,2.43,13,72.38,29.56,28.33,47.68,2.69,10.87,0.01,4321,4320,1,0,33.48,normal,0,0,0
2026-01-01 13:34:00,275,low,client_1,server_1,router_1,2,client-router-server,10.3,2.11,6,61.22,31.69,23.55,45.48,5.05,10.3,0.01,1038,1037,1,1,14.63,normal,0,0,0
2026-01-01 13:35:00,276,low,client_3,server_1,router_1,2,client-router-server,8.09,2.75,6,57.74,36.07,24.54,42.92,7.82,8.09,0.01,4961,4960,1,0,46.66,normal,0,0,0
2026-01-01 13:36:00,277,low,client_2,server_1,router_1,2,client-router-server,7.64,1.77,15,54.55,24.74,13.54,33.58,9.46,7.64,0.01,3892,3891,1,0,43.55,normal,0,0,0
2026-01-01 13:37:00,278,low,client_2,server_1,router_1,2,client-router-server,9.21,1.73,6,49.92,28.28,17.67,31.06,4.07,9.21,0.01,2557,2556,1,1,45.54,normal,0,0,0
2026-01-01 13:38:00,279,low,client_1,server_1,router_1,2,client-router-server,11.67,1.92,18,39.91,21.7,16.26,33.76,2.38,11.67,0.01,1054,1053,1,0,51.64,normal,0,0,0
2026-01-01 13:39:00,280,low,client_2,server_1,router_1,2,client-router-server,10.37,2.16,12,87.36,34.53,21.69,46.62,6.09,10.37,0.01,5306,5305,1,1,31.31,normal,0,0,0
2026-01-01 13:40:00,281,low,client_3,server_1,router_1,2,client-router-server,8.37,1.76,10,49.53,40.87,40.41,47.59,6.67,8.37,0.01,3665,3664,1,1,38.7,normal,0,0,0
2026-01-01 13:41:00,282,low,client_3,server_1,router_1,2,client-router-server,10.57,2.36,9,37.79,15.96,13.55,21.45,6.58,10.57,0.01,2473,2472,1,0,58.86,normal,0,0,0
2026-01-01 13:42:00,283,low,client_1,server_1,router_1,2,client-router-server,9.66,1.82,16,40.25,18.85,11.35,32.47,3.34,9.66,0.01,5235,5234,1,1,48.19,normal,0,0,0
2026-01-01 13:43:00,284,low,client_3,server_1,router_1,2,client-router-server,10.95,1.98,18,62.59,18.52,19.81,27.55,6.28,10.95,0.01,5590,5589,1,1,23.93,normal,0,0,0
2026-01-01 13:44:00,285,low,client_2,server_1,router_1,2,client-router-server,10.38,1.8,18,70.97,38.28,33.57,58.27,4.5,10.38,0.01,4661,4660,1,0,25.96,normal,0,0,0
2026-01-01 13:45:00,286,low,client_3,server_1,router_1,2,client-router-server,12.14,1.95,7,85.12,32.86,30.51,38.56,8.16,12.14,0.01,3386,3385,1,1,38.3,normal,0,0,0
2026-01-01 13:46:00,287,low,client_2,server_1,router_1,2,client-router-server,10.43,1.54,17,84.71,55.73,44.02,48.27,4.71,10.43,0.51,1655,1647,8,3,14.18,normal,0,0,0
2026-01-01 13:47:00,288,low,client_1,server_1,router_1,2,client-router-server,9.49,1.58,12,61.13,39.04,21.8,37.15,4.4,9.49,0.01,3026,3025,1,1,29.37,normal,0,0,0
2026-01-01 13:48:00,289,low,client_3,server_1,router_1,2,client-router-server,9.28,2.04,18,32.8,23.54,26.01,32.32,8.89,9.28,0.01,5417,5416,1,0,37.5,normal,0,0,0
2026-01-01 13:49:00,290,low,client_3,server_1,router_1,2,client-router-server,10.7,2.13,15,85.8,41.18,46.79,49.71,3.63,10.7,0.01,2275,2274,1,1,5.58,normal,0,0,0
2026-01-01 13:50:00,291,low,client_1,server_1,router_1,2,client-router-server,10.94,2.64,10,41.51,18.85,19.39,25.37,7.64,10.94,0.01,5490,5489,1,1,15.37,normal,0,0,0
2026-01-01 13:51:00,292,low,client_2,server_1,router_1,2,client-router-server,10.73,2.14,11,38.74,22.8,14.92,23.37,6.54,10.73,0.01,3227,3226,1,1,40.67,normal,0,0,0
2026-01-01 13:52:00,293,low,client_2,server_1,router_1,2,client-router-server,8.18,1.54,11,34.1,14.35,11.75,22.64,6.61,8.18,0.01,5382,5381,1,0,15.23,normal,0,0,0
2026-01-01 13:53:00,294,low,client_2,server_1,router_1,2,client-router-server,8.66,2.45,7,73.64,30.64,25.91,34.77,5.26,8.66,0.01,1259,1258,1,1,9.41,normal,0,0,0
2026-01-01 13:54:00,295,low,client_1,server_1,router_1,2,client-router-server,10.22,2.79,5,39.99,14.58,16.43,21.67,3.97,10.22,0.01,4152,4151,1,1,18.59,normal,0,0,0
2026-01-01 13:55:00,296,low,client_1,server_1,router_1,2,client-router-server,10.83,2.29,12,75.15,26.6,20.55,42.65,8.34,10.83,0.01,5502,5501,1,0,18.93,normal,0,0,0
2026-01-01 13:56:00,297,low,client_1,server_1,router_1,2,client-router-server,8.59,2.37,10,86.56,34.78,32.8,38.37,3.44,8.59,0.01,1073,1072,1,0,36.96,normal,0,0,0
2026-01-01 13:57:00,298,low,client_3,server_1,router_1,2,client-router-server,8.74,1.73,14,31.62,18.09,17.73,25.07,8.97,8.74,0.01,2260,2259,1,0,11.92,normal,0,0,0
2026-01-01 13:58:00,299,low,client_3,server_1,router_1,2,client-router-server,11.96,2.09,17,68.35,33.91,17.46,36.02,7.26,11.96,0.01,5579,5578,1,1,34.85,normal,0,0,0
2026-01-01 13:59:00,300,low,client_3,server_1,router_1,2,client-router-server,9.84,2.49,7,60.77,39.96,36.73,57.4,4.2,9.84,0.01,5436,5435,1,1,29.97,normal,0,0,0
2026-01-01 14:00:00,301,low,client_3,server_1,router_1,2,client-router-server,10.6,1.85,11,75.02,31.54,29.46,35.59,3.9,10.6,0.01,5075,5074,1,0,38.72,normal,0,0,0
2026-01-01 14:01:00,302,low,client_3,server_1,router_1,2,client-router-server,7.83,2.38,10,28.28,22.9,13.53,35.87,3.54,7.83,0.01,4183,4182,1,1,33.92,normal,0,0,0
2026-01-01 14:02:00,303,low,client_2,server_1,router_1,2,client-router-server,7.85,2.51,5,47.48,40.65,26.26,45.49,8.24,7.85,0.01,5571,5570,1,1,50.21,normal,0,0,0
2026-01-01 14:03:00,304,low,client_1,server_1,router_1,2,client-router-server,11.17,2.73,18,66.27,37.6,20.85,34.89,5.62,11.17,0.01,2582,2581,1,0,36.35,normal,0,0,0
2026-01-01 14:04:00,305,low,client_3,server_1,router_1,2,client-router-server,11.33,2.15,16,61.86,28.97,28.16,41.47,4.75,11.33,0.01,5134,5133,1,1,41.16,normal,0,0,0
2026-01-01 14:05:00,306,low,client_3,server_1,router_1,2,client-router-server,10.25,2.17,12,90.01,61.36,66.97,65.65,9.7,10.25,0.67,5469,5433,36,13,25.63,normal,0,0,0
2026-01-01 14:06:00,307,low,client_3,server_1,router_1,2,client-router-server,12.3,1.43,9,47.0,11.47,6.01,18.07,1.44,12.3,0.01,2817,2816,1,0,52.06,normal,0,0,0
2026-01-01 14:07:00,308,low,client_3,server_1,router_1,2,client-router-server,10.28,1.53,18,40.7,26.54,16.14,24.55,4.24,10.28,0.01,2908,2907,1,1,49.61,normal,0,0,0
2026-01-01 14:08:00,309,low,client_2,server_1,router_1,2,client-router-server,11.12,2.21,14,88.84,49.31,30.62,64.35,8.52,11.12,0.01,3460,3459,1,0,45.19,normal,0,0,0
2026-01-01 14:09:00,310,low,client_1,server_1,router_1,2,client-router-server,9.24,2.13,17,24.19,16.41,12.99,29.13,7.64,9.24,0.01,1093,1092,1,1,7.98,normal,0,0,0
2026-01-01 14:10:00,311,low,client_2,server_1,router_1,2,client-router-server,10.99,1.61,13,62.37,20.5,19.92,36.5,9.13,10.99,0.01,4538,4537,1,1,48.25,normal,0,0,0
2026-01-01 14:11:00,312,low,client_2,server_1,router_1,2,client-router-server,10.24,2.8,6,55.69,22.03,17.16,28.94,7.33,10.24,0.01,4238,4237,1,0,35.86,normal,0,0,0
2026-01-01 14:12:00,313,low,client_3,server_1,router_1,2,client-router-server,9.65,1.89,8,38.17,22.7,20.5,24.97,4.85,9.65,0.01,1198,1197,1,1,14.31,normal,0,0,0
2026-01-01 14:13:00,314,low,client_2,server_1,router_1,2,client-router-server,11.59,2.37,14,30.94,10.14,7.72,20.98,7.24,11.59,0.01,2209,2208,1,1,5.76,normal,0,0,0
2026-01-01 14:14:00,315,low,client_1,server_1,router_1,2,client-router-server,8.55,2.33,9,53.75,32.39,20.82,38.98,4.4,8.55,0.01,1150,1149,1,1,37.07,normal,0,0,0
2026-01-01 14:15:00,316,low,client_1,server_1,router_1,2,client-router-server,11.45,2.61,9,32.77,15.66,8.41,25.12,1.74,11.45,0.01,3950,3949,1,0,6.05,normal,0,0,0
2026-01-01 14:16:00,317,low,client_3,server_1,router_1,2,client-router-server,12.38,2.14,11,37.34,10.25,7.39,21.8,5.04,12.38,0.01,1176,1175,1,0,18.61,normal,0,0,0
2026-01-01 14:17:00,318,low,client_2,server_1,router_1,2,client-router-server,9.23,2.73,12,49.5,23.64,22.17,27.8,9.03,9.23,0.01,4171,4170,1,0,56.93,normal,0,0,0
2026-01-01 14:18:00,319,low,client_1,server_1,router_1,2,client-router-server,8.19,1.86,7,45.63,32.98,28.51,44.55,9.13,8.19,0.01,4493,4492,1,1,55.04,normal,0,0,0
2026-01-01 14:19:00,320,low,client_3,server_1,router_1,2,client-router-server,10.21,2.18,7,35.51,21.56,23.8,28.05,7.04,10.21,0.01,2189,2188,1,0,22.46,normal,0,0,0
2026-01-01 14:20:00,321,low,client_3,server_1,router_1,2,client-router-server,8.23,1.55,6,33.81,12.81,9.26,25.7,8.22,8.23,0.01,3242,3241,1,0,47.85,normal,0,0,0
2026-01-01 14:21:00,322,low,client_1,server_1,router_1,2,client-router-server,8.83,1.92,5,77.18,46.05,30.47,42.0,7.73,8.83,0.01,5115,5114,1,1,44.16,normal,0,0,0
2026-01-01 14:22:00,323,low,client_2,server_1,router_1,2,client-router-server,8.63,2.74,12,55.54,29.83,35.14,48.28,8.65,8.63,0.01,2675,2674,1,0,14.74,normal,0,0,0
2026-01-01 14:23:00,324,low,client_2,server_1,router_1,2,client-router-server,11.83,2.03,18,66.28,36.7,29.33,50.49,7.8,11.83,0.01,5685,5684,1,0,33.64,normal,0,0,0
2026-01-01 14:24:00,325,low,client_1,server_1,router_1,2,client-router-server,11.18,1.81,8,58.9,27.56,23.74,37.94,2.38,11.18,0.01,3342,3341,1,1,14.16,normal,0,0,0
2026-01-01 14:25:00,326,low,client_1,server_1,router_1,2,client-router-server,11.65,1.65,16,58.77,24.25,24.39,26.5,8.3,11.65,0.01,4387,4386,1,1,29.8,normal,0,0,0
2026-01-01 14:26:00,327,low,client_3,server_1,router_1,2,client-router-server,7.95,1.94,16,87.18,47.11,44.94,61.29,5.16,7.95,0.01,3973,3972,1,0,33.81,normal,0,0,0
2026-01-01 14:27:00,328,low,client_3,server_1,router_1,2,client-router-server,9.4,2.42,14,91.23,58.94,67.11,70.33,7.33,9.4,0.97,1420,1407,13,6,21.94,normal,0,0,0
2026-01-01 14:28:00,329,low,client_2,server_1,router_1,2,client-router-server,8.16,2.32,9,66.98,31.29,29.28,33.92,6.44,8.16,0.01,5042,5041,1,0,16.93,normal,0,0,0
2026-01-01 14:29:00,330,low,client_2,server_1,router_1,2,client-router-server,7.53,1.45,11,53.14,46.07,32.0,55.1,8.24,7.53,0.01,3859,3858,1,0,13.0,normal,0,0,0
2026-01-01 14:30:00,331,low,client_3,server_1,router_1,2,client-router-server,7.94,2.45,18,65.25,28.23,33.75,31.23,4.67,7.94,0.01,5605,5604,1,0,58.15,normal,0,0,0
2026-01-01 14:31:00,332,low,client_2,server_1,router_1,2,client-router-server,9.34,2.13,5,26.98,13.04,7.14,20.54,5.34,9.34,0.01,3248,3247,1,1,33.99,normal,0,0,0
2026-01-01 14:32:00,333,low,client_3,server_1,router_1,2,client-router-server,11.15,2.21,8,65.9,32.6,38.83,41.84,8.3,11.15,0.01,5987,5986,1,1,19.28,normal,0,0,0
2026-01-01 14:33:00,334,low,client_3,server_1,router_1,2,client-router-server,9.98,2.52,10,89.53,53.08,45.03,70.26,8.99,9.98,0.17,1968,1965,3,0,30.57,normal,0,0,0
2026-01-01 14:34:00,335,low,client_3,server_1,router_1,2,client-router-server,9.57,2.17,18,35.55,11.82,8.8,23.16,3.18,9.57,0.01,1555,1554,1,1,21.52,normal,0,0,0
2026-01-01 14:35:00,336,low,client_1,server_1,router_1,2,client-router-server,11.12,2.28,6,71.44,35.1,18.27,32.01,4.73,11.12,0.01,1291,1290,1,0,31.48,normal,0,0,0
2026-01-01 14:36:00,337,low,client_3,server_1,router_1,2,client-router-server,12.14,1.61,10,54.69,14.52,12.56,24.06,6.52,12.14,0.01,3717,3716,1,1,8.64,normal,0,0,0
2026-01-01 14:37:00,338,low,client_1,server_1,router_1,2,client-router-server,11.71,2.1,10,93.77,42.31,32.69,51.09,9.81,11.71,0.01,1259,1258,1,1,27.76,normal,0,0,0
2026-01-01 14:38:00,339,low,client_1,server_1,router_1,2,client-router-server,8.58,2.69,10,53.89,26.44,15.3,38.16,8.42,8.58,0.01,4953,4952,1,0,15.46,normal,0,0,0
2026-01-01 14:39:00,340,low,client_3,server_1,router_1,2,client-router-server,8.22,2.71,18,59.27,46.78,50.31,69.49,7.05,8.22,0.01,5279,5278,1,0,5.23,normal,0,0,0
2026-01-01 14:40:00,341,low,client_3,server_1,router_1,2,client-router-server,9.83,1.79,18,64.57,20.92,18.08,31.63,4.33,9.83,0.01,3628,3627,1,0,15.59,normal,0,0,0
2026-01-01 14:41:00,342,low,client_2,server_1,router_1,2,client-router-server,8.25,1.64,17,53.08,26.34,13.45,34.71,5.45,8.25,0.01,2159,2158,1,1,36.57,normal,0,0,0
2026-01-01 14:42:00,343,low,client_2,server_1,router_1,2,client-router-server,7.75,1.84,14,86.92,34.95,39.57,33.13,4.56,7.75,0.01,5855,5854,1,1,38.9,normal,0,0,0
2026-01-01 14:43:00,344,low,client_1,server_1,router_1,2,client-router-server,7.89,2.47,16,76.88,65.2,67.49,75.49,6.09,7.89,1.41,3542,3493,49,43,40.44,normal,0,0,0
2026-01-01 14:44:00,345,low,client_2,server_1,router_1,2,client-router-server,11.98,1.56,8,91.06,30.65,23.12,30.82,8.64,11.98,0.01,4993,4992,1,0,8.6,normal,0,0,0
2026-01-01 14:45:00,346,low,client_2,server_1,router_1,2,client-router-server,9.24,1.98,12,83.43,47.84,40.93,50.91,7.26,9.24,0.01,3474,3473,1,1,27.04,normal,0,0,0
2026-01-01 14:46:00,347,low,client_3,server_1,router_1,2,client-router-server,9.42,1.51,8,61.1,28.3,30.27,39.08,7.8,9.42,0.01,2934,2933,1,0,41.44,normal,0,0,0
2026-01-01 14:47:00,348,low,client_3,server_1,router_1,2,client-router-server,10.48,2.3,14,82.76,33.97,19.31,38.04,4.66,10.48,0.01,5885,5884,1,1,23.01,normal,0,0,0
2026-01-01 14:48:00,349,low,client_1,server_1,router_1,2,client-router-server,10.4,2.63,6,36.32,21.02,22.43,34.03,6.62,10.4,0.01,4663,4662,1,0,16.31,normal,0,0,0
2026-01-01 14:49:00,350,low,client_2,server_1,router_1,2,client-router-server,12.09,2.66,14,79.58,44.41,44.52,65.12,10.37,12.09,0.01,2044,2043,1,1,8.43,normal,0,0,0
2026-01-01 14:50:00,351,low,client_1,server_1,router_1,2,client-router-server,9.3,2.33,5,72.75,50.42,55.76,49.62,8.12,9.3,0.02,4125,4124,1,1,34.98,normal,0,0,0
2026-01-01 14:51:00,352,low,client_2,server_1,router_1,2,client-router-server,12.12,1.59,7,34.12,17.9,10.88,31.83,6.19,12.12,0.01,4987,4986,1,1,58.62,normal,0,0,0
2026-01-01 14:52:00,353,low,client_1,server_1,router_1,2,client-router-server,11.97,1.41,15,80.45,38.86,44.74,51.45,5.95,11.97,0.01,2849,2848,1,0,28.36,normal,0,0,0
2026-01-01 14:53:00,354,low,client_2,server_1,router_1,2,client-router-server,8.85,2.14,18,74.82,56.7,51.23,44.25,4.04,8.85,0.42,1655,1649,6,1,45.16,normal,0,0,0
2026-01-01 14:54:00,355,low,client_2,server_1,router_1,2,client-router-server,10.55,1.42,12,58.77,22.18,20.88,33.35,7.03,10.55,0.01,1432,1431,1,1,34.43,normal,0,0,0
2026-01-01 14:55:00,356,low,client_2,server_1,router_1,2,client-router-server,9.16,2.06,13,87.95,42.36,50.17,45.71,4.79,9.16,0.01,5617,5616,1,1,8.38,normal,0,0,0
2026-01-01 14:56:00,357,low,client_1,server_1,router_1,2,client-router-server,11.54,1.42,14,23.87,11.37,7.97,16.8,5.35,11.54,0.01,3301,3300,1,1,52.18,normal,0,0,0
2026-01-01 14:57:00,358,low,client_1,server_1,router_1,2,client-router-server,8.26,2.23,14,33.1,19.18,20.44,25.27,6.85,8.26,0.01,3808,3807,1,0,58.2,normal,0,0,0
2026-01-01 14:58:00,359,low,client_1,server_1,router_1,2,client-router-server,11.35,1.96,18,57.2,19.92,16.1,30.08,3.75,11.35,0.01,1950,1949,1,0,14.22,normal,0,0,0
2026-01-01 14:59:00,360,low,client_2,server_1,router_1,2,client-router-server,10.16,2.75,12,75.96,33.79,33.58,41.46,4.46,10.16,0.01,4676,4675,1,1,42.32,normal,0,0,0
2026-01-01 15:00:00,361,low,client_3,server_1,router_1,2,client-router-server,9.27,2.35,5,27.3,18.78,17.42,29.57,3.59,9.27,0.01,5785,5784,1,1,30.36,normal,0,0,0
2026-01-01 15:01:00,362,low,client_1,server_1,router_1,2,client-router-server,10.1,1.89,16,70.39,39.8,47.57,44.16,1.89,10.1,0.01,5302,5301,1,0,42.7,normal,0,0,0
2026-01-01 15:02:00,363,low,client_3,server_1,router_1,2,client-router-server,10.6,2.47,9,38.89,11.84,10.84,24.31,3.18,10.6,0.01,1707,1706,1,0,25.68,normal,0,0,0
2026-01-01 15:03:00,364,low,client_3,server_1,router_1,2,client-router-server,8.05,1.5,14,80.24,37.25,26.31,47.38,3.29,8.05,0.01,3649,3648,1,1,13.91,normal,0,0,0
2026-01-01 15:04:00,365,low,client_1,server_1,router_1,2,client-router-server,8.79,2.0,11,49.14,34.95,21.83,30.04,8.98,8.79,0.01,1888,1887,1,0,34.73,normal,0,0,0
2026-01-01 15:05:00,366,low,client_3,server_1,router_1,2,client-router-server,8.79,1.77,15,27.97,9.99,5.49,20.18,6.65,8.79,0.01,1007,1006,1,0,41.55,normal,0,0,0
2026-01-01 15:06:00,367,low,client_3,server_1,router_1,2,client-router-server,10.08,2.55,10,87.85,58.91,49.69,61.48,10.85,10.08,0.9,1027,1018,9,6,57.48,normal,0,0,0
2026-01-01 15:07:00,368,low,client_2,server_1,router_1,2,client-router-server,9.29,1.81,6,62.54,38.56,30.09,48.51,8.69,9.29,0.01,1659,1658,1,1,46.82,normal,0,0,0
2026-01-01 15:08:00,369,low,client_1,server_1,router_1,2,client-router-server,10.8,1.44,7,61.59,23.93,18.5,25.06,7.0,10.8,0.01,2552,2551,1,0,6.96,normal,0,0,0
2026-01-01 15:09:00,370,low,client_3,server_1,router_1,2,client-router-server,10.2,2.53,8,56.69,23.51,20.54,37.24,6.02,10.2,0.01,1350,1349,1,1,11.5,normal,0,0,0
2026-01-01 15:10:00,371,low,client_3,server_1,router_1,2,client-router-server,11.87,1.58,13,54.38,16.47,14.91,30.23,1.73,11.87,0.01,1375,1374,1,0,43.57,normal,0,0,0
2026-01-01 15:11:00,372,low,client_1,server_1,router_1,2,client-router-server,11.47,2.0,15,23.75,9.99,6.19,19.37,6.99,11.47,0.01,2806,2805,1,0,49.24,normal,0,0,0
2026-01-01 15:12:00,373,low,client_3,server_1,router_1,2,client-router-server,10.92,1.64,15,50.15,23.81,17.26,39.05,3.03,10.92,0.01,3243,3242,1,0,46.67,normal,0,0,0
2026-01-01 15:13:00,374,low,client_2,server_1,router_1,2,client-router-server,10.41,2.39,13,32.38,10.99,11.58,21.58,3.96,10.41,0.01,1059,1058,1,0,55.94,normal,0,0,0
2026-01-01 15:14:00,375,low,client_3,server_1,router_1,2,client-router-server,11.36,2.26,9,51.22,26.01,16.76,35.41,5.82,11.36,0.01,1308,1307,1,0,44.45,normal,0,0,0
2026-01-01 15:15:00,376,low,client_1,server_1,router_1,2,client-router-server,9.59,2.28,15,81.99,44.72,28.37,64.45,10.39,9.59,0.01,5157,5156,1,0,30.53,normal,0,0,0
2026-01-01 15:16:00,377,low,client_1,server_1,router_1,2,client-router-server,8.25,2.26,9,23.98,18.53,21.09,28.08,3.51,8.25,0.01,2716,2715,1,1,18.83,normal,0,0,0
2026-01-01 15:17:00,378,low,client_2,server_1,router_1,2,client-router-server,10.19,2.66,5,27.83,9.92,5.16,18.58,1.83,10.19,0.01,4432,4431,1,0,46.09,normal,0,0,0
2026-01-01 15:18:00,379,low,client_1,server_1,router_1,2,client-router-server,8.69,1.92,17,28.26,15.12,9.68,27.42,2.35,8.69,0.01,2770,2769,1,1,14.79,normal,0,0,0
2026-01-01 15:19:00,380,low,client_2,server_1,router_1,2,client-router-server,8.85,2.25,16,34.56,16.96,8.86,25.31,3.42,8.85,0.01,3814,3813,1,0,53.75,normal,0,0,0
2026-01-01 15:20:00,381,low,client_3,server_1,router_1,2,client-router-server,10.26,1.75,14,87.92,33.58,26.47,40.99,8.14,10.26,0.01,1118,1117,1,1,45.49,normal,0,0,0
2026-01-01 15:21:00,382,low,client_2,server_1,router_1,2,client-router-server,10.46,2.07,11,63.46,21.82,19.67,22.74,8.35,10.46,0.01,1275,1274,1,1,34.21,normal,0,0,0
2026-01-01 15:22:00,383,low,client_3,server_1,router_1,2,client-router-server,7.92,1.63,18,27.35,20.76,20.45,28.3,3.39,7.92,0.01,1130,1129,1,1,41.8,normal,0,0,0
2026-01-01 15:23:00,384,low,client_2,server_1,router_1,2,client-router-server,12.38,2.37,18,62.78,24.62,14.7,34.91,4.07,12.38,0.01,1011,1010,1,0,26.17,normal,0,0,0
2026-01-01 15:24:00,385,low,client_3,server_1,router_1,2,client-router-server,10.99,1.56,5,42.24,20.95,18.91,25.2,6.99,10.99,0.01,5216,5215,1,1,53.84,normal,0,0,0
2026-01-01 15:25:00,386,low,client_2,server_1,router_1,2,client-router-server,8.38,2.47,12,66.44,41.51,22.7,51.76,5.71,8.38,0.01,4919,4918,1,0,46.42,normal,0,0,0
2026-01-01 15:26:00,387,low,client_2,server_1,router_1,2,client-router-server,9.61,1.92,10,87.34,29.25,22.26,35.42,6.55,9.61,0.01,5365,5364,1,1,29.86,normal,0,0,0
2026-01-01 15:27:00,388,low,client_3,server_1,router_1,2,client-router-server,7.83,2.09,16,80.66,67.66,55.52,51.97,9.81,7.83,2.05,3260,3194,66,14,43.34,normal,0,0,0
2026-01-01 15:28:00,389,low,client_1,server_1,router_1,2,client-router-server,9.58,2.13,13,91.41,54.67,62.99,62.6,7.45,9.58,0.15,1180,1179,1,0,50.92,normal,0,0,0
2026-01-01 15:29:00,390,low,client_2,server_1,router_1,2,client-router-server,11.43,1.72,11,63.4,27.43,26.5,36.45,6.14,11.43,0.01,3510,3509,1,0,48.41,normal,0,0,0
2026-01-01 15:30:00,391,low,client_2,server_1,router_1,2,client-router-server,9.27,1.46,9,77.73,40.45,24.94,57.33,7.48,9.27,0.01,2257,2256,1,0,18.08,normal,0,0,0
2026-01-01 15:31:00,392,low,client_2,server_1,router_1,2,client-router-server,8.42,1.97,14,29.49,18.39,9.64,23.36,4.19,8.42,0.01,3470,3469,1,0,55.62,normal,0,0,0
2026-01-01 15:32:00,393,low,client_2,server_1,router_1,2,client-router-server,9.1,2.42,17,30.9,10.25,10.42,23.18,3.96,9.1,0.01,5699,5698,1,0,48.98,normal,0,0,0
2026-01-01 15:33:00,394,low,client_2,server_1,router_1,2,client-router-server,12.0,1.71,10,71.69,21.25,18.82,26.85,5.31,12.0,0.01,1450,1449,1,0,37.09,normal,0,0,0
2026-01-01 15:34:00,395,low,client_2,server_1,router_1,2,client-router-server,9.73,2.6,8,21.69,12.68,7.12,21.04,2.86,9.73,0.01,3957,3956,1,1,13.14,normal,0,0,0
2026-01-01 15:35:00,396,low,client_2,server_1,router_1,2,client-router-server,9.26,2.76,11,47.96,35.79,39.8,34.47,7.76,9.26,0.01,3364,3363,1,0,49.31,normal,0,0,0
2026-01-01 15:36:00,397,low,client_2,server_1,router_1,2,client-router-server,10.44,2.29,16,87.23,27.94,18.03,34.06,9.29,10.44,0.01,4078,4077,1,0,5.36,normal,0,0,0
2026-01-01 15:37:00,398,low,client_2,server_1,router_1,2,client-router-server,10.34,2.44,11,33.12,21.33,13.64,33.69,4.08,10.34,0.01,5794,5793,1,1,32.18,normal,0,0,0
2026-01-01 15:38:00,399,low,client_1,server_1,router_1,2,client-router-server,9.0,1.79,5,79.34,49.03,46.36,43.15,7.49,9.0,0.01,3004,3003,1,0,11.56,normal,0,0,0
2026-01-01 15:39:00,400,low,client_1,server_1,router_1,2,client-router-server,10.33,1.6,14,75.92,47.58,44.71,53.83,7.15,10.33,0.01,3126,3125,1,0,36.99,normal,0,0,0
2026-01-01 15:40:00,401,low,client_2,server_1,router_1,2,client-router-server,8.86,1.63,16,30.16,15.92,18.12,23.96,3.85,8.86,0.01,2501,2500,1,0,37.93,normal,0,0,0
2026-01-01 15:41:00,402,low,client_2,server_1,router_1,2,client-router-server,11.5,1.98,18,43.72,15.53,15.35,23.22,5.38,11.5,0.01,3305,3304,1,1,47.83,normal,0,0,0
2026-01-01 15:42:00,403,low,client_1,server_1,router_1,2,client-router-server,11.66,1.51,6,36.34,19.26,17.16,30.43,9.03,11.66,0.01,1933,1932,1,1,30.33,normal,0,0,0
2026-01-01 15:43:00,404,low,client_1,server_1,router_1,2,client-router-server,9.31,2.37,5,55.96,37.68,42.31,49.3,7.87,9.31,0.01,1971,1970,1,0,12.08,normal,0,0,0
2026-01-01 15:44:00,405,low,client_3,server_1,router_1,2,client-router-server,12.41,2.67,8,43.06,16.31,16.87,21.17,1.93,12.41,0.01,1268,1267,1,0,30.8,normal,0,0,0
2026-01-01 15:45:00,406,low,client_1,server_1,router_1,2,client-router-server,7.98,2.6,6,42.62,18.67,17.2,28.59,3.52,7.98,0.01,3272,3271,1,1,24.37,normal,0,0,0
2026-01-01 15:46:00,407,low,client_3,server_1,router_1,2,client-router-server,8.0,2.59,14,38.14,25.33,12.91,26.56,3.28,8.0,0.01,1808,1807,1,0,55.63,normal,0,0,0
2026-01-01 15:47:00,408,low,client_2,server_1,router_1,2,client-router-server,10.87,2.13,10,72.36,22.83,24.76,39.77,5.13,10.87,0.01,3574,3573,1,0,30.62,normal,0,0,0
2026-01-01 15:48:00,409,low,client_2,server_1,router_1,2,client-router-server,11.11,2.6,17,47.09,14.11,11.93,21.83,5.1,11.11,0.01,2850,2849,1,1,20.98,normal,0,0,0
2026-01-01 15:49:00,410,low,client_1,server_1,router_1,2,client-router-server,9.88,1.96,18,25.22,14.59,9.13,27.86,4.83,9.88,0.01,1696,1695,1,0,12.89,normal,0,0,0
2026-01-01 15:50:00,411,low,client_3,server_1,router_1,2,client-router-server,8.34,2.47,6,75.61,40.39,25.82,36.98,8.7,8.34,0.01,5088,5087,1,1,47.06,normal,0,0,0
2026-01-01 15:51:00,412,low,client_3,server_1,router_1,2,client-router-server,12.22,1.72,9,76.72,27.78,26.85,44.96,9.32,12.22,0.01,2000,1999,1,1,31.91,normal,0,0,0
2026-01-01 15:52:00,413,low,client_1,server_1,router_1,2,client-router-server,7.84,1.68,5,27.47,20.02,23.63,28.1,6.34,7.84,0.01,1626,1625,1,1,48.6,normal,0,0,0
2026-01-01 15:53:00,414,low,client_3,server_1,router_1,2,client-router-server,9.22,1.45,12,56.77,39.64,34.99,59.29,3.04,9.22,0.01,3576,3575,1,1,29.34,normal,0,0,0
2026-01-01 15:54:00,415,low,client_1,server_1,router_1,2,client-router-server,11.92,2.6,13,69.46,21.31,17.08,26.6,5.13,11.92,0.01,5536,5535,1,1,31.18,normal,0,0,0
2026-01-01 15:55:00,416,low,client_3,server_1,router_1,2,client-router-server,12.35,2.28,5,49.35,21.85,16.32,36.96,3.72,12.35,0.01,3857,3856,1,0,47.09,normal,0,0,0
2026-01-01 15:56:00,417,low,client_2,server_1,router_1,2,client-router-server,9.56,2.15,6,52.11,17.58,11.8,22.28,3.63,9.56,0.01,1937,1936,1,1,14.34,normal,0,0,0
2026-01-01 15:57:00,418,low,client_1,server_1,router_1,2,client-router-server,10.07,2.35,12,69.33,32.25,16.59,36.82,2.41,10.07,0.01,1800,1799,1,1,10.5,normal,0,0,0
2026-01-01 15:58:00,419,low,client_2,server_1,router_1,2,client-router-server,9.2,1.47,12,57.71,34.25,25.84,39.32,6.9,9.2,0.01,5389,5388,1,0,20.8,normal,0,0,0
2026-01-01 15:59:00,420,low,client_3,server_1,router_1,2,client-router-server,12.29,1.82,11,80.35,38.38,34.72,48.2,4.99,12.29,0.01,3845,3844,1,0,40.83,normal,0,0,0
2026-01-01 16:00:00,421,low,client_2,server_1,router_1,2,client-router-server,9.57,2.75,11,69.76,29.19,25.13,40.42,6.96,9.57,0.01,2528,2527,1,1,16.71,normal,0,0,0
2026-01-01 16:01:00,422,low,client_3,server_1,router_1,2,client-router-server,11.54,2.47,12,40.1,22.28,25.28,38.54,6.61,11.54,0.01,2969,2968,1,0,46.05,normal,0,0,0
2026-01-01 16:02:00,423,low,client_2,server_1,router_1,2,client-router-server,7.82,1.74,11,43.9,21.41,16.89,34.29,6.28,7.82,0.01,1930,1929,1,0,15.56,normal,0,0,0
2026-01-01 16:03:00,424,low,client_2,server_1,router_1,2,client-router-server,9.61,1.48,12,56.4,38.87,24.93,37.95,3.82,9.61,0.01,1345,1344,1,1,48.02,normal,0,0,0
2026-01-01 16:04:00,425,low,client_1,server_1,router_1,2,client-router-server,12.0,2.56,10,65.12,25.11,18.94,35.39,3.56,12.0,0.01,1916,1915,1,0,33.71,normal,0,0,0
2026-01-01 16:05:00,426,low,client_3,server_1,router_1,2,client-router-server,10.5,1.7,9,57.23,33.21,23.89,47.41,8.43,10.5,0.01,2785,2784,1,0,10.87,normal,0,0,0
2026-01-01 16:06:00,427,low,client_2,server_1,router_1,2,client-router-server,7.78,1.91,12,50.63,33.41,33.07,32.62,6.44,7.78,0.01,2187,2186,1,1,31.14,normal,0,0,0
2026-01-01 16:07:00,428,low,client_2,server_1,router_1,2,client-router-server,7.67,2.15,5,68.4,53.13,56.28,44.54,10.63,7.67,0.17,3972,3966,6,6,42.69,normal,0,0,0
2026-01-01 16:08:00,429,low,client_1,server_1,router_1,2,client-router-server,12.3,2.63,18,53.18,29.01,33.15,34.34,9.45,12.3,0.01,2312,2311,1,1,39.72,normal,0,0,0
2026-01-01 16:09:00,430,low,client_3,server_1,router_1,2,client-router-server,7.9,1.77,11,79.2,61.33,51.77,76.52,9.94,7.9,0.77,1822,1808,14,13,13.82,normal,0,0,0
2026-01-01 16:10:00,431,low,client_1,server_1,router_1,2,client-router-server,10.24,1.83,10,51.57,21.69,21.4,34.53,6.16,10.24,0.01,1025,1024,1,1,16.0,normal,0,0,0
2026-01-01 16:11:00,432,low,client_3,server_1,router_1,2,client-router-server,11.07,2.23,6,28.31,15.52,14.81,20.58,5.85,11.07,0.01,2093,2092,1,1,14.54,normal,0,0,0
2026-01-01 16:12:00,433,low,client_2,server_1,router_1,2,client-router-server,9.34,1.68,17,41.13,20.14,15.39,32.9,5.42,9.34,0.01,2873,2872,1,0,58.58,normal,0,0,0
2026-01-01 16:13:00,434,low,client_3,server_1,router_1,2,client-router-server,9.64,2.4,18,32.66,13.69,7.7,20.54,8.0,9.64,0.01,4716,4715,1,1,11.52,normal,0,0,0
2026-01-01 16:14:00,435,low,client_1,server_1,router_1,2,client-router-server,11.23,1.44,18,81.01,32.67,26.2,33.03,4.78,11.23,0.01,2477,2476,1,1,48.59,normal,0,0,0
2026-01-01 16:15:00,436,low,client_2,server_1,router_1,2,client-router-server,9.35,1.76,8,66.33,40.7,33.4,33.25,3.54,9.35,0.01,4141,4140,1,1,45.49,normal,0,0,0
2026-01-01 16:16:00,437,low,client_1,server_1,router_1,2,client-router-server,8.67,1.95,13,24.41,18.67,22.36,34.22,8.81,8.67,0.01,3077,3076,1,1,21.64,normal,0,0,0
2026-01-01 16:17:00,438,low,client_2,server_1,router_1,2,client-router-server,10.4,1.46,7,92.6,35.98,30.68,53.96,8.15,10.4,0.01,2161,2160,1,1,11.43,normal,0,0,0
2026-01-01 16:18:00,439,low,client_1,server_1,router_1,2,client-router-server,11.24,2.09,12,85.38,50.93,35.55,68.75,8.64,11.24,0.05,2351,2350,1,1,45.53,normal,0,0,0
2026-01-01 16:19:00,440,low,client_1,server_1,router_1,2,client-router-server,11.49,2.78,13,83.98,23.48,14.18,26.01,2.09,11.49,0.01,5054,5053,1,0,29.28,normal,0,0,0
2026-01-01 16:20:00,441,low,client_3,server_1,router_1,2,client-router-server,11.1,2.76,12,54.33,17.58,13.09,22.16,4.22,11.1,0.01,5614,5613,1,0,37.1,normal,0,0,0
2026-01-01 16:21:00,442,low,client_3,server_1,router_1,2,client-router-server,7.88,1.62,17,62.81,48.41,47.14,68.86,4.13,7.88,0.01,5836,5835,1,0,51.03,normal,0,0,0
2026-01-01 16:22:00,443,low,client_1,server_1,router_1,2,client-router-server,9.77,1.47,12,82.3,57.46,52.63,43.74,11.2,9.77,0.86,5662,5614,48,8,16.63,normal,0,0,0
2026-01-01 16:23:00,444,low,client_3,server_1,router_1,2,client-router-server,7.85,1.96,9,44.24,38.37,29.43,41.95,5.24,7.85,0.01,2705,2704,1,0,26.37,normal,0,0,0
2026-01-01 16:24:00,445,low,client_3,server_1,router_1,2,client-router-server,8.99,2.02,17,91.58,63.2,64.16,88.89,10.88,8.99,0.82,4010,3978,32,32,15.99,normal,0,0,1
2026-01-01 16:25:00,446,low,client_2,server_1,router_1,2,client-router-server,7.95,2.14,12,40.14,23.68,17.94,26.15,6.02,7.95,0.01,2836,2835,1,0,56.19,normal,0,0,0
2026-01-01 16:26:00,447,low,client_3,server_1,router_1,2,client-router-server,7.9,2.68,13,26.3,20.66,14.67,35.43,6.58,7.9,0.01,5657,5656,1,0,35.3,normal,0,0,0
2026-01-01 16:27:00,448,low,client_3,server_1,router_1,2,client-router-server,9.82,2.58,6,58.3,34.92,37.33,40.12,7.41,9.82,0.01,4791,4790,1,0,48.24,normal,0,0,0
2026-01-01 16:28:00,449,low,client_1,server_1,router_1,2,client-router-server,9.07,2.78,6,51.22,33.3,34.3,40.67,8.0,9.07,0.01,2729,2728,1,0,9.3,normal,0,0,0
2026-01-01 16:29:00,450,low,client_2,server_1,router_1,2,client-router-server,7.59,2.76,18,70.51,42.55,21.67,50.89,6.11,7.59,0.01,4987,4986,1,1,39.02,normal,0,0,0
2026-01-01 16:30:00,451,low,client_2,server_1,router_1,2,client-router-server,9.47,2.31,16,70.54,31.36,18.43,26.53,2.44,9.47,0.01,2714,2713,1,1,40.67,normal,0,0,0
2026-01-01 16:31:00,452,low,client_2,server_1,router_1,2,client-router-server,8.45,2.03,18,66.95,33.31,27.46,39.87,2.15,8.45,0.01,4973,4972,1,1,6.08,normal,0,0,0
2026-01-01 16:32:00,453,low,client_1,server_1,router_1,2,client-router-server,9.46,1.96,8,42.11,19.3,11.04,31.38,4.89,9.46,0.01,5540,5539,1,1,7.04,normal,0,0,0
2026-01-01 16:33:00,454,low,client_3,server_1,router_1,2,client-router-server,12.03,2.27,14,74.35,39.99,26.49,32.99,3.32,12.03,0.01,4417,4416,1,1,11.43,normal,0,0,0
2026-01-01 16:34:00,455,low,client_3,server_1,router_1,2,client-router-server,8.31,2.41,10,53.62,38.1,31.56,43.24,6.66,8.31,0.01,4837,4836,1,0,53.57,normal,0,0,0
2026-01-01 16:35:00,456,low,client_2,server_1,router_1,2,client-router-server,11.17,2.25,11,82.48,45.66,48.39,64.93,7.04,11.17,0.01,2057,2056,1,0,15.97,normal,0,0,0
2026-01-01 16:36:00,457,low,client_1,server_1,router_1,2,client-router-server,9.02,1.87,17,51.2,21.78,11.61,21.31,8.07,9.02,0.01,5124,5123,1,0,49.37,normal,0,0,0
2026-01-01 16:37:00,458,low,client_1,server_1,router_1,2,client-router-server,9.93,2.7,14,37.0,25.99,27.27,39.85,7.78,9.93,0.01,5222,5221,1,0,43.85,normal,0,0,0
2026-01-01 16:38:00,459,low,client_2,server_1,router_1,2,client-router-server,8.05,1.62,17,54.29,23.09,21.41,36.16,9.23,8.05,0.01,1967,1966,1,0,55.1,normal,0,0,0
2026-01-01 16:39:00,460,low,client_2,server_1,router_1,2,client-router-server,11.16,2.06,16,53.11,16.17,15.41,23.34,3.11,11.16,0.01,1053,1052,1,0,50.91,normal,0,0,0
2026-01-01 16:40:00,461,low,client_2,server_1,router_1,2,client-router-server,11.08,2.66,13,32.84,13.81,12.99,20.49,6.99,11.08,0.01,4512,4511,1,1,55.49,normal,0,0,0
2026-01-01 16:41:00,462,low,client_3,server_1,router_1,2,client-router-server,9.71,1.45,17,71.16,44.56,44.66,52.89,3.28,9.71,0.01,4555,4554,1,0,26.63,normal,0,0,0
2026-01-01 16:42:00,463,low,client_3,server_1,router_1,2,client-router-server,10.66,1.41,7,87.69,48.15,46.33,56.05,5.19,10.66,0.01,3493,3492,1,1,55.01,normal,0,0,0
2026-01-01 16:43:00,464,low,client_2,server_1,router_1,2,client-router-server,9.52,1.52,13,65.78,38.52,43.19,50.88,7.12,9.52,0.01,4313,4312,1,0,53.45,normal,0,0,0
2026-01-01 16:44:00,465,low,client_3,server_1,router_1,2,client-router-server,11.9,2.16,10,49.25,21.03,18.48,25.25,5.4,11.9,0.01,1191,1190,1,0,53.97,normal,0,0,0
2026-01-01 16:45:00,466,low,client_2,server_1,router_1,2,client-router-server,9.61,2.43,8,82.42,43.06,43.59,61.31,4.99,9.61,0.01,2021,2020,1,1,21.39,normal,0,0,0
2026-01-01 16:46:00,467,low,client_2,server_1,router_1,2,client-router-server,12.45,2.13,10,93.72,39.61,44.6,52.17,6.94,12.45,0.01,5692,5691,1,0,44.29,normal,0,0,0
2026-01-01 16:47:00,468,low,client_1,server_1,router_1,2,client-router-server,11.61,1.92,6,44.59,17.07,9.71,27.27,7.22,11.61,0.01,4901,4900,1,0,29.54,normal,0,0,0
2026-01-01 16:48:00,469,low,client_3,server_1,router_1,2,client-router-server,9.47,2.08,11,64.12,27.45,23.31,33.78,6.16,9.47,0.01,2334,2333,1,0,32.82,normal,0,0,0
2026-01-01 16:49:00,470,low,client_2,server_1,router_1,2,client-router-server,10.15,2.2,7,92.6,52.71,43.16,40.92,4.92,10.15,0.31,4347,4334,13,1,11.65,normal,0,0,0
2026-01-01 16:50:00,471,low,client_1,server_1,router_1,2,client-router-server,12.46,2.44,13,31.5,10.65,8.95,21.95,2.58,12.46,0.01,3322,3321,1,0,15.07,normal,0,0,0
2026-01-01 16:51:00,472,low,client_1,server_1,router_1,2,client-router-server,7.72,2.05,6,61.07,38.96,27.93,43.51,5.03,7.72,0.01,2087,2086,1,0,32.76,normal,0,0,0
2026-01-01 16:52:00,473,low,client_2,server_1,router_1,2,client-router-server,9.13,2.61,15,53.68,36.45,35.18,42.07,4.22,9.13,0.01,4629,4628,1,1,40.53,normal,0,0,0
2026-01-01 16:53:00,474,low,client_3,server_1,router_1,2,client-router-server,11.04,2.1,5,62.9,29.88,17.53,37.16,4.05,11.04,0.01,5671,5670,1,0,46.28,normal,0,0,0
2026-01-01 16:54:00,475,low,client_1,server_1,router_1,2,client-router-server,12.31,2.09,6,69.37,23.1,14.88,35.63,8.14,12.31,0.01,3624,3623,1,1,37.39,normal,0,0,0
2026-01-01 16:55:00,476,low,client_1,server_1,router_1,2,client-router-server,11.8,1.97,10,52.78,19.1,12.99,21.77,2.27,11.8,0.01,1734,1733,1,0,21.87,normal,0,0,0
2026-01-01 16:56:00,477,low,client_1,server_1,router_1,2,client-router-server,7.64,2.45,5,66.09,27.98,21.63,31.79,4.99,7.64,0.01,1990,1989,1,0,16.14,normal,0,0,0
2026-01-01 16:57:00,478,low,client_3,server_1,router_1,2,client-router-server,9.43,2.22,8,56.97,20.91,11.34,27.44,4.88,9.43,0.01,1152,1151,1,1,35.47,normal,0,0,0
2026-01-01 16:58:00,479,low,client_1,server_1,router_1,2,client-router-server,8.13,1.99,8,77.22,50.08,40.67,67.83,7.86,8.13,0.01,2377,2376,1,0,34.56,normal,0,0,0
2026-01-01 16:59:00,480,low,client_3,server_1,router_1,2,client-router-server,12.31,1.7,12,23.13,10.3,9.86,17.3,2.2,12.31,0.01,4114,4113,1,1,51.33,normal,0,0,0
2026-01-01 17:00:00,481,low,client_3,server_1,router_1,2,client-router-server,10.32,2.72,9,23.41,9.53,7.4,16.11,2.49,10.32,0.01,6000,5999,1,1,53.62,normal,0,0,0
2026-01-01 17:01:00,482,low,client_3,server_1,router_1,2,client-router-server,8.87,2.66,9,93.47,59.53,43.17,51.22,10.08,8.87,1.07,1016,1006,10,9,31.21,normal,0,0,0
2026-01-01 17:02:00,483,low,client_3,server_1,router_1,2,client-router-server,11.02,2.54,7,50.99,27.99,24.54,41.53,6.23,11.02,0.01,4646,4645,1,0,24.41,normal,0,0,0
2026-01-01 17:03:00,484,low,client_3,server_1,router_1,2,client-router-server,11.56,2.26,10,49.01,29.4,17.27,32.84,2.96,11.56,0.01,3931,3930,1,0,9.95,normal,0,0,0
2026-01-01 17:04:00,485,low,client_2,server_1,router_1,2,client-router-server,9.97,2.2,17,73.84,32.97,22.96,48.66,7.02,9.97,0.01,4244,4243,1,0,52.85,normal,0,0,0
2026-01-01 17:05:00,486,low,client_2,server_1,router_1,2,client-router-server,10.33,2.35,7,61.38,34.04,30.49,31.27,2.71,10.33,0.01,2867,2866,1,1,15.55,normal,0,0,0
2026-01-01 17:06:00,487,low,client_3,server_1,router_1,2,client-router-server,10.3,2.13,15,59.97,28.04,32.43,40.28,8.25,10.3,0.01,4333,4332,1,1,11.69,normal,0,0,0
2026-01-01 17:07:00,488,low,client_2,server_1,router_1,2,client-router-server,11.11,1.99,10,58.79,16.87,19.28,26.89,3.95,11.11,0.01,1207,1206,1,0,58.8,normal,0,0,0
2026-01-01 17:08:00,489,low,client_1,server_1,router_1,2,client-router-server,7.81,2.74,8,34.77,24.49,12.72,29.74,2.83,7.81,0.01,3024,3023,1,0,31.05,normal,0,0,0
2026-01-01 17:09:00,490,low,client_1,server_1,router_1,2,client-router-server,12.22,2.59,18,45.02,22.48,20.99,35.21,6.61,12.22,0.01,1273,1272,1,1,22.23,normal,0,0,0
2026-01-01 17:10:00,491,low,client_1,server_1,router_1,2,client-router-server,9.71,2.24,17,29.57,12.81,12.02,18.12,6.43,9.71,0.01,1785,1784,1,1,17.82,normal,0,0,0
2026-01-01 17:11:00,492,low,client_3,server_1,router_1,2,client-router-server,11.48,2.23,14,20.8,11.81,11.02,19.74,8.35,11.48,0.01,2576,2575,1,0,10.65,normal,0,0,0
2026-01-01 17:12:00,493,low,client_1,server_1,router_1,2,client-router-server,10.37,2.01,14,79.21,42.39,28.8,45.21,8.05,10.37,0.01,1495,1494,1,0,22.14,normal,0,0,0
2026-01-01 17:13:00,494,low,client_3,server_1,router_1,2,client-router-server,10.21,2.55,17,46.83,16.43,13.61,26.23,4.32,10.21,0.01,2184,2183,1,0,18.06,normal,0,0,0
2026-01-01 17:14:00,495,low,client_3,server_1,router_1,2,client-router-server,12.38,1.99,18,24.1,10.83,6.94,16.24,2.85,12.38,0.01,3712,3711,1,1,38.89,normal,0,0,0
2026-01-01 17:15:00,496,low,client_1,server_1,router_1,2,client-router-server,7.71,1.66,6,54.07,27.19,13.67,27.85,4.17,7.71,0.01,3715,3714,1,1,16.29,normal,0,0,0
2026-01-01 17:16:00,497,low,client_1,server_1,router_1,2,client-router-server,10.27,1.77,10,20.74,7.21,5.83,17.24,7.69,10.27,0.01,3327,3326,1,0,17.04,normal,0,0,0
2026-01-01 17:17:00,498,low,client_1,server_1,router_1,2,client-router-server,8.48,1.74,10,83.57,36.51,24.95,32.18,7.85,8.48,0.01,3772,3771,1,0,21.78,normal,0,0,0
2026-01-01 17:18:00,499,low,client_2,server_1,router_1,2,client-router-server,11.5,1.85,15,32.85,15.69,12.61,26.61,2.97,11.5,0.01,5362,5361,1,1,43.19,normal,0,0,0
2026-01-01 17:19:00,500,low,client_2,server_1,router_1,2,client-router-server,10.58,1.51,15,38.34,13.61,11.91,25.35,3.61,10.58,0.01,5163,5162,1,1,16.51,normal,0,0,0
2026-01-01 17:20:00,501,low,client_2,server_1,router_1,2,client-router-server,10.04,2.06,17,111.62,66.76,63.53,73.2,7.68,10.04,0.99,4959,4910,49,45,57.57,traffic_spike,0,0,0
2026-01-01 17:21:00,502,low,client_3,server_1,router_1,2,client-router-server,10.75,1.52,11,108.57,38.67,43.56,46.42,3.92,10.75,0.01,2287,2286,1,1,19.0,traffic_spike,0,0,0
2026-01-01 17:22:00,503,low,client_1,server_1,router_1,2,client-router-server,10.42,1.73,9,85.34,39.81,37.21,45.24,6.05,10.42,0.01,4132,4131,1,0,14.88,traffic_spike,0,0,0
2026-01-01 17:23:00,504,low,client_3,server_1,router_1,2,client-router-server,11.71,1.86,6,75.09,32.39,30.79,46.93,8.33,11.71,0.01,2640,2639,1,1,15.82,traffic_spike,0,0,0
2026-01-01 17:24:00,505,low,client_2,server_1,router_1,2,client-router-server,8.87,2.5,16,129.87,85.25,100.0,123.68,11.76,8.87,3.95,3453,3317,136,72,50.23,traffic_spike,0,0,1
2026-01-01 17:25:00,506,low,client_2,server_1,router_1,2,client-router-server,7.56,2.05,11,130.62,97.04,100.0,133.45,10.32,7.56,4.47,2914,2784,130,119,44.74,traffic_spike,0,0,1
2026-01-01 17:26:00,507,low,client_1,server_1,router_1,2,client-router-server,12.21,2.57,10,133.5,51.07,41.22,69.16,2.66,12.21,0.12,1079,1078,1,1,49.57,traffic_spike,0,0,0
2026-01-01 17:27:00,508,low,client_2,server_1,router_1,2,client-router-server,9.52,2.24,8,82.3,52.86,46.32,52.47,4.71,9.52,0.32,3705,3694,11,9,39.64,traffic_spike,0,0,0
2026-01-01 17:28:00,509,low,client_3,server_1,router_1,2,client-router-server,8.52,2.17,14,136.03,72.85,63.68,61.48,5.71,8.52,1.61,1763,1735,28,5,10.74,traffic_spike,0,0,0
2026-01-01 17:29:00,510,low,client_1,server_1,router_1,2,client-router-server,8.43,2.6,18,114.68,44.59,52.35,47.16,5.29,8.43,0.01,5247,5246,1,0,14.45,traffic_spike,0,0,0
2026-01-01 17:30:00,511,low,client_2,server_1,router_1,2,client-router-server,10.18,2.71,11,50.84,24.54,13.45,38.91,7.74,10.18,0.01,4889,4888,1,0,38.2,traffic_spike,0,0,0
2026-01-01 17:31:00,512,low,client_3,server_1,router_1,2,client-router-server,8.88,1.45,8,92.3,31.49,18.89,27.78,5.95,8.88,0.01,5021,5020,1,1,30.45,traffic_spike,0,0,0
2026-01-01 17:32:00,513,low,client_1,server_1,router_1,2,client-router-server,9.23,2.32,9,109.56,75.62,79.75,76.9,12.13,9.23,1.73,4539,4461,78,58,26.16,traffic_spike,0,0,0
2026-01-01 17:33:00,514,low,client_3,server_1,router_1,2,client-router-server,7.72,2.47,14,43.46,36.83,22.49,51.98,6.97,7.72,0.01,2779,2778,1,1,27.62,traffic_spike,0,0,0
2026-01-01 17:34:00,515,low,client_1,server_1,router_1,2,client-router-server,11.33,1.96,10,41.18,15.64,12.76,21.58,5.29,11.33,0.01,4783,4782,1,1,23.9,traffic_spike,0,0,0
2026-01-01 17:35:00,516,low,client_1,server_1,router_1,2,client-router-server,11.05,1.79,11,36.53,11.72,11.36,20.77,4.52,11.05,0.01,4585,4584,1,0,30.89,traffic_spike,0,0,0
2026-01-01 17:36:00,517,low,client_1,server_1,router_1,2,client-router-server,8.39,2.65,7,132.62,55.27,56.32,49.89,6.84,8.39,0.29,2457,2450,7,3,44.29,traffic_spike,0,0,0
2026-01-01 17:37:00,518,low,client_3,server_1,router_1,2,client-router-server,10.67,2.7,8,85.05,40.58,39.11,52.8,4.21,10.67,0.01,1398,1397,1,1,47.19,traffic_spike,0,0,0
2026-01-01 17:38:00,519,low,client_2,server_1,router_1,2,client-router-server,7.64,2.12,8,56.0,22.42,24.09,34.46,3.18,7.64,0.01,2375,2374,1,0,7.42,traffic_spike,0,0,0
2026-01-01 17:39:00,520,low,client_2,server_1,router_1,2,client-router-server,8.54,2.04,10,99.45,60.17,69.63,53.08,4.99,8.54,0.46,3590,3574,16,0,26.41,traffic_spike,0,0,0
2026-01-01 17:40:00,521,low,client_1,server_1,router_1,2,client-router-server,9.34,1.53,15,129.81,45.44,29.67,43.7,8.78,9.34,0.01,5662,5661,1,0,18.86,traffic_spike,0,0,0
2026-01-01 17:41:00,522,low,client_2,server_1,router_1,2,client-router-server,12.36,2.22,15,115.56,53.99,39.54,63.52,9.3,12.36,0.43,3745,3729,16,0,38.47,traffic_spike,0,0,0
2026-01-01 17:42:00,523,low,client_2,server_1,router_1,2,client-router-server,10.44,2.1,13,108.87,72.51,48.06,79.9,10.07,10.44,2.17,1650,1615,35,3,12.57,traffic_spike,0,0,0
2026-01-01 17:43:00,524,low,client_1,server_1,router_1,2,client-router-server,8.69,1.8,7,77.09,52.35,62.4,59.68,8.61,8.69,0.14,1324,1323,1,1,40.64,traffic_spike,0,0,0
2026-01-01 17:44:00,525,low,client_1,server_1,router_1,2,client-router-server,8.71,2.02,8,133.63,79.12,89.77,96.43,7.58,8.71,2.76,4125,4012,113,66,22.69,traffic_spike,0,0,1
2026-01-01 17:45:00,526,low,client_1,server_1,router_1,2,client-router-server,8.46,2.41,6,136.38,89.27,53.48,69.17,6.6,8.46,4.12,2935,2815,120,64,9.3,traffic_spike,0,0,0
2026-01-01 17:46:00,527,low,client_2,server_1,router_1,2,client-router-server,8.38,2.06,7,118.6,56.55,39.57,58.28,7.5,8.38,0.66,3945,3919,26,12,25.77,traffic_spike,0,0,0
2026-01-01 17:47:00,528,low,client_2,server_1,router_1,2,client-router-server,8.28,1.65,13,105.13,86.53,72.46,105.25,6.15,8.28,4.08,5400,5180,220,39,35.41,traffic_spike,0,0,1
2026-01-01 17:48:00,529,low,client_2,server_1,router_1,2,client-router-server,10.31,1.98,12,68.7,32.81,24.06,44.35,4.83,10.31,0.01,4065,4064,1,1,27.25,traffic_spike,0,0,0
2026-01-01 17:49:00,530,low,client_2,server_1,router_1,2,client-router-server,10.71,2.45,16,76.78,38.38,30.17,32.43,9.11,10.71,0.01,4574,4573,1,1,47.42,traffic_spike,0,0,0
2026-01-01 17:50:00,531,low,client_2,server_1,router_1,2,client-router-server,9.34,2.04,13,117.1,40.51,31.18,44.46,4.7,9.34,0.01,1231,1230,1,0,19.37,traffic_spike,0,0,0
2026-01-01 17:51:00,532,low,client_3,server_1,router_1,2,client-router-server,12.26,1.63,7,62.51,32.46,16.51,43.8,7.95,12.26,0.01,1658,1657,1,0,53.18,traffic_spike,0,0,0
2026-01-01 17:52:00,533,low,client_2,server_1,router_1,2,client-router-server,10.17,1.78,9,115.02,74.04,67.4,91.13,11.85,10.17,2.6,5690,5543,147,88,49.78,traffic_spike,0,0,1
2026-01-01 17:53:00,534,low,client_1,server_1,router_1,2,client-router-server,12.44,2.39,16,79.76,40.17,20.13,32.06,7.94,12.44,0.01,2397,2396,1,0,25.61,traffic_spike,0,0,0
2026-01-01 17:54:00,535,low,client_1,server_1,router_1,2,client-router-server,9.75,2.27,12,53.84,34.55,21.76,29.6,4.54,9.75,0.01,4348,4347,1,1,39.48,traffic_spike,0,0,0
2026-01-01 17:55:00,536,low,client_3,server_1,router_1,2,client-router-server,8.12,2.13,7,41.58,16.68,8.69,21.15,5.49,8.12,0.01,1059,1058,1,0,10.33,traffic_spike,0,0,0
2026-01-01 17:56:00,537,low,client_1,server_1,router_1,2,client-router-server,11.31,1.93,11,104.36,62.09,51.61,59.81,6.63,11.31,1.33,2962,2923,39,23,41.58,traffic_spike,0,0,0
2026-01-01 17:57:00,538,low,client_1,server_1,router_1,2,client-router-server,7.52,2.36,10,136.77,100.0,78.13,124.11,9.63,7.52,2.05,3036,2974,62,23,29.86,traffic_spike,0,0,1
2026-01-01 17:58:00,539,low,client_2,server_1,router_1,2,client-router-server,12.43,1.96,13,81.58,44.83,47.92,38.04,4.54,12.43,0.01,4639,4638,1,0,38.37,traffic_spike,0,0,0
2026-01-01 17:59:00,540,low,client_3,server_1,router_1,2,client-router-server,12.16,2.52,17,41.76,23.09,27.5,38.59,8.82,12.16,0.01,2172,2171,1,0,12.03,traffic_spike,0,0,0
2026-01-01 18:00:00,541,low,client_2,server_1,router_1,2,client-router-server,11.87,2.4,18,131.0,40.53,32.93,36.08,7.03,11.87,0.01,1732,1731,1,0,28.92,traffic_spike,1,0,0
2026-01-01 18:01:00,542,low,client_1,server_1,router_1,2,client-router-server,8.6,2.7,10,161.81,75.83,63.2,100.61,4.0,8.6,2.02,1740,1705,35,21,52.96,traffic_spike,1,0,1
2026-01-01 18:02:00,543,low,client_3,server_1,router_1,2,client-router-server,11.09,1.52,6,124.93,66.96,51.37,77.15,9.71,11.09,1.74,1947,1914,33,18,9.82,traffic_spike,1,0,0
2026-01-01 18:03:00,544,low,client_3,server_1,router_1,2,client-router-server,8.08,1.91,14,165.63,91.65,100.0,127.87,6.88,8.08,1.48,4179,4118,61,27,22.58,traffic_spike,1,0,1
2026-01-01 18:04:00,545,low,client_3,server_1,router_1,2,client-router-server,10.45,1.6,17,67.11,22.0,11.14,34.15,4.73,10.45,0.01,4733,4732,1,0,38.08,traffic_spike,1,0,0
2026-01-01 18:05:00,546,low,client_3,server_1,router_1,2,client-router-server,10.49,1.93,18,148.7,60.04,71.64,53.53,11.72,10.49,0.73,5055,5019,36,18,43.73,traffic_spike,1,0,0
2026-01-01 18:06:00,547,low,client_2,server_1,router_1,2,client-router-server,11.16,1.87,7,144.51,80.82,80.03,61.31,9.54,11.16,2.28,2304,2252,52,1,35.14,traffic_spike,1,0,0
2026-01-01 18:07:00,548,low,client_3,server_1,router_1,2,client-router-server,9.46,2.39,12,172.2,93.04,64.95,105.56,9.01,9.46,2.82,5754,5592,162,13,51.74,traffic_spike,1,0,1
2026-01-01 18:08:00,549,low,client_2,server_1,router_1,2,client-router-server,10.98,2.78,15,63.71,24.16,14.53,26.26,7.79,10.98,0.01,5715,5714,1,0,42.31,traffic_spike,1,0,0
2026-01-01 18:09:00,550,low,client_1,server_1,router_1,2,client-router-server,11.71,2.28,11,162.45,93.0,52.75,121.17,4.41,11.71,5.08,5861,5564,297,222,58.33,traffic_spike,1,0,1
2026-01-01 18:10:00,551,low,client_2,server_1,router_1,2,client-router-server,9.94,2.31,8,49.69,28.75,33.59,41.36,5.4,9.94,0.01,4798,4797,1,1,20.14,traffic_spike,1,0,0
2026-01-01 18:11:00,552,low,client_2,server_1,router_1,2,client-router-server,9.95,2.8,5,57.64,32.88,28.17,29.32,6.8,9.95,0.01,5856,5855,1,0,26.12,traffic_spike,1,0,0
2026-01-01 18:12:00,553,low,client_3,server_1,router_1,2,client-router-server,9.13,2.57,11,79.68,51.1,56.39,60.94,7.01,9.13,0.07,5342,5339,3,3,8.52,traffic_spike,1,0,0
2026-01-01 18:13:00,554,low,client_3,server_1,router_1,2,client-router-server,11.27,2.21,16,150.03,50.98,48.99,44.38,10.18,11.27,0.03,3574,3573,1,0,7.15,traffic_spike,1,0,0
2026-01-01 18:14:00,555,low,client_3,server_1,router_1,2,client-router-server,11.27,2.72,7,56.39,16.7,9.81,22.13,8.27,11.27,0.01,3034,3033,1,1,7.54,traffic_spike,1,0,0
2026-01-01 18:15:00,556,low,client_2,server_1,router_1,2,client-router-server,9.95,1.6,15,108.19,46.23,52.59,71.27,7.58,9.95,0.01,1366,1365,1,0,7.02,traffic_spike,1,0,0
2026-01-01 18:16:00,557,low,client_1,server_1,router_1,2,client-router-server,9.3,2.72,7,117.5,44.4,41.54,38.38,4.69,9.3,0.01,1682,1681,1,1,42.21,traffic_spike,1,0,0
2026-01-01 18:17:00,558,low,client_1,server_1,router_1,2,client-router-server,8.85,2.01,13,75.9,47.45,45.17,61.74,7.74,8.85,0.01,2257,2256,1,1,59.58,traffic_spike,1,0,0
2026-01-01 18:18:00,559,low,client_1,server_1,router_1,2,client-router-server,10.16,1.93,14,75.75,42.77,33.56,43.68,4.81,10.16,0.01,2849,2848,1,1,5.54,traffic_spike,1,0,0
2026-01-01 18:19:00,560,low,client_1,server_1,router_1,2,client-router-server,8.12,1.54,11,167.95,100.0,100.0,111.22,9.22,8.12,3.07,3310,3209,101,70,19.91,traffic_spike,1,0,1
2026-01-01 18:20:00,561,low,client_1,server_1,router_1,2,client-router-server,8.4,2.4,7,91.44,67.76,66.03,87.72,9.8,8.4,1.18,3122,3086,36,0,42.77,traffic_spike,1,0,1
2026-01-01 18:21:00,562,low,client_3,server_1,router_1,2,client-router-server,8.84,2.1,7,67.63,51.06,48.38,53.33,9.54,8.84,0.07,4595,4592,3,2,48.92,traffic_spike,1,0,0
2026-01-01 18:22:00,563,low,client_2,server_1,router_1,2,client-router-server,12.12,1.63,11,115.25,37.23,35.18,34.19,5.61,12.12,0.01,1628,1627,1,0,56.97,traffic_spike,1,0,0
2026-01-01 18:23:00,564,low,client_1,server_1,router_1,2,client-router-server,9.96,2.26,6,139.52,91.02,100.0,93.42,10.37,9.96,3.0,5361,5201,160,31,27.3,traffic_spike,1,0,1
2026-01-01 18:24:00,565,low,client_3,server_1,router_1,2,client-router-server,11.25,2.34,5,138.24,48.87,49.71,72.02,10.32,11.25,0.01,5975,5974,1,1,58.06,traffic_spike,1,0,0
2026-01-01 18:25:00,566,low,client_3,server_1,router_1,2,client-router-server,8.17,2.08,8,68.48,36.99,19.81,41.59,5.09,8.17,0.01,5416,5415,1,0,20.95,traffic_spike,1,0,0
2026-01-01 18:26:00,567,low,client_2,server_1,router_1,2,client-router-server,9.47,2.26,8,51.74,36.56,42.06,57.58,7.3,9.47,0.01,4999,4998,1,0,24.57,traffic_spike,1,0,0
2026-01-01 18:27:00,568,low,client_2,server_1,router_1,2,client-router-server,11.95,2.48,9,84.54,26.49,19.82,26.44,5.11,11.95,0.01,2014,2013,1,1,5.38,traffic_spike,1,0,0
2026-01-01 18:28:00,569,low,client_2,server_1,router_1,2,client-router-server,9.32,2.62,8,104.1,73.37,64.24,66.04,12.28,9.32,1.63,4555,4481,74,0,24.76,traffic_spike,1,0,0
2026-01-01 18:29:00,570,low,client_1,server_1,router_1,2,client-router-server,9.47,2.52,6,65.35,41.24,46.63,40.45,4.4,9.47,0.01,4449,4448,1,1,35.26,traffic_spike,1,0,0
2026-01-01 18:30:00,571,low,client_3,server_1,router_1,2,client-router-server,11.91,2.47,7,92.45,38.87,44.56,57.4,4.76,11.91,0.01,2274,2273,1,1,32.5,traffic_spike,1,0,0
2026-01-01 18:31:00,572,low,client_1,server_1,router_1,2,client-router-server,12.38,2.47,5,128.53,61.77,49.66,57.16,8.46,12.38,0.62,5188,5156,32,11,18.72,traffic_spike,1,0,0
2026-01-01 18:32:00,573,low,client_2,server_1,router_1,2,client-router-server,8.49,1.96,16,83.99,57.63,61.49,73.63,6.3,8.49,0.91,2218,2198,20,7,11.63,traffic_spike,1,0,0
2026-01-01 18:33:00,574,low,client_2,server_1,router_1,2,client-router-server,10.58,2.3,8,159.89,50.83,27.23,50.27,6.09,10.58,0.04,4925,4924,1,0,33.04,traffic_spike,1,0,0
2026-01-01 18:34:00,575,low,client_2,server_1,router_1,2,client-router-server,9.26,1.54,6,78.52,39.62,28.68,32.9,2.2,9.26,0.01,4867,4866,1,1,54.97,traffic_spike,1,0,0
2026-01-01 18:35:00,576,low,client_1,server_1,router_1,2,client-router-server,9.02,1.73,9,161.25,60.56,30.86,63.79,9.45,9.02,1.02,5824,5765,59,33,38.26,traffic_spike,1,0,0
2026-01-01 18:36:00,577,low,client_2,server_1,router_1,2,client-router-server,8.03,2.17,8,113.43,77.95,71.81,57.78,13.47,8.03,2.89,4651,4517,134,25,9.12,traffic_spike,1,0,0
2026-01-01 18:37:00,578,low,client_2,server_1,router_1,2,client-router-server,8.51,2.03,9,143.89,99.47,52.79,73.69,8.35,8.51,5.39,5590,5289,301,177,54.22,traffic_spike,1,0,1
2026-01-01 18:38:00,579,low,client_3,server_1,router_1,2,client-router-server,9.6,2.37,6,152.32,100.0,85.27,68.59,11.37,9.6,2.08,5638,5521,117,7,48.69,traffic_spike,1,0,1
2026-01-01 18:39:00,580,low,client_3,server_1,router_1,2,client-router-server,11.85,1.7,18,99.97,58.09,35.78,70.92,7.57,11.85,0.53,2507,2494,13,0,13.8,traffic_spike,1,0,0
2026-01-01 18:40:00,581,low,client_3,server_1,router_1,2,client-router-server,9.78,1.45,5,159.36,95.01,82.43,84.67,8.48,9.78,3.59,1373,1324,49,34,18.1,traffic_spike,1,0,1
2026-01-01 18:41:00,582,low,client_1,server_1,router_1,2,client-router-server,11.45,2.39,9,157.33,76.53,51.6,95.04,6.28,11.45,1.63,4023,3958,65,41,9.58,traffic_spike,1,0,1
2026-01-01 18:42:00,583,low,client_3,server_1,router_1,2,client-router-server,10.56,2.62,9,134.77,54.86,29.63,69.2,8.59,10.56,0.57,1128,1122,6,4,41.15,traffic_spike,1,0,0
2026-01-01 18:43:00,584,low,client_3,server_1,router_1,2,client-router-server,12.23,2.42,6,139.03,45.81,42.99,56.3,4.57,12.23,0.01,4239,4238,1,0,29.53,traffic_spike,1,0,0
2026-01-01 18:44:00,585,low,client_2,server_1,router_1,2,client-router-server,9.98,2.54,10,66.99,32.47,34.77,33.94,7.47,9.98,0.01,3540,3539,1,0,53.69,traffic_spike,1,0,0
2026-01-01 18:45:00,586,low,client_3,server_1,router_1,2,client-router-server,9.63,1.55,14,66.69,33.38,31.76,39.11,7.01,9.63,0.01,1816,1815,1,1,26.12,traffic_spike,1,0,0
2026-01-01 18:46:00,587,low,client_1,server_1,router_1,2,client-router-server,8.16,1.52,17,155.68,100.0,68.74,129.45,11.95,8.16,1.54,5443,5360,83,43,51.9,traffic_spike,1,0,1
2026-01-01 18:47:00,588,low,client_1,server_1,router_1,2,client-router-server,11.58,1.54,12,146.55,53.53,44.71,49.49,6.73,11.58,0.28,1364,1361,3,0,34.96,traffic_spike,1,0,0
2026-01-01 18:48:00,589,low,client_2,server_1,router_1,2,client-router-server,8.63,1.55,7,45.51,23.95,17.9,27.97,8.91,8.63,0.01,1920,1919,1,1,14.33,traffic_spike,1,0,0
2026-01-01 18:49:00,590,low,client_1,server_1,router_1,2,client-router-server,8.09,2.36,9,94.11,77.86,89.06,107.77,7.62,8.09,2.17,4483,4386,97,19,54.12,traffic_spike,1,0,1
2026-01-01 18:50:00,591,low,client_3,server_1,router_1,2,client-router-server,8.86,1.95,18,89.57,50.52,38.31,47.26,10.78,8.86,0.05,2217,2216,1,0,22.61,traffic_spike,1,0,0
2026-01-01 18:51:00,592,low,client_3,server_1,router_1,2,client-router-server,7.84,2.37,17,143.44,97.18,100.0,87.82,9.38,7.84,2.19,3615,3536,79,63,28.31,traffic_spike,1,0,1
2026-01-01 18:52:00,593,low,client_2,server_1,router_1,2,client-router-server,11.51,1.99,14,142.22,69.39,46.64,67.42,8.09,11.51,1.51,4150,4088,62,5,36.95,traffic_spike,1,0,0
2026-01-01 18:53:00,594,low,client_3,server_1,router_1,2,client-router-server,11.02,2.59,17,136.44,48.79,24.49,68.36,3.73,11.02,0.01,1488,1487,1,1,24.85,traffic_spike,1,0,0
2026-01-01 18:54:00,595,low,client_1,server_1,router_1,2,client-router-server,10.26,2.37,9,109.78,71.96,57.19,60.84,7.24,10.26,0.89,2172,2153,19,12,45.32,traffic_spike,1,0,0
2026-01-01 18:55:00,596,low,client_2,server_1,router_1,2,client-router-server,10.41,2.06,10,50.08,23.61,21.62,26.38,2.7,10.41,0.01,4411,4410,1,0,47.1,traffic_spike,1,0,0
2026-01-01 18:56:00,597,low,client_1,server_1,router_1,2,client-router-server,9.85,1.42,16,119.53,71.48,57.95,82.45,3.0,9.85,0.76,5949,5904,45,11,32.68,traffic_spike,1,0,1
2026-01-01 18:57:00,598,low,client_2,server_1,router_1,2,client-router-server,11.06,1.96,15,162.6,59.28,53.38,57.09,7.09,11.06,0.51,4092,4072,20,4,45.87,traffic_spike,1,0,0
2026-01-01 18:58:00,599,low,client_1,server_1,router_1,2,client-router-server,12.38,1.67,8,101.41,44.4,24.6,54.2,6.97,12.38,0.01,1447,1446,1,1,40.57,traffic_spike,1,0,0
2026-01-01 18:59:00,600,low,client_1,server_1,router_1,2,client-router-server,11.73,1.45,6,60.38,16.02,11.17,24.72,2.35,11.73,0.01,5519,5518,1,0,40.11,traffic_spike,1,0,0
2026-01-01 19:00:00,601,low,client_2,server_1,router_1,2,client-router-server,10.32,2.45,6,167.67,100.0,53.2,82.66,9.66,10.32,3.1,4261,4129,132,128,15.72,traffic_spike,1,0,1
2026-01-01 19:01:00,602,low,client_3,server_1,router_1,2,client-router-server,7.99,1.81,10,169.4,98.14,100.0,76.19,9.5,7.99,3.99,5803,5572,231,222,51.86,traffic_spike,1,0,1
2026-01-01 19:02:00,603,low,client_1,server_1,router_1,2,client-router-server,7.97,1.88,15,110.85,81.7,91.43,107.15,10.98,7.97,1.41,5229,5156,73,66,56.16,traffic_spike,1,0,1
2026-01-01 19:03:00,604,low,client_1,server_1,router_1,2,client-router-server,12.2,1.42,10,86.25,22.34,22.32,34.08,4.46,12.2,0.01,5644,5643,1,1,10.36,traffic_spike,1,0,0
2026-01-01 19:04:00,605,low,client_2,server_1,router_1,2,client-router-server,11.98,2.05,13,158.06,65.91,53.94,54.98,4.66,11.98,1.3,1582,1562,20,5,44.09,traffic_spike,1,0,0
2026-01-01 19:05:00,606,low,client_2,server_1,router_1,2,client-router-server,12.12,2.58,9,140.21,78.2,92.29,86.47,6.45,12.12,1.88,2056,2018,38,28,25.17,traffic_spike,1,0,1
2026-01-01 19:06:00,607,low,client_2,server_1,router_1,2,client-router-server,9.75,1.55,10,58.22,38.87,46.41,35.99,8.75,9.75,0.01,5594,5593,1,0,13.5,traffic_spike,1,0,0
2026-01-01 19:07:00,608,low,client_2,server_1,router_1,2,client-router-server,8.62,2.74,7,123.22,92.87,89.94,87.82,9.12,8.62,4.44,2476,2367,109,93,10.96,traffic_spike,1,0,1
2026-01-01 19:08:00,609,low,client_2,server_1,router_1,2,client-router-server,7.82,1.85,17,100.0,55.88,51.58,50.99,7.69,7.82,0.42,4849,4829,20,4,40.21,traffic_spike,1,0,0
2026-01-01 19:09:00,610,low,client_1,server_1,router_1,2,client-router-server,11.54,1.5,14,135.84,72.49,85.9,67.01,4.03,11.54,2.21,3064,2997,67,22,9.6,traffic_spike,1,0,0
2026-01-01 19:10:00,611,low,client_2,server_1,router_1,2,client-router-server,11.86,2.72,6,88.48,38.04,36.85,39.49,7.79,11.86,0.01,3432,3431,1,0,15.92,traffic_spike,1,0,0
2026-01-01 19:11:00,612,low,client_2,server_1,router_1,2,client-router-server,12.33,2.78,12,118.02,45.44,51.75,56.67,9.2,12.33,0.01,5738,5737,1,0,22.81,traffic_spike,1,0,0
2026-01-01 19:12:00,613,low,client_3,server_1,router_1,2,client-router-server,7.57,2.6,16,152.03,100.0,100.0,104.96,9.97,7.57,4.53,1030,984,46,28,56.88,traffic_spike,1,0,1
2026-01-01 19:13:00,614,low,client_3,server_1,router_1,2,client-router-server,7.68,2.74,12,127.35,99.21,62.64,110.58,11.98,7.68,2.43,2565,2503,62,62,42.38,traffic_spike,1,0,1
2026-01-01 19:14:00,615,low,client_2,server_1,router_1,2,client-router-server,9.03,1.87,18,90.18,62.68,36.81,64.33,10.8,9.03,0.78,4488,4453,35,33,58.57,traffic_spike,1,0,0
2026-01-01 19:15:00,616,low,client_1,server_1,router_1,2,client-router-server,10.47,1.55,12,96.06,47.44,36.39,64.32,8.01,10.47,0.01,1812,1811,1,0,49.33,traffic_spike,1,0,0
2026-01-01 19:16:00,617,low,client_3,server_1,router_1,2,client-router-server,9.98,2.04,5,122.12,73.5,84.46,61.42,8.14,9.98,0.77,4445,4411,34,13,17.26,traffic_spike,1,0,0
2026-01-01 19:17:00,618,low,client_2,server_1,router_1,2,client-router-server,8.12,1.77,6,72.51,61.35,69.93,66.26,10.56,8.12,1.1,4069,4025,44,14,32.92,traffic_spike,1,0,0
2026-01-01 19:18:00,619,low,client_3,server_1,router_1,2,client-router-server,12.05,2.74,9,92.43,43.67,21.96,59.65,2.17,12.05,0.01,5251,5250,1,1,23.43,traffic_spike,1,0,0
2026-01-01 19:19:00,620,low,client_2,server_1,router_1,2,client-router-server,10.58,2.01,8,114.56,49.52,26.55,67.42,7.79,10.58,0.01,4302,4301,1,1,33.45,traffic_spike,1,0,0
2026-01-01 19:20:00,621,low,client_1,server_1,router_1,2,client-router-server,10.66,2.28,16,145.7,83.88,91.44,98.67,7.28,10.66,3.91,1764,1696,68,3,29.06,traffic_spike,1,0,1
2026-01-01 19:21:00,622,low,client_3,server_1,router_1,2,client-router-server,12.1,2.15,7,55.95,15.33,11.77,26.45,2.64,12.1,0.01,2963,2962,1,0,21.33,traffic_spike,1,0,0
2026-01-01 19:22:00,623,low,client_1,server_1,router_1,2,client-router-server,11.35,1.6,16,147.39,73.2,50.69,97.33,9.66,11.35,1.91,4761,4671,90,76,11.75,traffic_spike,1,0,1
2026-01-01 19:23:00,624,low,client_2,server_1,router_1,2,client-router-server,9.31,2.29,7,60.55,41.32,31.96,47.12,2.16,9.31,0.01,4439,4438,1,1,53.93,traffic_spike,1,0,0
2026-01-01 19:24:00,625,low,client_2,server_1,router_1,2,client-router-server,12.02,2.44,17,65.81,30.87,29.07,46.63,3.07,12.02,0.01,5915,5914,1,0,13.71,traffic_spike,1,0,0
2026-01-01 19:25:00,626,low,client_1,server_1,router_1,2,client-router-server,10.09,1.68,8,122.77,73.54,47.91,67.78,8.89,10.09,1.0,2036,2016,20,8,20.05,traffic_spike,1,0,0
2026-01-01 19:26:00,627,low,client_1,server_1,router_1,2,client-router-server,9.84,2.51,10,136.75,86.66,69.78,116.03,10.49,9.84,1.75,3302,3245,57,25,10.66,traffic_spike,1,0,1
2026-01-01 19:27:00,628,low,client_3,server_1,router_1,2,client-router-server,11.11,2.29,9,64.97,27.68,22.48,37.12,3.98,11.11,0.01,2636,2635,1,1,25.57,traffic_spike,1,0,0
2026-01-01 19:28:00,629,low,client_1,server_1,router_1,2,client-router-server,10.06,1.66,12,62.58,33.26,23.46,47.24,8.11,10.06,0.01,2473,2472,1,1,28.62,traffic_spike,1,0,0
2026-01-01 19:29:00,630,low,client_1,server_1,router_1,2,client-router-server,8.23,2.24,6,73.4,37.97,19.24,47.33,7.26,8.23,0.01,2905,2904,1,0,26.21,traffic_spike,1,0,0
2026-01-01 19:30:00,631,low,client_3,server_1,router_1,2,client-router-server,10.54,2.52,8,58.52,36.27,39.97,34.4,8.89,10.54,0.01,3622,3621,1,0,15.84,traffic_spike,1,0,0
2026-01-01 19:31:00,632,low,client_2,server_1,router_1,2,client-router-server,8.12,2.58,5,167.15,75.85,55.28,71.72,7.85,8.12,2.27,1038,1015,23,14,20.64,traffic_spike,1,0,0
2026-01-01 19:32:00,633,low,client_2,server_1,router_1,2,client-router-server,7.7,1.84,5,163.27,100.0,54.86,67.63,12.96,7.7,2.74,4279,4162,117,10,35.6,traffic_spike,1,0,1
2026-01-01 19:33:00,634,low,client_3,server_1,router_1,2,client-router-server,9.77,1.85,5,99.65,65.22,76.76,56.98,7.34,9.77,0.5,1085,1080,5,1,10.78,traffic_spike,1,0,0
2026-01-01 19:34:00,635,low,client_3,server_1,router_1,2,client-router-server,8.46,1.83,16,96.83,75.65,57.36,99.54,13.68,8.46,2.77,1352,1315,37,7,7.64,traffic_spike,1,0,1
2026-01-01 19:35:00,636,low,client_2,server_1,router_1,2,client-router-server,9.4,2.13,10,136.43,84.1,96.5,97.29,5.13,9.4,1.48,4385,4321,64,57,41.75,traffic_spike,1,0,1
2026-01-01 19:36:00,637,low,client_1,server_1,router_1,2,client-router-server,8.9,2.6,14,106.7,73.02,61.18,56.14,10.94,8.9,1.42,2985,2943,42,42,40.59,traffic_spike,1,0,0
2026-01-01 19:37:00,638,low,client_3,server_1,router_1,2,client-router-server,8.56,1.84,6,58.44,38.79,32.11,42.39,5.98,8.56,0.01,5210,5209,1,1,46.83,traffic_spike,1,0,0
2026-01-01 19:38:00,639,low,client_2,server_1,router_1,2,client-router-server,12.07,1.83,15,68.05,21.85,16.49,36.95,8.19,12.07,0.01,3276,3275,1,1,14.03,traffic_spike,1,0,0
2026-01-01 19:39:00,640,low,client_3,server_1,router_1,2,client-router-server,8.04,1.7,15,61.16,26.17,13.39,31.59,4.14,8.04,0.01,1969,1968,1,0,24.49,traffic_spike,1,0,0
2026-01-01 19:40:00,641,low,client_2,server_1,router_1,2,client-router-server,9.71,1.55,13,98.71,45.53,24.33,45.27,8.94,9.71,0.01,3260,3259,1,1,33.52,traffic_spike,1,0,0
2026-01-01 19:41:00,642,low,client_1,server_1,router_1,2,client-router-server,8.08,1.71,15,73.54,59.89,54.06,54.78,6.91,8.08,1.08,4314,4268,46,25,26.61,traffic_spike,1,0,0
2026-01-01 19:42:00,643,low,client_3,server_1,router_1,2,client-router-server,8.52,2.35,9,103.99,67.71,67.31,64.2,3.13,8.52,1.98,3501,3432,69,30,14.36,traffic_spike,1,0,0
2026-01-01 19:43:00,644,low,client_1,server_1,router_1,2,client-router-server,12.31,2.22,7,88.69,40.81,32.63,33.44,10.79,12.31,0.01,1079,1078,1,1,58.32,traffic_spike,1,0,0
2026-01-01 19:44:00,645,low,client_2,server_1,router_1,2,client-router-server,11.59,2.43,18,73.34,33.34,39.78,50.79,5.68,11.59,0.01,3495,3494,1,1,29.89,traffic_spike,1,0,0
2026-01-01 19:45:00,646,low,client_3,server_1,router_1,2,client-router-server,9.79,2.13,9,125.41,80.84,57.46,72.71,9.46,9.79,3.33,4967,4802,165,28,19.85,traffic_spike,1,0,0
2026-01-01 19:46:00,647,low,client_3,server_1,router_1,2,client-router-server,8.6,1.93,5,65.9,53.46,40.1,40.56,8.34,8.6,0.24,1731,1727,4,1,55.64,traffic_spike,1,0,0
2026-01-01 19:47:00,648,low,client_1,server_1,router_1,2,client-router-server,12.0,1.83,9,157.44,62.94,73.69,73.13,6.68,12.0,1.42,4418,4356,62,60,59.67,traffic_spike,1,0,0
2026-01-01 19:48:00,649,low,client_1,server_1,router_1,2,client-router-server,10.56,2.13,14,109.56,49.11,40.2,70.97,8.38,10.56,0.01,2205,2204,1,1,42.45,traffic_spike,1,0,0
2026-01-01 19:49:00,650,low,client_2,server_1,router_1,2,client-router-server,9.93,2.57,14,111.42,36.56,25.82,41.4,5.06,9.93,0.01,1041,1040,1,1,24.37,traffic_spike,1,0,0
2026-01-01 19:50:00,651,low,client_1,server_1,router_1,2,client-router-server,11.43,1.44,9,71.71,31.42,36.79,42.26,9.65,11.43,0.01,4539,4538,1,0,20.99,traffic_spike,1,0,0
2026-01-01 19:51:00,652,low,client_2,server_1,router_1,2,client-router-server,9.61,1.68,8,100.43,71.77,40.82,60.0,5.89,9.61,1.76,3641,3577,64,17,42.58,normal,1,0,0
2026-01-01 19:52:00,653,low,client_1,server_1,router_1,2,client-router-server,7.93,2.36,11,76.09,50.53,47.49,59.02,7.3,7.93,0.04,4620,4619,1,1,32.71,normal,1,0,0
2026-01-01 19:53:00,654,low,client_2,server_1,router_1,2,client-router-server,12.31,2.16,12,63.56,25.02,28.49,26.17,7.0,12.31,0.01,2987,2986,1,1,12.0,normal,1,0,0
2026-01-01 19:54:00,655,low,client_3,server_1,router_1,2,client-router-server,8.13,2.55,9,46.69,32.62,26.88,45.85,6.92,8.13,0.01,1876,1875,1,1,37.69,normal,1,0,0
2026-01-01 19:55:00,656,low,client_3,server_1,router_1,2,client-router-server,8.11,2.3,12,94.76,62.38,53.5,76.96,9.09,8.11,1.0,2117,2096,21,7,54.23,normal,1,0,0
2026-01-01 19:56:00,657,low,client_1,server_1,router_1,2,client-router-server,12.18,1.43,9,87.91,44.91,42.06,42.69,2.78,12.18,0.01,3025,3024,1,0,10.7,normal,1,0,0
2026-01-01 19:57:00,658,low,client_3,server_1,router_1,2,client-router-server,9.0,1.43,12,73.19,40.13,25.23,37.7,8.36,9.0,0.01,2009,2008,1,1,13.04,normal,1,0,0
2026-01-01 19:58:00,659,low,client_1,server_1,router_1,2,client-router-server,10.06,2.52,18,89.46,51.56,33.01,54.57,4.37,10.06,0.13,3254,3250,4,3,26.22,normal,1,0,0
2026-01-01 19:59:00,660,low,client_2,server_1,router_1,2,client-router-server,8.92,2.41,11,93.23,36.38,28.11,44.96,3.39,8.92,0.01,3905,3904,1,0,30.73,normal,1,0,0
2026-01-01 20:00:00,661,low,client_2,server_1,router_1,2,client-router-server,11.78,2.6,5,109.0,46.38,34.52,58.38,4.84,11.78,0.01,5613,5612,1,1,30.27,normal,1,0,0
2026-01-01 20:01:00,662,low,client_1,server_1,router_1,2,client-router-server,12.12,1.85,9,98.75,26.67,29.0,35.5,9.24,12.12,0.01,5153,5152,1,1,12.12,normal,1,0,0
2026-01-01 20:02:00,663,low,client_3,server_1,router_1,2,client-router-server,7.84,2.63,10,86.29,34.32,34.77,36.25,7.37,7.84,0.01,2896,2895,1,0,10.8,normal,1,0,0
2026-01-01 20:03:00,664,low,client_3,server_1,router_1,2,client-router-server,7.82,2.03,11,92.99,64.78,37.58,81.83,5.77,7.82,1.25,2425,2395,30,10,10.92,normal,1,0,1
2026-01-01 20:04:00,665,low,client_1,server_1,router_1,2,client-router-server,8.76,2.34,15,76.03,41.23,28.87,38.07,4.97,8.76,0.01,5768,5767,1,0,39.6,normal,1,0,0
2026-01-01 20:05:00,666,low,client_1,server_1,router_1,2,client-router-server,9.3,2.2,5,104.15,51.87,45.78,42.52,5.61,9.3,0.21,5064,5054,10,3,50.78,normal,1,0,0
2026-01-01 20:06:00,667,low,client_2,server_1,router_1,2,client-router-server,10.29,1.72,13,65.69,22.67,12.4,28.33,4.18,10.29,0.01,3443,3442,1,0,11.49,normal,1,0,0
2026-01-01 20:07:00,668,low,client_3,server_1,router_1,2,client-router-server,12.2,2.7,13,58.18,31.9,21.56,42.78,3.78,12.2,0.01,5713,5712,1,0,51.93,normal,1,0,0
2026-01-01 20:08:00,669,low,client_3,server_1,router_1,2,client-router-server,10.99,2.17,9,60.79,19.05,15.81,33.02,3.26,10.99,0.01,3740,3739,1,0,12.66,normal,1,0,0
2026-01-01 20:09:00,670,low,client_3,server_1,router_1,2,client-router-server,11.89,2.26,10,109.26,36.23,19.96,52.53,9.58,11.89,0.01,1579,1578,1,1,37.9,normal,1,0,0
2026-01-01 20:10:00,671,low,client_1,server_1,router_1,2,client-router-server,11.12,1.44,13,67.85,20.84,17.66,25.15,4.47,11.12,0.01,2865,2864,1,0,56.22,normal,1,0,0
2026-01-01 20:11:00,672,low,client_1,server_1,router_1,2,client-router-server,10.92,2.26,13,81.3,22.87,19.15,29.18,4.27,10.92,0.01,1946,1945,1,1,11.49,normal,1,0,0
2026-01-01 20:12:00,673,low,client_2,server_1,router_1,2,client-router-server,7.79,1.51,10,51.07,25.75,23.48,29.09,8.12,7.79,0.01,1122,1121,1,0,49.69,normal,1,0,0
2026-01-01 20:13:00,674,low,client_1,server_1,router_1,2,client-router-server,9.25,2.43,12,44.2,26.86,18.02,29.85,6.55,9.25,0.01,3049,3048,1,0,32.22,normal,1,0,0
2026-01-01 20:14:00,675,low,client_2,server_1,router_1,2,client-router-server,12.21,2.39,18,57.22,28.68,20.22,38.64,5.72,12.21,0.01,1442,1441,1,1,54.52,normal,1,0,0
2026-01-01 20:15:00,676,low,client_3,server_1,router_1,2,client-router-server,8.19,2.04,12,54.04,45.55,30.13,57.9,4.4,8.19,0.01,2925,2924,1,1,40.74,normal,1,0,0
2026-01-01 20:16:00,677,low,client_1,server_1,router_1,2,client-router-server,8.89,1.69,5,67.92,34.66,37.4,33.39,4.91,8.89,0.01,4151,4150,1,1,7.44,normal,1,0,0
2026-01-01 20:17:00,678,low,client_1,server_1,router_1,2,client-router-server,9.03,1.88,15,63.12,36.11,26.85,30.47,7.92,9.03,0.01,5841,5840,1,0,46.65,normal,1,0,0
2026-01-01 20:18:00,679,low,client_3,server_1,router_1,2,client-router-server,12.14,2.41,11,106.67,52.8,56.24,62.82,11.68,12.14,0.16,5380,5372,8,7,28.31,normal,1,0,0
2026-01-01 20:19:00,680,low,client_3,server_1,router_1,2,client-router-server,11.23,1.95,9,47.91,28.58,16.93,25.12,8.8,11.23,0.01,5446,5445,1,1,23.56,normal,1,0,0
2026-01-01 20:20:00,681,low,client_3,server_1,router_1,2,client-router-server,11.41,2.05,9,67.02,36.66,33.93,34.64,6.42,11.41,0.01,4790,4789,1,0,29.2,normal,1,0,0
2026-01-01 20:21:00,682,low,client_2,server_1,router_1,2,client-router-server,9.54,1.58,12,86.18,48.04,26.7,64.72,8.57,9.54,0.01,3262,3261,1,1,52.8,normal,1,0,0
2026-01-01 20:22:00,683,low,client_3,server_1,router_1,2,client-router-server,7.75,1.42,7,50.29,22.44,11.82,32.09,8.25,7.75,0.01,1498,1497,1,1,58.64,normal,1,0,0
2026-01-01 20:23:00,684,low,client_2,server_1,router_1,2,client-router-server,9.25,2.63,13,92.88,33.24,26.95,40.58,3.97,9.25,0.01,4407,4406,1,0,40.3,normal,1,0,0
2026-01-01 20:24:00,685,low,client_1,server_1,router_1,2,client-router-server,9.17,1.7,5,66.31,33.5,32.04,40.85,9.73,9.17,0.01,2229,2228,1,0,10.84,normal,1,0,0
2026-01-01 20:25:00,686,low,client_2,server_1,router_1,2,client-router-server,11.42,2.79,13,94.81,48.58,56.25,53.56,7.97,11.42,0.01,1642,1641,1,0,57.72,normal,1,0,0
2026-01-01 20:26:00,687,low,client_3,server_1,router_1,2,client-router-server,11.17,2.21,13,114.29,52.75,30.85,69.71,9.56,11.17,0.25,3596,3588,8,4,15.73,normal,1,0,0
2026-01-01 20:27:00,688,low,client_1,server_1,router_1,2,client-router-server,9.31,2.31,10,59.75,30.96,31.69,31.22,4.67,9.31,0.01,3883,3882,1,0,55.3,normal,1,0,0
2026-01-01 20:28:00,689,low,client_3,server_1,router_1,2,client-router-server,10.35,1.57,8,69.96,42.63,25.05,48.1,8.33,10.35,0.01,3132,3131,1,1,23.79,normal,1,0,0
2026-01-01 20:29:00,690,low,client_2,server_1,router_1,2,client-router-server,9.97,1.45,11,70.1,45.88,29.3,39.99,5.56,9.97,0.01,4849,4848,1,0,11.95,normal,1,0,0
2026-01-01 20:30:00,691,low,client_2,server_1,router_1,2,client-router-server,8.16,2.66,5,96.6,76.56,87.51,106.59,6.86,8.16,2.13,1975,1933,42,21,54.36,normal,1,0,1
2026-01-01 20:31:00,692,low,client_3,server_1,router_1,2,client-router-server,7.73,1.66,14,91.16,70.23,52.57,70.67,7.16,7.73,2.13,4908,4804,104,89,12.4,normal,1,0,0
2026-01-01 20:32:00,693,low,client_3,server_1,router_1,2,client-router-server,11.98,1.88,18,101.5,45.53,34.55,55.82,5.76,11.98,0.01,1793,1792,1,0,21.35,normal,1,0,0
2026-01-01 20:33:00,694,low,client_3,server_1,router_1,2,client-router-server,11.72,2.21,13,106.0,42.57,30.9,42.7,3.47,11.72,0.01,2725,2724,1,1,33.55,normal,1,0,0
2026-01-01 20:34:00,695,low,client_3,server_1,router_1,2,client-router-server,8.09,1.69,10,41.73,21.12,17.05,34.95,4.6,8.09,0.01,2897,2896,1,1,12.76,normal,1,0,0
2026-01-01 20:35:00,696,low,client_3,server_1,router_1,2,client-router-server,7.7,2.13,17,51.64,44.01,38.58,41.33,7.47,7.7,0.01,5678,5677,1,1,45.26,normal,1,0,0
2026-01-01 20:36:00,697,low,client_2,server_1,router_1,2,client-router-server,12.1,1.71,9,109.59,31.52,35.37,40.57,2.5,12.1,0.01,3897,3896,1,0,45.94,normal,1,0,0
2026-01-01 20:37:00,698,low,client_1,server_1,router_1,2,client-router-server,9.77,2.18,10,46.78,28.45,27.61,28.38,7.91,9.77,0.01,5270,5269,1,1,15.47,normal,1,0,0
2026-01-01 20:38:00,699,low,client_3,server_1,router_1,2,client-router-server,8.73,2.29,5,110.6,67.72,75.2,62.57,5.63,8.73,1.3,5069,5004,65,36,12.25,normal,1,0,0
2026-01-01 20:39:00,700,low,client_1,server_1,router_1,2,client-router-server,7.52,2.08,13,105.53,45.88,40.85,43.22,4.32,7.52,0.01,5783,5782,1,0,40.07,normal,1,0,0
2026-01-01 20:40:00,701,low,client_3,server_1,router_1,2,client-router-server,11.88,1.86,7,108.45,51.78,43.66,62.28,7.91,11.88,0.1,3353,3350,3,3,58.31,normal,1,0,0
2026-01-01 20:41:00,702,low,client_3,server_1,router_1,2,client-router-server,9.09,1.78,11,45.66,17.35,17.14,28.93,7.27,9.09,0.01,4375,4374,1,0,6.59,normal,1,0,0
2026-01-01 20:42:00,703,low,client_1,server_1,router_1,2,client-router-server,11.36,1.46,18,89.62,31.92,23.06,36.12,5.5,11.36,0.01,2793,2792,1,1,39.99,normal,1,0,0
2026-01-01 20:43:00,704,low,client_2,server_1,router_1,2,client-router-server,10.18,2.39,11,59.73,35.9,20.72,52.84,6.27,10.18,0.01,1172,1171,1,1,9.96,normal,1,0,0
2026-01-01 20:44:00,705,low,client_2,server_1,router_1,2,client-router-server,7.75,1.7,17,88.4,43.82,38.34,65.42,8.78,7.75,0.01,2322,2321,1,1,23.23,normal,1,0,0
2026-01-01 20:45:00,706,low,client_3,server_1,router_1,2,client-router-server,7.6,1.57,8,101.04,89.89,51.4,81.28,7.04,7.6,2.28,3025,2957,68,4,19.99,normal,1,0,1
2026-01-01 20:46:00,707,low,client_2,server_1,router_1,2,client-router-server,11.88,2.22,15,72.33,39.26,21.73,43.91,8.44,11.88,0.01,5437,5436,1,0,10.26,normal,1,0,0
2026-01-01 20:47:00,708,low,client_2,server_1,router_1,2,client-router-server,11.42,1.71,8,105.25,43.32,44.21,45.33,5.34,11.42,0.01,4084,4083,1,1,28.62,normal,1,0,0
2026-01-01 20:48:00,709,low,client_2,server_1,router_1,2,client-router-server,11.01,1.43,13,55.16,25.18,19.33,41.44,8.03,11.01,0.01,4704,4703,1,0,36.78,normal,1,0,0
2026-01-01 20:49:00,710,low,client_1,server_1,router_1,2,client-router-server,10.71,2.26,12,66.18,26.75,28.54,44.68,2.47,10.71,0.01,3047,3046,1,0,12.77,normal,1,0,0
2026-01-01 20:50:00,711,low,client_2,server_1,router_1,2,client-router-server,8.66,1.69,13,92.73,64.99,43.96,58.96,5.25,8.66,0.88,4330,4292,38,0,19.75,normal,1,0,0
2026-01-01 20:51:00,712,low,client_3,server_1,router_1,2,client-router-server,12.3,2.46,17,74.15,23.77,19.56,31.46,6.41,12.3,0.01,4487,4486,1,0,25.66,normal,1,0,0
2026-01-01 20:52:00,713,low,client_1,server_1,router_1,2,client-router-server,9.69,1.82,13,88.6,62.98,33.21,60.53,6.49,9.69,0.96,5481,5429,52,26,26.97,normal,1,0,0
2026-01-01 20:53:00,714,low,client_2,server_1,router_1,2,client-router-server,8.86,1.69,9,97.2,47.06,52.83,57.96,3.92,8.86,0.01,4041,4040,1,1,30.97,normal,1,0,0
2026-01-01 20:54:00,715,low,client_2,server_1,router_1,2,client-router-server,8.18,2.37,16,96.8,60.32,65.18,47.58,5.66,8.18,0.37,3554,3541,13,11,15.32,normal,1,0,0
2026-01-01 20:55:00,716,low,client_3,server_1,router_1,2,client-router-server,9.84,2.47,12,55.74,20.54,15.31,29.32,3.77,9.84,0.01,4491,4490,1,1,25.2,normal,1,0,0
2026-01-01 20:56:00,717,low,client_2,server_1,router_1,2,client-router-server,7.89,2.59,13,80.47,36.82,37.24,39.39,3.8,7.89,0.01,4137,4136,1,1,36.66,normal,1,0,0
2026-01-01 20:57:00,718,low,client_3,server_1,router_1,2,client-router-server,10.58,1.4,9,113.56,71.24,46.06,47.84,4.97,10.58,2.41,2174,2122,52,10,31.15,normal,1,0,0
2026-01-01 20:58:00,719,low,client_1,server_1,router_1,2,client-router-server,9.63,1.84,5,52.38,26.58,18.92,38.56,3.84,9.63,0.01,3908,3907,1,1,51.13,normal,1,0,0
2026-01-01 20:59:00,720,low,client_1,server_1,router_1,2,client-router-server,12.23,1.65,14,107.49,55.67,55.56,76.11,7.67,12.23,0.57,5570,5539,31,27,40.87,normal,1,0,0
2026-01-01 21:00:00,721,low,client_2,server_1,router_1,2,client-router-server,11.14,2.14,18,75.01,25.96,23.15,43.15,8.69,11.14,0.01,1087,1086,1,0,29.31,normal,1,0,0
2026-01-01 21:01:00,722,low,client_1,server_1,router_1,2,client-router-server,9.34,2.76,14,54.69,23.51,26.92,34.77,2.09,9.34,0.01,3072,3071,1,1,39.39,normal,1,0,0
2026-01-01 21:02:00,723,low,client_1,server_1,router_1,2,client-router-server,10.54,1.58,18,90.91,41.56,25.84,53.61,7.72,10.54,0.01,2254,2253,1,0,52.9,normal,1,0,0
2026-01-01 21:03:00,724,low,client_2,server_1,router_1,2,client-router-server,10.69,2.22,18,94.28,28.66,16.29,35.64,8.79,10.69,0.01,3592,3591,1,0,54.81,normal,1,0,0
2026-01-01 21:04:00,725,low,client_2,server_1,router_1,2,client-router-server,9.58,2.36,13,41.03,24.29,13.19,25.63,7.03,9.58,0.01,1364,1363,1,1,38.47,normal,1,0,0
2026-01-01 21:05:00,726,low,client_2,server_1,router_1,2,client-router-server,12.21,1.66,7,90.28,31.38,28.0,30.74,6.47,12.21,0.01,1722,1721,1,0,55.49,normal,1,0,0
2026-01-01 21:06:00,727,low,client_1,server_1,router_1,2,client-router-server,7.6,1.93,7,63.21,30.58,15.51,38.99,6.44,7.6,0.01,2565,2564,1,0,22.08,normal,1,0,0
2026-01-01 21:07:00,728,low,client_2,server_1,router_1,2,client-router-server,9.57,2.3,7,59.4,39.36,27.2,36.67,9.25,9.57,0.01,3909,3908,1,1,24.19,normal,1,0,0
2026-01-01 21:08:00,729,low,client_2,server_1,router_1,2,client-router-server,7.68,2.76,18,89.8,74.12,57.07,78.97,7.08,7.68,1.48,3364,3315,49,13,23.82,normal,1,0,0
2026-01-01 21:09:00,730,low,client_3,server_1,router_1,2,client-router-server,10.07,1.93,18,89.77,34.26,22.36,34.43,9.2,10.07,0.01,4827,4826,1,1,25.48,normal,1,0,0
2026-01-01 21:10:00,731,low,client_3,server_1,router_1,2,client-router-server,9.29,2.45,5,55.75,39.63,24.22,43.89,6.3,9.29,0.01,2333,2332,1,1,35.07,normal,1,0,0
2026-01-01 21:11:00,732,low,client_2,server_1,router_1,2,client-router-server,10.97,2.66,17,85.15,45.98,38.23,43.88,8.64,10.97,0.01,1328,1327,1,0,46.97,normal,1,0,0
2026-01-01 21:12:00,733,low,client_3,server_1,router_1,2,client-router-server,12.27,1.87,6,73.19,27.46,14.28,33.69,9.47,12.27,0.01,2625,2624,1,0,12.14,normal,1,0,0
2026-01-01 21:13:00,734,low,client_1,server_1,router_1,2,client-router-server,11.51,2.41,6,64.68,27.17,16.73,24.23,4.02,11.51,0.01,2934,2933,1,0,29.01,normal,1,0,0
2026-01-01 21:14:00,735,low,client_1,server_1,router_1,2,client-router-server,7.52,1.53,15,83.29,40.29,22.96,46.21,5.08,7.52,0.01,4796,4795,1,0,46.97,normal,1,0,0
2026-01-01 21:15:00,736,low,client_1,server_1,router_1,2,client-router-server,11.37,2.25,10,89.23,51.73,55.55,68.25,6.23,11.37,0.06,5804,5801,3,0,17.19,normal,1,0,0
2026-01-01 21:16:00,737,low,client_1,server_1,router_1,2,client-router-server,7.51,1.65,10,64.69,46.49,36.2,38.35,4.93,7.51,0.01,1760,1759,1,1,26.12,normal,1,0,0
2026-01-01 21:17:00,738,low,client_1,server_1,router_1,2,client-router-server,9.9,1.97,9,63.46,25.92,30.29,29.68,5.11,9.9,0.01,3836,3835,1,0,41.07,normal,1,0,0
2026-01-01 21:18:00,739,low,client_1,server_1,router_1,2,client-router-server,9.42,2.49,7,62.55,32.0,26.89,49.68,5.93,9.42,0.01,1949,1948,1,1,32.61,normal,1,0,0
2026-01-01 21:19:00,740,low,client_3,server_1,router_1,2,client-router-server,8.06,2.54,10,107.89,49.73,39.63,64.26,8.33,8.06,0.01,5834,5833,1,1,15.87,normal,1,0,0
2026-01-01 21:20:00,741,low,client_3,server_1,router_1,2,client-router-server,8.91,1.65,18,64.85,25.37,21.38,30.94,8.78,8.91,0.01,3426,3425,1,0,34.85,normal,1,0,0
2026-01-01 21:21:00,742,low,client_2,server_1,router_1,2,client-router-server,10.68,1.78,11,36.18,18.24,13.68,20.5,6.81,10.68,0.01,2184,2183,1,1,28.71,normal,1,0,0
2026-01-01 21:22:00,743,low,client_2,server_1,router_1,2,client-router-server,12.02,2.42,16,90.07,50.42,54.17,61.09,3.28,12.02,0.01,1828,1827,1,1,33.19,normal,1,0,0
2026-01-01 21:23:00,744,low,client_2,server_1,router_1,2,client-router-server,7.61,1.82,15,92.53,82.7,56.22,92.12,12.99,7.61,2.26,2569,2511,58,36,19.35,normal,1,0,1
2026-01-01 21:24:00,745,low,client_3,server_1,router_1,2,client-router-server,11.49,2.35,13,97.72,38.25,31.79,52.03,6.54,11.49,0.01,1374,1373,1,1,55.04,normal,1,0,0
2026-01-01 21:25:00,746,low,client_2,server_1,router_1,2,client-router-server,9.57,1.8,5,60.82,22.36,15.36,31.39,8.71,9.57,0.01,3659,3658,1,0,8.5,normal,1,0,0
2026-01-01 21:26:00,747,low,client_3,server_1,router_1,2,client-router-server,10.67,2.38,14,100.84,40.78,31.5,59.16,2.74,10.67,0.01,4784,4783,1,1,16.59,normal,1,0,0
2026-01-01 21:27:00,748,low,client_3,server_1,router_1,2,client-router-server,11.76,2.05,11,49.66,29.01,27.33,38.47,4.36,11.76,0.01,3390,3389,1,1,29.83,normal,1,0,0
2026-01-01 21:28:00,749,low,client_1,server_1,router_1,2,client-router-server,10.32,2.73,14,83.23,37.6,38.93,52.6,5.42,10.32,0.01,5403,5402,1,0,25.81,normal,1,0,0
2026-01-01 21:29:00,750,low,client_1,server_1,router_1,2,client-router-server,8.05,1.79,6,62.85,32.46,35.88,47.58,10.45,8.05,0.01,2783,2782,1,1,54.53,normal,1,0,0
2026-01-01 21:30:00,751,low,client_2,server_1,router_1,2,client-router-server,12.3,1.65,15,51.19,25.17,18.18,33.14,5.55,12.3,0.01,4681,4680,1,0,55.82,normal,1,0,0
2026-01-01 21:31:00,752,low,client_2,server_1,router_1,2,client-router-server,9.82,2.1,5,74.96,28.16,31.96,35.21,7.78,9.82,0.01,2836,2835,1,0,38.53,normal,1,0,0
2026-01-01 21:32:00,753,low,client_1,server_1,router_1,2,client-router-server,7.61,1.67,14,78.93,56.42,34.78,64.23,10.14,7.61,0.21,4189,4181,8,8,33.12,normal,1,0,0
2026-01-01 21:33:00,754,low,client_1,server_1,router_1,2,client-router-server,8.38,2.79,12,70.8,57.02,65.29,58.75,7.25,8.38,0.34,3007,2997,10,10,38.18,normal,1,0,0
2026-01-01 21:34:00,755,low,client_1,server_1,router_1,2,client-router-server,10.52,1.5,12,69.18,28.44,32.54,31.05,6.45,10.52,0.01,4328,4327,1,1,52.42,normal,1,0,0
2026-01-01 21:35:00,756,low,client_2,server_1,router_1,2,client-router-server,11.08,2.7,9,104.31,51.1,60.93,68.19,7.63,11.08,0.04,1326,1325,1,1,26.97,normal,1,0,0
2026-01-01 21:36:00,757,low,client_3,server_1,router_1,2,client-router-server,8.02,1.69,15,74.81,59.59,61.41,70.3,10.31,8.02,0.6,2162,2150,12,3,48.76,normal,1,0,0
2026-01-01 21:37:00,758,low,client_1,server_1,router_1,2,client-router-server,12.0,2.47,10,79.26,32.8,22.02,33.49,4.6,12.0,0.01,5654,5653,1,1,37.69,normal,1,0,0
2026-01-01 21:38:00,759,low,client_1,server_1,router_1,2,client-router-server,9.35,2.37,13,54.95,26.16,18.41,41.45,3.63,9.35,0.01,3415,3414,1,0,45.91,normal,1,0,0
2026-01-01 21:39:00,760,low,client_1,server_1,router_1,2,client-router-server,10.68,2.66,14,57.69,16.81,10.9,22.47,5.69,10.68,0.01,5233,5232,1,1,31.23,normal,1,0,0
2026-01-01 21:40:00,761,low,client_2,server_1,router_1,2,client-router-server,9.07,1.83,15,54.48,27.01,29.87,35.95,3.58,9.07,0.01,1116,1115,1,0,23.83,normal,1,0,0
2026-01-01 21:41:00,762,low,client_1,server_1,router_1,2,client-router-server,11.45,1.91,7,62.54,30.59,22.93,36.66,9.66,11.45,0.01,5293,5292,1,0,45.78,normal,1,0,0
2026-01-01 21:42:00,763,low,client_1,server_1,router_1,2,client-router-server,10.04,2.52,11,91.26,37.14,43.57,55.58,5.68,10.04,0.01,5283,5282,1,0,18.46,normal,1,0,0
2026-01-01 21:43:00,764,low,client_1,server_1,router_1,2,client-router-server,8.64,1.49,16,113.09,76.83,47.96,103.0,5.68,8.64,2.6,1521,1482,39,8,33.74,normal,1,0,1
2026-01-01 21:44:00,765,low,client_1,server_1,router_1,2,client-router-server,9.82,1.7,8,82.64,43.32,45.36,46.07,6.81,9.82,0.01,2617,2616,1,0,34.83,normal,1,0,0
2026-01-01 21:45:00,766,low,client_2,server_1,router_1,2,client-router-server,11.81,2.24,9,81.43,23.76,26.62,37.76,3.99,11.81,0.01,1004,1003,1,1,46.5,normal,1,0,0
2026-01-01 21:46:00,767,low,client_2,server_1,router_1,2,client-router-server,10.07,2.72,15,50.85,34.37,24.39,49.49,4.0,10.07,0.01,4604,4603,1,0,58.75,normal,1,0,0
2026-01-01 21:47:00,768,low,client_2,server_1,router_1,2,client-router-server,9.85,1.55,5,68.56,25.42,13.88,30.63,5.05,9.85,0.01,5412,5411,1,0,15.65,normal,1,0,0
2026-01-01 21:48:00,769,low,client_1,server_1,router_1,2,client-router-server,11.33,2.25,8,57.62,24.86,24.35,40.96,3.97,11.33,0.01,4245,4244,1,0,51.88,normal,1,0,0
2026-01-01 21:49:00,770,low,client_1,server_1,router_1,2,client-router-server,10.77,1.9,10,116.47,66.56,69.61,63.1,10.75,10.77,1.77,2187,2149,38,19,23.35,normal,1,0,0
2026-01-01 21:50:00,771,low,client_3,server_1,router_1,2,client-router-server,9.47,1.68,10,70.11,34.56,35.72,40.74,9.21,9.47,0.01,3246,3245,1,0,50.02,normal,1,0,0
2026-01-01 21:51:00,772,low,client_3,server_1,router_1,2,client-router-server,7.62,1.62,16,61.68,38.12,29.26,45.99,8.76,7.62,0.01,3244,3243,1,0,9.09,normal,1,0,0
2026-01-01 21:52:00,773,low,client_3,server_1,router_1,2,client-router-server,12.26,1.48,12,109.51,60.62,63.46,63.49,11.5,12.26,0.56,5801,5769,32,24,8.26,normal,1,0,0
2026-01-01 21:53:00,774,low,client_2,server_1,router_1,2,client-router-server,8.92,2.19,9,76.91,42.14,47.05,38.45,10.53,8.92,0.01,5831,5830,1,1,36.57,normal,1,0,0
2026-01-01 21:54:00,775,low,client_2,server_1,router_1,2,client-router-server,10.8,2.02,8,62.79,30.39,32.58,43.34,3.99,10.8,0.01,3571,3570,1,1,54.78,normal,1,0,0
2026-01-01 21:55:00,776,low,client_1,server_1,router_1,2,client-router-server,9.31,2.52,7,57.51,23.45,27.67,29.17,7.01,9.31,0.01,4500,4499,1,1,49.33,normal,1,0,0
2026-01-01 21:56:00,777,low,client_3,server_1,router_1,2,client-router-server,7.58,2.76,5,106.16,66.51,34.75,67.03,11.07,7.58,1.23,1549,1530,19,2,36.09,normal,1,0,0
2026-01-01 21:57:00,778,low,client_1,server_1,router_1,2,client-router-server,11.76,2.79,13,49.57,22.32,18.48,32.78,2.88,11.76,0.01,4815,4814,1,1,53.91,normal,1,0,0
2026-01-01 21:58:00,779,low,client_1,server_1,router_1,2,client-router-server,10.38,1.85,15,57.51,26.68,27.93,40.07,9.6,10.38,0.01,4194,4193,1,0,5.47,normal,1,0,0
2026-01-01 21:59:00,780,low,client_1,server_1,router_1,2,client-router-server,11.34,1.61,9,102.93,46.56,44.58,44.07,10.27,11.34,0.01,5725,5724,1,0,15.39,normal,1,0,0
2026-01-01 22:00:00,781,low,client_2,server_1,router_1,2,client-router-server,12.22,2.79,7,27.57,7.12,4.19,15.42,2.0,12.22,0.01,2652,2651,1,1,13.98,normal,0,0,0
2026-01-01 22:01:00,782,low,client_1,server_1,router_1,2,client-router-server,11.89,1.68,8,77.93,44.42,26.04,62.45,4.38,11.89,0.01,1403,1402,1,1,29.12,normal,0,0,0
2026-01-01 22:02:00,783,low,client_2,server_1,router_1,2,client-router-server,8.38,2.78,14,81.09,64.38,64.84,54.2,8.05,8.38,1.06,3595,3557,38,26,15.5,normal,0,0,0
2026-01-01 22:03:00,784,low,client_3,server_1,router_1,2,client-router-server,12.22,2.31,10,55.85,14.01,10.73,21.87,8.1,12.22,0.01,1534,1533,1,1,57.03,normal,0,0,0
2026-01-01 22:04:00,785,low,client_1,server_1,router_1,2,client-router-server,9.45,1.62,16,26.33,13.61,15.87,21.24,6.07,9.45,0.01,5625,5624,1,0,12.04,normal,0,0,0
2026-01-01 22:05:00,786,low,client_3,server_1,router_1,2,client-router-server,11.51,2.69,12,77.17,43.35,41.73,46.97,5.18,11.51,0.01,2240,2239,1,0,25.08,normal,0,0,0
2026-01-01 22:06:00,787,low,client_1,server_1,router_1,2,client-router-server,10.63,1.93,5,57.32,35.78,24.53,37.26,7.91,10.63,0.01,2182,2181,1,1,7.56,normal,0,0,0
2026-01-01 22:07:00,788,low,client_3,server_1,router_1,2,client-router-server,7.57,2.24,16,59.39,51.69,29.18,72.27,4.3,7.57,0.2,5396,5386,10,7,12.39,normal,0,0,0
2026-01-01 22:08:00,789,low,client_3,server_1,router_1,2,client-router-server,12.01,2.12,5,43.36,12.68,12.17,20.75,6.09,12.01,0.01,5679,5678,1,0,11.92,normal,0,0,0
2026-01-01 22:09:00,790,low,client_1,server_1,router_1,2,client-router-server,11.09,1.58,8,69.44,25.85,24.05,29.67,4.4,11.09,0.01,4785,4784,1,1,46.79,normal,0,0,0
2026-01-01 22:10:00,791,low,client_2,server_1,router_1,2,client-router-server,12.17,1.85,10,69.59,17.94,20.35,26.08,1.91,12.17,0.01,1279,1278,1,0,13.9,normal,0,0,0
2026-01-01 22:11:00,792,low,client_3,server_1,router_1,2,client-router-server,10.64,2.65,12,56.29,33.16,29.98,39.75,4.4,10.64,0.01,3288,3287,1,1,23.55,normal,0,0,0
2026-01-01 22:12:00,793,low,client_2,server_1,router_1,2,client-router-server,10.24,2.77,10,80.52,44.45,43.01,47.03,5.69,10.24,0.01,5450,5449,1,0,10.2,normal,0,0,0
2026-01-01 22:13:00,794,low,client_1,server_1,router_1,2,client-router-server,11.87,2.35,6,61.28,21.83,17.58,37.29,3.15,11.87,0.01,5185,5184,1,0,12.79,normal,0,0,0
2026-01-01 22:14:00,795,low,client_1,server_1,router_1,2,client-router-server,10.5,1.54,8,75.01,25.77,28.4,35.46,7.68,10.5,0.01,5348,5347,1,0,25.6,normal,0,0,0
2026-01-01 22:15:00,796,low,client_1,server_1,router_1,2,client-router-server,11.72,2.13,15,67.57,34.62,20.99,50.88,7.74,11.72,0.01,4283,4282,1,1,26.44,normal,0,0,0
2026-01-01 22:16:00,797,low,client_2,server_1,router_1,2,client-router-server,12.19,2.07,12,55.1,13.57,9.17,22.54,4.2,12.19,0.01,1485,1484,1,1,12.72,normal,0,0,0
2026-01-01 22:17:00,798,low,client_1,server_1,router_1,2,client-router-server,12.39,1.57,17,92.91,34.23,20.94,37.92,6.34,12.39,0.01,3262,3261,1,0,54.1,normal,0,0,0
2026-01-01 22:18:00,799,low,client_3,server_1,router_1,2,client-router-server,9.72,1.82,14,90.83,53.16,54.88,42.64,3.88,9.72,0.12,4859,4854,5,1,41.32,normal,0,0,0
2026-01-01 22:19:00,800,low,client_1,server_1,router_1,2,client-router-server,7.85,2.22,13,75.72,66.71,75.87,67.8,8.19,7.85,1.08,1924,1904,20,20,30.66,normal,0,0,0
2026-01-01 22:20:00,801,low,client_3,server_1,router_1,2,client-router-server,8.96,2.29,16,84.91,48.25,27.12,59.44,11.19,8.96,0.01,5051,5050,1,1,28.19,normal,0,0,0
2026-01-01 22:21:00,802,low,client_2,server_1,router_1,2,client-router-server,8.76,2.01,18,74.3,42.67,33.87,58.82,8.95,8.76,0.01,2988,2987,1,1,17.18,normal,0,0,0
2026-01-01 22:22:00,803,low,client_2,server_1,router_1,2,client-router-server,9.94,2.47,6,94.8,51.75,46.36,61.95,10.2,9.94,0.06,1807,1806,1,0,11.46,normal,0,0,0
2026-01-01 22:23:00,804,low,client_2,server_1,router_1,2,client-router-server,9.61,1.44,14,70.45,33.54,34.24,38.42,8.9,9.61,0.01,4266,4265,1,1,41.8,normal,0,0,0
2026-01-01 22:24:00,805,low,client_3,server_1,router_1,2,client-router-server,7.99,1.47,7,21.81,18.24,19.36,30.48,7.59,7.99,0.01,3037,3036,1,1,29.53,normal,0,0,0
2026-01-01 22:25:00,806,low,client_2,server_1,router_1,2,client-router-server,11.47,2.26,16,94.32,31.56,32.81,41.28,4.64,11.47,0.01,5094,5093,1,0,23.36,normal,0,0,0
2026-01-01 22:26:00,807,low,client_3,server_1,router_1,2,client-router-server,11.64,2.53,17,82.72,24.2,24.33,35.38,4.4,11.64,0.01,3168,3167,1,1,24.28,normal,0,0,0
2026-01-01 22:27:00,808,low,client_2,server_1,router_1,2,client-router-server,7.58,2.4,17,31.94,15.84,11.36,24.22,6.09,7.58,0.01,1622,1621,1,0,10.14,normal,0,0,0
2026-01-01 22:28:00,809,low,client_3,server_1,router_1,2,client-router-server,9.2,1.71,11,83.92,40.27,23.89,41.75,9.5,9.2,0.01,5670,5669,1,0,22.81,normal,0,0,0
2026-01-01 22:29:00,810,low,client_1,server_1,router_1,2,client-router-server,8.87,1.43,8,61.1,34.29,37.15,54.75,3.87,8.87,0.01,1101,1100,1,1,18.4,normal,0,0,0
2026-01-01 22:30:00,811,low,client_3,server_1,router_1,2,client-router-server,10.26,1.77,12,82.84,42.57,33.57,59.01,7.52,10.26,0.01,3142,3141,1,1,49.19,normal,0,0,0
2026-01-01 22:31:00,812,low,client_2,server_1,router_1,2,client-router-server,9.1,2.5,10,87.5,42.58,49.85,41.01,10.39,9.1,0.01,2054,2053,1,0,58.96,normal,0,0,0
2026-01-01 22:32:00,813,low,client_3,server_1,router_1,2,client-router-server,11.54,2.01,16,55.68,26.13,26.24,38.82,6.91,11.54,0.01,5704,5703,1,0,30.31,normal,0,0,0
2026-01-01 22:33:00,814,low,client_3,server_1,router_1,2,client-router-server,7.61,2.42,11,24.85,15.65,14.95,29.06,5.31,7.61,0.01,3261,3260,1,1,57.1,normal,0,0,0
2026-01-01 22:34:00,815,low,client_3,server_1,router_1,2,client-router-server,12.21,2.16,14,56.81,32.31,21.02,37.35,6.72,12.21,0.01,5161,5160,1,1,12.93,normal,0,0,0
2026-01-01 22:35:00,816,low,client_3,server_1,router_1,2,client-router-server,10.55,2.48,14,43.58,24.16,18.14,25.32,9.21,10.55,0.01,2594,2593,1,0,58.89,normal,0,0,0
2026-01-01 22:36:00,817,low,client_1,server_1,router_1,2,client-router-server,9.97,1.66,18,33.59,11.72,6.59,23.77,5.92,9.97,0.01,4886,4885,1,0,51.6,normal,0,0,0
2026-01-01 22:37:00,818,low,client_2,server_1,router_1,2,client-router-server,8.76,2.25,10,33.31,12.79,8.73,18.66,4.21,8.76,0.01,1770,1769,1,1,6.12,normal,0,0,0
2026-01-01 22:38:00,819,low,client_3,server_1,router_1,2,client-router-server,7.51,2.27,5,71.2,65.8,33.48,58.07,7.62,7.51,1.28,1568,1548,20,5,15.37,normal,0,0,0
2026-01-01 22:39:00,820,low,client_1,server_1,router_1,2,client-router-server,11.86,1.45,13,36.38,20.4,18.76,30.11,8.51,11.86,0.01,2219,2218,1,1,6.67,normal,0,0,0
2026-01-01 22:40:00,821,low,client_3,server_1,router_1,2,client-router-server,9.06,2.17,17,90.55,41.63,30.99,38.11,7.71,9.06,0.01,3763,3762,1,1,56.07,normal,0,0,0
2026-01-01 22:41:00,822,low,client_2,server_1,router_1,2,client-router-server,10.27,1.53,17,53.6,22.72,17.18,26.33,7.43,10.27,0.01,4935,4934,1,0,51.63,normal,0,0,0
2026-01-01 22:42:00,823,low,client_3,server_1,router_1,2,client-router-server,11.01,1.52,10,88.39,40.84,42.06,53.14,4.13,11.01,0.01,4492,4491,1,1,28.93,normal,0,0,0
2026-01-01 22:43:00,824,low,client_1,server_1,router_1,2,client-router-server,10.55,2.45,12,27.82,11.14,13.31,23.13,7.09,10.55,0.01,1730,1729,1,1,54.07,normal,0,0,0
2026-01-01 22:44:00,825,low,client_3,server_1,router_1,2,client-router-server,7.74,2.35,13,33.0,13.27,15.62,22.01,4.16,7.74,0.01,4553,4552,1,0,32.98,normal,0,0,0
2026-01-01 22:45:00,826,low,client_1,server_1,router_1,2,client-router-server,11.96,1.41,8,27.4,13.4,7.38,18.75,3.23,11.96,0.01,2687,2686,1,0,55.84,normal,0,0,0
2026-01-01 22:46:00,827,low,client_1,server_1,router_1,2,client-router-server,12.42,2.39,15,81.02,45.33,48.89,49.71,7.89,12.42,0.01,3115,3114,1,1,42.42,normal,0,0,0
2026-01-01 22:47:00,828,low,client_3,server_1,router_1,2,client-router-server,11.18,2.28,9,35.37,12.94,12.72,21.49,4.37,11.18,0.01,4999,4998,1,1,38.01,normal,0,0,0
2026-01-01 22:48:00,829,low,client_2,server_1,router_1,2,client-router-server,10.81,1.8,5,72.2,25.99,24.59,27.41,8.6,10.81,0.01,3101,3100,1,1,20.66,normal,0,0,0
2026-01-01 22:49:00,830,low,client_3,server_1,router_1,2,client-router-server,11.61,2.57,9,28.14,15.84,18.46,26.18,4.92,11.61,0.01,1895,1894,1,0,17.58,normal,0,0,0
2026-01-01 22:50:00,831,low,client_1,server_1,router_1,2,client-router-server,8.71,1.46,6,77.19,48.4,39.04,42.0,6.27,8.71,0.01,2548,2547,1,0,44.87,normal,0,0,0
2026-01-01 22:51:00,832,low,client_1,server_1,router_1,2,client-router-server,12.11,2.41,7,45.6,16.57,10.61,26.22,4.22,12.11,0.01,2507,2506,1,0,23.47,normal,0,0,0
2026-01-01 22:52:00,833,low,client_1,server_1,router_1,2,client-router-server,10.51,1.85,18,53.04,20.95,12.84,28.97,3.78,10.51,0.01,1143,1142,1,0,44.82,normal,0,0,0
2026-01-01 22:53:00,834,low,client_1,server_1,router_1,2,client-router-server,7.53,2.55,7,87.61,35.06,18.96,37.33,7.47,7.53,0.01,5469,5468,1,0,6.09,normal,0,0,0
2026-01-01 22:54:00,835,low,client_2,server_1,router_1,2,client-router-server,10.58,1.9,14,68.36,31.01,31.74,43.58,6.55,10.58,0.01,2254,2253,1,1,34.51,normal,0,0,0
2026-01-01 22:55:00,836,low,client_1,server_1,router_1,2,client-router-server,12.34,1.58,9,67.78,38.43,42.94,43.86,3.77,12.34,0.01,5435,5434,1,0,59.31,normal,0,0,0
2026-01-01 22:56:00,837,low,client_3,server_1,router_1,2,client-router-server,11.92,2.4,10,35.61,14.47,11.82,27.8,4.83,11.92,0.01,5341,5340,1,0,18.53,normal,0,0,0
2026-01-01 22:57:00,838,low,client_3,server_1,router_1,2,client-router-server,11.42,2.03,8,91.1,35.53,29.29,51.52,8.05,11.42,0.01,4852,4851,1,0,34.86,normal,0,0,0
2026-01-01 22:58:00,839,low,client_3,server_1,router_1,2,client-router-server,10.26,2.35,11,23.82,8.42,6.48,17.71,2.65,10.26,0.01,2411,2410,1,1,59.1,normal,0,0,0
2026-01-01 22:59:00,840,low,client_1,server_1,router_1,2,client-router-server,8.49,2.5,15,50.14,27.43,22.71,42.18,4.0,8.49,0.01,5346,5345,1,0,42.19,normal,0,0,0
2026-01-01 23:00:00,841,low,client_1,server_1,router_1,2,client-router-server,7.76,2.56,5,20.65,17.06,12.27,30.05,2.92,7.76,0.01,3973,3972,1,1,37.09,normal,0,0,0
2026-01-01 23:01:00,842,low,client_2,server_1,router_1,2,client-router-server,8.01,1.79,10,72.77,47.67,53.89,44.92,6.38,8.01,0.01,5524,5523,1,1,43.49,normal,0,0,0
2026-01-01 23:02:00,843,low,client_1,server_1,router_1,2,client-router-server,9.72,1.65,6,69.79,43.24,25.72,43.97,4.96,9.72,0.01,3968,3967,1,1,37.17,normal,0,0,0
2026-01-01 23:03:00,844,low,client_1,server_1,router_1,2,client-router-server,11.93,2.4,12,91.0,53.02,59.41,45.65,3.96,11.93,0.2,2614,2609,5,5,22.64,normal,0,0,0
2026-01-01 23:04:00,845,low,client_1,server_1,router_1,2,client-router-server,7.58,1.63,10,65.21,56.47,44.75,48.22,8.74,7.58,0.36,1192,1188,4,3,22.52,normal,0,0,0
2026-01-01 23:05:00,846,low,client_3,server_1,router_1,2,client-router-server,12.48,1.68,8,72.54,25.28,17.47,41.22,7.1,12.48,0.01,1087,1086,1,0,21.65,normal,0,0,0
2026-01-01 23:06:00,847,low,client_2,server_1,router_1,2,client-router-server,8.85,2.08,11,49.13,24.98,18.9,32.74,9.09,8.85,0.01,3836,3835,1,1,35.38,normal,0,0,0
2026-01-01 23:07:00,848,low,client_2,server_1,router_1,2,client-router-server,7.92,1.62,6,88.5,63.3,45.77,67.02,6.14,7.92,1.36,1609,1588,21,5,25.54,normal,0,0,0
2026-01-01 23:08:00,849,low,client_1,server_1,router_1,2,client-router-server,11.12,1.48,17,26.55,14.2,10.49,26.81,2.27,11.12,0.01,3710,3709,1,0,38.69,normal,0,0,0
2026-01-01 23:09:00,850,low,client_1,server_1,router_1,2,client-router-server,8.43,1.68,8,88.85,61.9,34.92,60.5,7.82,8.43,1.12,5336,5277,59,12,31.18,normal,0,0,0
2026-01-01 23:10:00,851,low,client_2,server_1,router_1,2,client-router-server,11.16,2.38,14,72.97,35.09,38.69,42.64,5.42,11.16,0.01,5440,5439,1,0,43.5,normal,0,0,0
2026-01-01 23:11:00,852,low,client_1,server_1,router_1,2,client-router-server,12.46,2.32,8,34.03,9.97,9.42,20.01,5.71,12.46,0.01,3824,3823,1,0,34.18,normal,0,0,0
2026-01-01 23:12:00,853,low,client_3,server_1,router_1,2,client-router-server,7.81,2.34,9,41.11,26.19,29.64,27.51,7.49,7.81,0.01,4653,4652,1,0,58.74,normal,0,0,0
2026-01-01 23:13:00,854,low,client_2,server_1,router_1,2,client-router-server,10.99,2.08,14,77.85,38.41,45.0,49.67,7.59,10.99,0.01,4034,4033,1,1,21.51,normal,0,0,0
2026-01-01 23:14:00,855,low,client_3,server_1,router_1,2,client-router-server,7.71,2.43,16,34.27,19.61,16.19,27.42,8.85,7.71,0.01,4804,4803,1,1,13.4,normal,0,0,0
2026-01-01 23:15:00,856,low,client_2,server_1,router_1,2,client-router-server,11.44,1.42,11,91.22,36.09,40.03,36.22,5.22,11.44,0.01,2237,2236,1,0,16.93,normal,0,0,0
2026-01-01 23:16:00,857,low,client_2,server_1,router_1,2,client-router-server,9.99,2.33,7,40.32,14.66,15.85,27.8,3.4,9.99,0.01,4564,4563,1,0,31.8,normal,0,0,0
2026-01-01 23:17:00,858,low,client_2,server_1,router_1,2,client-router-server,9.88,2.36,6,25.02,10.53,7.0,22.57,7.1,9.88,0.01,2299,2298,1,1,39.68,normal,0,0,0
2026-01-01 23:18:00,859,low,client_2,server_1,router_1,2,client-router-server,8.91,1.86,14,29.14,19.29,20.54,33.49,5.1,8.91,0.01,4416,4415,1,0,16.52,normal,0,0,0
2026-01-01 23:19:00,860,low,client_1,server_1,router_1,2,client-router-server,12.01,2.25,18,87.69,35.81,24.94,37.85,8.77,12.01,0.01,5688,5687,1,0,43.95,normal,0,0,0
2026-01-01 23:20:00,861,low,client_1,server_1,router_1,2,client-router-server,9.07,2.49,12,62.25,44.77,34.42,39.44,5.57,9.07,0.01,3179,3178,1,0,29.72,normal,0,0,0
2026-01-01 23:21:00,862,low,client_2,server_1,router_1,2,client-router-server,7.8,2.25,16,30.73,15.71,14.82,22.85,7.54,7.8,0.01,3621,3620,1,1,59.19,normal,0,0,0
2026-01-01 23:22:00,863,low,client_3,server_1,router_1,2,client-router-server,12.29,2.59,8,81.81,35.88,20.96,46.96,7.29,12.29,0.01,4080,4079,1,1,43.54,normal,0,0,0
2026-01-01 23:23:00,864,low,client_2,server_1,router_1,2,client-router-server,7.64,1.55,9,35.32,25.78,20.5,31.06,8.48,7.64,0.01,2285,2284,1,1,46.72,normal,0,0,0
2026-01-01 23:24:00,865,low,client_2,server_1,router_1,2,client-router-server,9.77,2.28,12,40.7,15.21,8.97,28.06,2.96,9.77,0.01,3582,3581,1,1,35.26,normal,0,0,0
2026-01-01 23:25:00,866,low,client_3,server_1,router_1,2,client-router-server,11.68,1.5,10,49.67,13.35,9.32,22.49,5.95,11.68,0.01,2080,2079,1,1,8.51,normal,0,0,0
2026-01-01 23:26:00,867,low,client_1,server_1,router_1,2,client-router-server,8.68,1.95,6,59.21,41.06,48.48,45.84,6.56,8.68,0.01,5298,5297,1,1,40.3,normal,0,0,0
2026-01-01 23:27:00,868,low,client_1,server_1,router_1,2,client-router-server,9.74,1.71,13,81.71,29.03,33.04,33.52,4.38,9.74,0.01,2847,2846,1,1,7.33,normal,0,0,0
2026-01-01 23:28:00,869,low,client_1,server_1,router_1,2,client-router-server,9.1,2.23,7,91.58,45.79,43.23,49.65,6.28,9.1,0.01,4399,4398,1,0,7.21,normal,0,0,0
2026-01-01 23:29:00,870,low,client_1,server_1,router_1,2,client-router-server,11.01,2.12,8,63.71,30.82,23.35,46.38,3.16,11.01,0.01,3305,3304,1,1,35.59,normal,0,0,0
2026-01-01 23:30:00,871,low,client_1,server_1,router_1,2,client-router-server,9.17,1.56,18,35.12,16.5,11.26,20.23,3.36,9.17,0.01,5192,5191,1,1,16.25,normal,0,0,0
2026-01-01 23:31:00,872,low,client_2,server_1,router_1,2,client-router-server,8.53,1.72,17,28.0,19.82,20.12,26.09,6.48,8.53,0.01,4799,4798,1,0,40.63,normal,0,0,0
2026-01-01 23:32:00,873,low,client_2,server_1,router_1,2,client-router-server,8.58,2.24,8,58.33,25.31,18.57,32.69,7.64,8.58,0.01,2353,2352,1,1,31.41,normal,0,0,0
2026-01-01 23:33:00,874,low,client_3,server_1,router_1,2,client-router-server,8.04,1.92,18,90.34,33.72,17.6,28.19,2.31,8.04,0.01,5653,5652,1,0,10.35,normal,0,0,0
2026-01-01 23:34:00,875,low,client_3,server_1,router_1,2,client-router-server,9.36,2.44,8,92.82,40.86,39.13,42.68,2.36,9.36,0.01,2676,2675,1,0,55.57,normal,0,0,0
2026-01-01 23:35:00,876,low,client_3,server_1,router_1,2,client-router-server,9.88,2.37,17,22.28,6.89,3.86,14.66,7.47,9.88,0.01,5613,5612,1,1,8.48,normal,0,0,0
2026-01-01 23:36:00,877,low,client_1,server_1,router_1,2,client-router-server,7.69,1.68,6,49.82,30.64,25.31,31.07,3.36,7.69,0.01,3300,3299,1,1,44.54,normal,0,0,0
2026-01-01 23:37:00,878,low,client_2,server_1,router_1,2,client-router-server,8.44,2.44,5,70.34,47.99,51.22,72.89,3.89,8.44,0.01,5002,5001,1,0,44.36,normal,0,0,0
2026-01-01 23:38:00,879,low,client_2,server_1,router_1,2,client-router-server,11.6,1.92,10,26.63,11.89,9.05,24.07,6.71,11.6,0.01,4334,4333,1,0,36.91,normal,0,0,0
2026-01-01 23:39:00,880,low,client_2,server_1,router_1,2,client-router-server,11.26,2.15,17,41.93,18.54,16.31,25.35,5.06,11.26,0.01,3938,3937,1,1,29.79,normal,0,0,0
2026-01-01 23:40:00,881,low,client_3,server_1,router_1,2,client-router-server,12.09,1.99,7,86.73,49.72,29.91,47.76,8.65,12.09,0.01,2686,2685,1,1,9.5,normal,0,0,0
2026-01-01 23:41:00,882,low,client_1,server_1,router_1,2,client-router-server,10.38,1.95,13,60.8,23.54,20.84,39.11,7.61,10.38,0.01,3666,3665,1,1,35.16,normal,0,0,0
2026-01-01 23:42:00,883,low,client_3,server_1,router_1,2,client-router-server,11.25,2.68,18,49.46,25.28,30.12,30.13,6.25,11.25,0.01,1004,1003,1,0,32.24,normal,0,0,0
2026-01-01 23:43:00,884,low,client_3,server_1,router_1,2,client-router-server,11.63,2.73,9,38.14,16.95,9.62,28.37,1.54,11.63,0.01,1584,1583,1,0,18.94,normal,0,0,0
2026-01-01 23:44:00,885,low,client_2,server_1,router_1,2,client-router-server,10.49,1.89,10,69.62,29.02,22.13,32.21,7.52,10.49,0.01,5025,5024,1,0,32.5,normal,0,0,0
2026-01-01 23:45:00,886,low,client_2,server_1,router_1,2,client-router-server,11.26,2.46,16,55.52,29.97,23.85,39.08,9.47,11.26,0.01,4112,4111,1,0,57.95,normal,0,0,0
2026-01-01 23:46:00,887,low,client_1,server_1,router_1,2,client-router-server,8.73,2.39,12,38.91,28.18,26.54,28.43,4.79,8.73,0.01,3644,3643,1,1,35.39,normal,0,0,0
2026-01-01 23:47:00,888,low,client_2,server_1,router_1,2,client-router-server,10.92,2.15,8,66.03,32.49,31.6,29.96,5.33,10.92,0.01,5628,5627,1,1,49.07,normal,0,0,0
2026-01-01 23:48:00,889,low,client_3,server_1,router_1,2,client-router-server,10.08,1.75,5,38.99,14.3,11.67,26.6,2.08,10.08,0.01,1629,1628,1,0,31.52,normal,0,0,0
2026-01-01 23:49:00,890,low,client_2,server_1,router_1,2,client-router-server,8.38,1.58,17,75.84,40.79,29.03,38.5,9.3,8.38,0.01,1951,1950,1,0,14.04,normal,0,0,0
2026-01-01 23:50:00,891,low,client_3,server_1,router_1,2,client-router-server,11.47,1.52,14,21.78,8.96,8.92,21.0,4.05,10.17,0.01,4574,4573,1,1,8.68,normal,0,0,0
2026-01-01 23:51:00,892,low,client_3,server_1,router_1,2,client-router-server,8.72,2.07,10,55.6,42.79,25.51,32.94,2.94,8.72,0.01,5472,5471,1,1,35.66,normal,0,0,0
2026-01-01 23:52:00,893,low,client_3,server_1,router_1,2,client-router-server,7.7,1.41,7,63.66,31.5,22.37,43.54,5.07,7.7,0.01,5297,5296,1,1,37.21,normal,0,0,0
2026-01-01 23:53:00,894,low,client_1,server_1,router_1,2,client-router-server,11.51,2.6,10,89.05,29.05,24.18,36.19,2.95,11.51,0.01,1580,1579,1,0,41.69,normal,0,0,0
2026-01-01 23:54:00,895,low,client_1,server_1,router_1,2,client-router-server,12.45,1.46,18,77.04,20.36,12.53,29.59,5.07,12.45,0.01,4329,4328,1,0,46.38,normal,0,0,0
2026-01-01 23:55:00,896,low,client_2,server_1,router_1,2,client-router-server,11.13,2.46,17,49.6,20.03,16.32,33.0,4.06,11.13,0.01,5174,5173,1,1,40.53,normal,0,0,0
2026-01-01 23:56:00,897,low,client_1,server_1,router_1,2,client-router-server,11.37,2.05,8,64.92,27.01,14.09,24.88,3.58,11.37,0.01,4027,4026,1,1,26.63,normal,0,0,0
2026-01-01 23:57:00,898,low,client_2,server_1,router_1,2,client-router-server,12.1,1.53,9,82.72,43.9,36.39,49.83,9.39,12.1,0.01,5957,5956,1,0,30.81,normal,0,0,0
2026-01-01 23:58:00,899,low,client_2,server_1,router_1,2,client-router-server,7.81,1.83,10,59.96,42.35,48.87,62.65,6.59,7.81,0.01,2961,2960,1,0,24.17,normal,0,0,0
2026-01-01 23:59:00,900,low,client_2,server_1,router_1,2,client-router-server,10.49,2.05,13,70.71,38.28,24.19,46.58,9.12,10.49,0.01,3961,3960,1,1,16.25,normal,0,0,0
2026-01-02 00:00:00,901,low,client_3,server_1,router_1,2,client-router-server,8.96,2.71,7,28.79,12.81,11.77,23.16,4.3,8.96,0.01,4208,4207,1,1,44.44,normal,0,0,0
2026-01-02 00:01:00,902,low,client_2,server_1,router_1,2,client-router-server,7.86,2.17,13,45.6,20.29,15.49,29.04,4.24,7.86,0.01,5055,5054,1,1,56.41,normal,0,0,0
2026-01-02 00:02:00,903,low,client_2,server_1,router_1,2,client-router-server,7.75,1.5,13,62.56,38.03,45.15,50.09,5.98,7.75,0.01,3960,3959,1,0,7.26,normal,0,0,0
2026-01-02 00:03:00,904,low,client_1,server_1,router_1,2,client-router-server,7.98,1.72,13,60.14,45.01,35.84,36.43,6.68,7.98,0.01,3270,3269,1,1,28.64,normal,0,0,0
2026-01-02 00:04:00,905,low,client_3,server_1,router_1,2,client-router-server,10.26,1.53,14,62.8,38.95,23.61,45.4,4.51,10.26,0.01,2664,2663,1,0,57.5,normal,0,0,0
2026-01-02 00:05:00,906,low,client_3,server_1,router_1,2,client-router-server,9.93,1.83,14,93.4,31.82,34.74,34.6,5.17,9.93,0.01,1879,1878,1,0,18.13,normal,0,0,0
2026-01-02 00:06:00,907,low,client_3,server_1,router_1,2,client-router-server,8.57,1.78,18,64.98,25.79,14.38,36.05,5.76,8.57,0.01,4114,4113,1,0,34.77,normal,0,0,0
2026-01-02 00:07:00,908,low,client_3,server_1,router_1,2,client-router-server,9.21,1.69,12,52.75,17.66,15.1,24.88,4.67,9.21,0.01,4093,4092,1,0,48.34,normal,0,0,0
2026-01-02 00:08:00,909,low,client_2,server_1,router_1,2,client-router-server,8.95,1.88,10,50.38,22.09,20.33,30.17,2.85,8.95,0.01,4704,4703,1,0,26.39,normal,0,0,0
2026-01-02 00:09:00,910,low,client_2,server_1,router_1,2,client-router-server,12.05,2.77,5,56.82,15.83,10.74,21.01,4.83,12.05,0.01,5796,5795,1,0,51.52,normal,0,0,0
2026-01-02 00:10:00,911,low,client_2,server_1,router_1,2,client-router-server,12.08,1.66,5,77.05,21.49,21.2,23.59,3.19,12.08,0.01,4570,4569,1,1,52.91,normal,0,0,0
2026-01-02 00:11:00,912,low,client_2,server_1,router_1,2,client-router-server,11.86,1.73,9,32.5,15.03,13.54,26.96,8.19,11.86,0.01,4852,4851,1,1,54.22,normal,0,0,0
2026-01-02 00:12:00,913,low,client_1,server_1,router_1,2,client-router-server,8.01,1.86,14,73.44,57.48,35.93,45.17,8.01,8.01,0.71,2530,2513,17,7,48.28,normal,0,0,0
2026-01-02 00:13:00,914,low,client_1,server_1,router_1,2,client-router-server,10.0,2.04,17,40.43,26.6,20.63,27.88,6.17,10.0,0.01,4008,4007,1,1,30.43,normal,0,0,0
2026-01-02 00:14:00,915,low,client_3,server_1,router_1,2,client-router-server,10.53,2.05,6,73.51,22.12,26.28,26.21,4.15,10.53,0.01,5508,5507,1,1,53.88,normal,0,0,0
2026-01-02 00:15:00,916,low,client_3,server_1,router_1,2,client-router-server,11.09,1.91,13,46.55,25.17,25.83,34.46,5.12,11.09,0.01,2694,2693,1,0,37.99,normal,0,0,0
2026-01-02 00:16:00,917,low,client_2,server_1,router_1,2,client-router-server,9.38,1.82,6,65.33,31.3,22.54,31.38,2.56,9.38,0.01,5836,5835,1,0,40.7,normal,0,0,0
2026-01-02 00:17:00,918,low,client_1,server_1,router_1,2,client-router-server,9.7,1.47,7,21.23,10.83,8.95,19.65,7.69,9.7,0.01,2192,2191,1,0,21.25,normal,0,0,0
2026-01-02 00:18:00,919,low,client_2,server_1,router_1,2,client-router-server,7.89,2.11,11,86.53,45.8,49.22,55.85,4.9,7.89,0.01,3715,3714,1,0,22.07,normal,0,0,0
2026-01-02 00:19:00,920,low,client_1,server_1,router_1,2,client-router-server,8.85,2.52,6,30.95,10.84,7.08,19.71,1.65,8.85,0.01,3675,3674,1,1,25.24,normal,0,0,0
2026-01-02 00:20:00,921,low,client_3,server_1,router_1,2,client-router-server,9.67,2.02,6,86.26,45.1,43.59,54.06,8.51,9.67,0.01,4095,4094,1,1,41.33,normal,0,0,0
2026-01-02 00:21:00,922,low,client_3,server_1,router_1,2,client-router-server,12.07,2.56,15,40.03,11.19,8.6,19.29,1.72,12.07,0.01,5663,5662,1,0,27.97,normal,0,0,0
2026-01-02 00:22:00,923,low,client_1,server_1,router_1,2,client-router-server,12.08,2.34,11,61.03,15.17,8.29,26.85,3.6,12.08,0.01,2356,2355,1,1,11.28,normal,0,0,0
2026-01-02 00:23:00,924,low,client_2,server_1,router_1,2,client-router-server,9.84,2.49,14,74.59,51.74,46.77,59.89,10.65,9.84,0.15,2274,2271,3,2,49.34,normal,0,0,0
2026-01-02 00:24:00,925,low,client_1,server_1,router_1,2,client-router-server,8.86,2.18,8,81.12,61.89,43.97,85.69,9.37,8.86,0.99,3110,3080,30,3,50.32,normal,0,0,1
2026-01-02 00:25:00,926,low,client_1,server_1,router_1,2,client-router-server,7.99,2.7,8,54.83,35.47,26.75,47.97,5.35,7.99,0.01,4941,4940,1,0,47.62,normal,0,0,0
2026-01-02 00:26:00,927,low,client_1,server_1,router_1,2,client-router-server,9.57,2.59,11,50.44,36.44,26.73,39.37,4.95,9.57,0.01,4246,4245,1,0,27.29,normal,0,0,0
2026-01-02 00:27:00,928,low,client_2,server_1,router_1,2,client-router-server,8.3,2.51,8,65.79,34.15,26.08,30.86,3.89,8.3,0.01,5035,5034,1,0,56.39,normal,0,0,0
2026-01-02 00:28:00,929,low,client_3,server_1,router_1,2,client-router-server,9.86,1.83,15,31.39,9.97,7.02,21.28,6.5,9.86,0.01,1716,1715,1,0,14.09,normal,0,0,0
2026-01-02 00:29:00,930,low,client_1,server_1,router_1,2,client-router-server,7.7,1.8,5,94.72,36.91,42.29,53.62,9.84,7.7,0.01,3387,3386,1,0,50.75,normal,0,0,0
2026-01-02 00:30:00,931,low,client_1,server_1,router_1,2,client-router-server,10.72,2.11,12,65.46,35.42,20.09,43.22,6.6,10.72,0.01,4872,4871,1,1,24.73,normal,0,0,0
2026-01-02 00:31:00,932,low,client_2,server_1,router_1,2,client-router-server,11.53,1.56,15,72.92,24.92,29.64,31.29,4.14,11.53,0.01,1650,1649,1,0,37.32,normal,0,0,0
2026-01-02 00:32:00,933,low,client_1,server_1,router_1,2,client-router-server,8.91,1.69,12,29.46,14.32,10.37,20.2,5.01,8.91,0.01,5522,5521,1,1,56.56,normal,0,0,0
2026-01-02 00:33:00,934,low,client_2,server_1,router_1,2,client-router-server,8.46,2.54,15,22.54,8.7,4.54,19.58,3.04,8.46,0.01,4256,4255,1,1,29.73,normal,0,0,0
2026-01-02 00:34:00,935,low,client_3,server_1,router_1,2,client-router-server,12.08,1.6,16,51.68,22.53,22.3,23.59,8.22,12.08,0.01,3740,3739,1,0,7.31,normal,0,0,0
2026-01-02 00:35:00,936,low,client_3,server_1,router_1,2,client-router-server,8.51,2.76,14,57.15,25.0,13.17,22.8,4.54,8.51,0.01,1856,1855,1,1,47.44,normal,0,0,0
2026-01-02 00:36:00,937,low,client_1,server_1,router_1,2,client-router-server,11.79,2.23,8,31.09,15.76,10.9,22.79,5.57,11.79,0.01,1322,1321,1,1,58.03,normal,0,0,0
2026-01-02 00:37:00,938,low,client_2,server_1,router_1,2,client-router-server,8.92,2.57,13,94.76,32.63,29.78,51.05,3.72,8.92,0.01,5986,5985,1,0,55.77,normal,0,0,0
2026-01-02 00:38:00,939,low,client_1,server_1,router_1,2,client-router-server,11.76,2.0,12,39.85,21.24,20.56,31.22,4.19,11.76,0.01,4680,4679,1,0,26.83,normal,0,0,0
2026-01-02 00:39:00,940,low,client_1,server_1,router_1,2,client-router-server,12.0,1.7,17,80.25,45.21,23.12,60.19,9.11,12.0,0.01,1419,1418,1,1,59.39,normal,0,0,0
2026-01-02 00:40:00,941,low,client_3,server_1,router_1,2,client-router-server,8.67,1.58,13,41.57,33.36,29.77,36.97,5.88,8.67,0.01,3011,3010,1,1,6.14,normal,0,0,0
2026-01-02 00:41:00,942,low,client_3,server_1,router_1,2,client-router-server,10.86,1.62,16,39.36,16.9,19.17,23.01,2.58,10.86,0.01,5442,5441,1,0,9.19,normal,0,0,0
2026-01-02 00:42:00,943,low,client_1,server_1,router_1,2,client-router-server,7.83,2.07,18,90.28,70.12,72.29,65.76,6.87,7.83,1.21,5379,5314,65,59,33.09,normal,0,0,0
2026-01-02 00:43:00,944,low,client_3,server_1,router_1,2,client-router-server,7.96,1.88,9,78.91,36.73,39.1,46.53,3.53,7.96,0.01,1707,1706,1,0,13.93,normal,0,0,0
2026-01-02 00:44:00,945,low,client_3,server_1,router_1,2,client-router-server,12.46,2.27,18,71.71,34.7,25.89,37.32,5.99,12.46,0.01,4296,4295,1,0,14.21,normal,0,0,0
2026-01-02 00:45:00,946,low,client_2,server_1,router_1,2,client-router-server,12.38,1.45,17,63.98,30.9,33.5,49.26,8.12,12.38,0.01,4021,4020,1,0,54.5,normal,0,0,0
2026-01-02 00:46:00,947,low,client_1,server_1,router_1,2,client-router-server,10.82,2.06,5,62.82,26.07,19.22,37.95,2.07,10.82,0.01,1786,1785,1,0,37.61,normal,0,0,0
2026-01-02 00:47:00,948,low,client_3,server_1,router_1,2,client-router-server,10.62,2.8,13,74.44,21.94,23.8,28.41,4.71,10.62,0.01,1449,1448,1,1,41.57,normal,0,0,0
2026-01-02 00:48:00,949,low,client_3,server_1,router_1,2,client-router-server,8.9,2.4,9,81.18,58.37,69.28,87.05,6.46,8.9,0.81,1214,1205,9,4,23.03,normal,0,0,1
2026-01-02 00:49:00,950,low,client_1,server_1,router_1,2,client-router-server,9.31,2.58,13,65.22,23.68,16.22,28.25,7.95,9.31,0.01,2896,2895,1,0,20.21,normal,0,0,0
2026-01-02 00:50:00,951,low,client_3,server_1,router_1,2,client-router-server,11.56,1.99,17,60.6,27.24,24.63,38.99,4.53,11.56,0.01,1333,1332,1,1,55.54,normal,0,0,0
2026-01-02 00:51:00,952,low,client_3,server_1,router_1,2,client-router-server,7.84,2.19,10,40.18,34.83,31.76,32.89,6.02,7.84,0.01,3165,3164,1,0,37.5,normal,0,0,0
2026-01-02 00:52:00,953,low,client_1,server_1,router_1,2,client-router-server,12.09,1.41,6,45.05,21.62,12.38,33.42,5.67,12.09,0.01,5175,5174,1,0,59.43,normal,0,0,0
2026-01-02 00:53:00,954,low,client_3,server_1,router_1,2,client-router-server,11.71,1.98,9,63.25,26.85,17.9,32.4,6.46,11.71,0.01,2115,2114,1,1,58.55,normal,0,0,0
2026-01-02 00:54:00,955,low,client_3,server_1,router_1,2,client-router-server,11.95,2.21,9,40.2,19.6,13.3,28.8,1.54,11.95,0.01,2050,2049,1,0,49.79,normal,0,0,0
2026-01-02 00:55:00,956,low,client_3,server_1,router_1,2,client-router-server,12.49,1.42,8,29.93,14.33,14.5,25.49,2.4,12.49,0.01,2721,2720,1,0,50.65,normal,0,0,0
2026-01-02 00:56:00,957,low,client_1,server_1,router_1,2,client-router-server,11.12,1.89,10,35.48,19.6,21.72,26.64,5.05,11.12,0.01,2651,2650,1,0,16.37,normal,0,0,0
2026-01-02 00:57:00,958,low,client_3,server_1,router_1,2,client-router-server,9.94,1.55,18,91.01,37.5,20.03,29.09,5.13,9.94,0.01,4758,4757,1,1,16.21,normal,0,0,0
2026-01-02 00:58:00,959,low,client_2,server_1,router_1,2,client-router-server,11.35,1.78,7,41.26,17.79,18.39,21.61,4.86,11.35,0.01,3257,3256,1,1,57.99,normal,0,0,0
2026-01-02 00:59:00,960,low,client_2,server_1,router_1,2,client-router-server,11.41,1.78,8,52.86,25.85,19.88,42.17,6.37,11.41,0.01,4037,4036,1,1,42.94,normal,0,0,0
2026-01-02 01:00:00,961,low,client_3,server_1,router_1,2,client-router-server,7.6,2.52,13,79.96,55.43,62.05,53.94,6.78,7.6,0.53,5554,5525,29,27,38.75,normal,0,0,0
2026-01-02 01:01:00,962,low,client_3,server_1,router_1,2,client-router-server,7.52,2.47,7,67.06,60.95,44.44,72.69,8.17,7.52,0.33,1888,1882,6,5,21.85,normal,0,0,0
2026-01-02 01:02:00,963,low,client_2,server_1,router_1,2,client-router-server,10.64,1.9,16,80.34,42.88,50.27,54.17,5.33,10.64,0.01,3660,3659,1,0,52.18,normal,0,0,0
2026-01-02 01:03:00,964,low,client_1,server_1,router_1,2,client-router-server,12.29,2.79,13,45.01,11.23,6.21,20.18,2.46,12.29,0.01,5382,5381,1,0,10.64,normal,0,0,0
2026-01-02 01:04:00,965,low,client_3,server_1,router_1,2,client-router-server,8.57,2.69,12,73.88,38.65,20.32,29.84,6.16,8.57,0.01,4685,4684,1,0,10.14,normal,0,0,0
2026-01-02 01:05:00,966,low,client_3,server_1,router_1,2,client-router-server,10.49,1.7,6,27.01,15.41,17.83,22.33,4.9,10.49,0.01,1052,1051,1,1,49.94,normal,0,0,0
2026-01-02 01:06:00,967,low,client_2,server_1,router_1,2,client-router-server,8.65,1.67,10,27.51,16.86,8.43,26.65,8.64,8.65,0.01,1798,1797,1,0,41.7,normal,0,0,0
2026-01-02 01:07:00,968,low,client_1,server_1,router_1,2,client-router-server,8.48,2.63,8,75.31,34.07,20.2,38.66,6.77,8.48,0.01,2672,2671,1,1,39.49,normal,0,0,0
2026-01-02 01:08:00,969,low,client_2,server_1,router_1,2,client-router-server,7.82,1.7,18,71.51,60.4,50.23,44.53,6.76,7.82,0.95,1889,1872,17,2,47.04,normal,0,0,0
2026-01-02 01:09:00,970,low,client_1,server_1,router_1,2,client-router-server,11.56,1.62,11,28.13,9.89,8.55,19.51,6.5,11.56,0.01,5797,5796,1,1,53.75,normal,0,0,0
2026-01-02 01:10:00,971,low,client_3,server_1,router_1,2,client-router-server,9.75,1.93,13,69.54,26.31,28.56,34.43,4.69,9.75,0.01,1164,1163,1,0,27.32,normal,0,0,0
2026-01-02 01:11:00,972,low,client_3,server_1,router_1,2,client-router-server,8.08,1.65,12,89.54,64.03,72.39,60.39,10.83,8.08,0.56,5756,5724,32,8,7.91,normal,0,0,0
2026-01-02 01:12:00,973,low,client_1,server_1,router_1,2,client-router-server,10.04,1.46,17,29.48,15.94,17.84,22.64,5.51,10.04,0.01,3720,3719,1,0,50.55,normal,0,0,0
2026-01-02 01:13:00,974,low,client_2,server_1,router_1,2,client-router-server,11.45,1.79,18,82.84,41.93,23.59,35.83,6.0,11.45,0.01,3636,3635,1,1,14.05,normal,0,0,0
2026-01-02 01:14:00,975,low,client_2,server_1,router_1,2,client-router-server,7.64,1.67,5,22.48,16.65,8.61,27.82,1.87,7.64,0.01,5799,5798,1,0,9.54,normal,0,0,0
2026-01-02 01:15:00,976,low,client_1,server_1,router_1,2,client-router-server,9.36,1.81,12,78.77,51.75,52.99,63.21,10.14,9.36,0.1,5128,5123,5,5,20.94,normal,0,0,0
2026-01-02 01:16:00,977,low,client_1,server_1,router_1,2,client-router-server,10.84,1.46,6,60.93,29.0,20.33,36.27,7.22,10.84,0.01,1347,1346,1,1,25.87,normal,0,0,0
2026-01-02 01:17:00,978,low,client_2,server_1,router_1,2,client-router-server,7.51,1.73,12,21.97,11.83,7.95,19.18,3.88,7.51,0.01,4319,4318,1,1,35.97,normal,0,0,0
2026-01-02 01:18:00,979,low,client_1,server_1,router_1,2,client-router-server,9.11,1.74,17,40.21,24.92,18.85,38.07,7.56,9.11,0.01,4848,4847,1,0,27.37,normal,0,0,0
2026-01-02 01:19:00,980,low,client_3,server_1,router_1,2,client-router-server,9.28,2.7,18,66.07,49.8,51.82,67.43,11.23,9.28,0.01,1497,1496,1,1,49.11,normal,0,0,0
2026-01-02 01:20:00,981,low,client_2,server_1,router_1,2,client-router-server,10.28,1.93,9,82.62,41.13,20.71,48.61,5.75,10.28,0.01,5083,5082,1,0,33.36,normal,0,0,0
2026-01-02 01:21:00,982,low,client_1,server_1,router_1,2,client-router-server,8.71,1.43,13,68.58,44.82,26.85,45.85,8.59,8.71,0.01,3519,3518,1,1,21.37,normal,0,0,0
2026-01-02 01:22:00,983,low,client_2,server_1,router_1,2,client-router-server,11.13,2.72,17,73.77,33.89,22.02,35.3,7.29,11.13,0.01,3388,3387,1,1,13.62,normal,0,0,0
2026-01-02 01:23:00,984,low,client_2,server_1,router_1,2,client-router-server,8.43,1.83,17,41.8,30.52,30.67,36.23,5.76,8.43,0.01,1190,1189,1,0,30.84,normal,0,0,0
2026-01-02 01:24:00,985,low,client_2,server_1,router_1,2,client-router-server,11.57,2.76,18,41.8,18.14,20.73,31.21,6.88,11.57,0.01,2461,2460,1,1,23.24,normal,0,0,0
2026-01-02 01:25:00,986,low,client_2,server_1,router_1,2,client-router-server,10.94,1.76,14,82.38,23.72,23.26,25.1,7.79,10.94,0.01,3908,3907,1,0,50.57,normal,0,0,0
2026-01-02 01:26:00,987,low,client_2,server_1,router_1,2,client-router-server,11.53,1.53,16,29.16,15.74,8.86,25.91,4.94,11.53,0.01,1395,1394,1,0,18.26,normal,0,0,0
2026-01-02 01:27:00,988,low,client_3,server_1,router_1,2,client-router-server,10.72,1.86,8,56.94,37.17,19.61,39.37,2.16,10.72,0.01,5136,5135,1,1,46.71,normal,0,0,0
2026-01-02 01:28:00,989,low,client_2,server_1,router_1,2,client-router-server,9.54,1.98,6,54.63,29.84,32.97,47.16,2.0,9.54,0.01,1240,1239,1,0,23.4,normal,0,0,0
2026-01-02 01:29:00,990,low,client_3,server_1,router_1,2,client-router-server,7.57,2.27,7,82.82,62.95,46.19,72.48,8.49,7.57,1.35,4403,4344,59,58,5.17,normal,0,0,0
2026-01-02 01:30:00,991,low,client_1,server_1,router_1,2,client-router-server,8.17,1.96,11,47.59,18.83,13.52,21.17,2.83,8.17,0.01,5417,5416,1,1,17.42,normal,0,0,0
2026-01-02 01:31:00,992,low,client_2,server_1,router_1,2,client-router-server,11.28,1.99,10,82.85,34.0,21.06,45.02,9.51,11.28,0.01,4696,4695,1,1,23.44,normal,0,0,0
2026-01-02 01:32:00,993,low,client_1,server_1,router_1,2,client-router-server,11.79,1.95,9,90.03,31.89,27.55,37.36,8.46,11.79,0.01,3764,3763,1,0,32.08,normal,0,0,0
2026-01-02 01:33:00,994,low,client_2,server_1,router_1,2,client-router-server,7.98,2.64,17,75.78,56.84,45.39,75.5,11.93,7.98,0.74,2664,2645,19,11,26.48,normal,0,0,0
2026-01-02 01:34:00,995,low,client_1,server_1,router_1,2,client-router-server,8.27,2.11,18,85.34,49.76,36.04,63.07,3.22,8.27,0.01,3914,3913,1,0,49.96,normal,0,0,0
2026-01-02 01:35:00,996,low,client_1,server_1,router_1,2,client-router-server,11.74,2.65,11,62.9,25.17,22.48,40.46,7.34,11.74,0.01,1330,1329,1,0,18.32,normal,0,0,0
2026-01-02 01:36:00,997,low,client_1,server_1,router_1,2,client-router-server,8.47,1.57,17,59.59,29.5,24.6,40.5,7.02,8.47,0.01,2914,2913,1,1,38.8,normal,0,0,0
2026-01-02 01:37:00,998,low,client_1,server_1,router_1,2,client-router-server,7.59,2.22,15,47.79,39.6,33.87,60.15,6.01,7.59,0.01,1129,1128,1,1,59.55,normal,0,0,0
2026-01-02 01:38:00,999,low,client_1,server_1,router_1,2,client-router-server,10.62,2.13,11,76.72,39.76,41.22,50.09,6.29,10.62,0.01,5953,5952,1,1,9.93,normal,0,0,0
2026-01-02 01:39:00,1000,low,client_1,server_1,router_1,2,client-router-server,10.68,1.55,13,78.76,38.9,23.45,45.64,5.64,10.68,0.01,2592,2591,1,0,53.98,normal,0,0,0
2026-01-02 01:40:00,1001,low,client_1,server_1,router_1,2,client-router-server,9.65,2.76,9,102.1,55.61,65.2,47.42,6.54,9.65,0.45,1964,1956,8,7,47.01,link_degradation,0,0,0
2026-01-02 01:41:00,1002,low,client_1,server_1,router_1,2,client-router-server,9.05,2.66,15,69.09,51.7,52.07,59.91,5.66,9.05,0.14,2998,2994,4,4,12.62,link_degradation,0,0,0
2026-01-02 01:42:00,1003,low,client_1,server_1,router_1,2,client-router-server,7.52,2.5,18,105.83,61.62,48.39,72.95,12.44,7.52,0.94,1245,1234,11,8,49.25,link_degradation,0,0,0
2026-01-02 01:43:00,1004,low,client_2,server_1,router_1,2,client-router-server,8.23,2.53,14,100.4,68.85,38.93,71.86,7.81,8.23,1.63,2774,2729,45,0,35.9,link_degradation,0,0,0
2026-01-02 01:44:00,1005,low,client_1,server_1,router_1,2,client-router-server,11.33,2.22,15,106.98,58.81,42.32,55.86,9.07,11.33,0.93,4265,4226,39,34,13.19,link_degradation,0,0,0
2026-01-02 01:45:00,1006,low,client_2,server_1,router_1,2,client-router-server,7.7,1.48,18,75.63,30.62,35.87,39.68,3.19,7.7,0.01,4200,4199,1,1,8.44,link_degradation,0,0,0
2026-01-02 01:46:00,1007,low,client_2,server_1,router_1,2,client-router-server,8.47,2.25,13,45.7,29.39,31.64,45.02,3.43,8.47,0.01,3287,3286,1,0,21.12,link_degradation,0,0,0
2026-01-02 01:47:00,1008,low,client_3,server_1,router_1,2,client-router-server,8.39,2.65,10,31.3,20.59,13.12,29.26,5.02,8.39,0.01,2806,2805,1,1,19.86,link_degradation,0,0,0
2026-01-02 01:48:00,1009,low,client_2,server_1,router_1,2,client-router-server,7.79,2.44,12,84.39,73.36,82.15,93.06,9.62,7.79,0.97,1159,1148,11,8,48.93,link_degradation,0,0,1
2026-01-02 01:49:00,1010,low,client_2,server_1,router_1,2,client-router-server,9.42,1.67,16,86.98,29.46,18.05,39.81,7.16,9.42,0.01,5292,5291,1,1,8.69,link_degradation,0,0,0
2026-01-02 01:50:00,1011,low,client_1,server_1,router_1,2,client-router-server,12.27,2.59,12,48.63,16.87,16.88,22.15,4.72,12.27,0.01,1648,1647,1,1,5.59,link_degradation,0,0,0
2026-01-02 01:51:00,1012,low,client_1,server_1,router_1,2,client-router-server,7.5,1.67,15,35.91,16.52,16.94,22.75,5.59,7.5,0.01,5697,5696,1,1,25.68,link_degradation,0,0,0
2026-01-02 01:52:00,1013,low,client_2,server_1,router_1,2,client-router-server,9.04,1.8,6,112.91,67.07,67.62,58.27,6.59,9.04,1.84,1352,1328,24,3,28.71,link_degradation,0,0,0
2026-01-02 01:53:00,1014,low,client_1,server_1,router_1,2,client-router-server,11.66,1.63,8,70.04,27.59,24.11,43.77,9.11,11.66,0.01,2529,2528,1,0,5.77,link_degradation,0,0,0
2026-01-02 01:54:00,1015,low,client_1,server_1,router_1,2,client-router-server,11.64,2.0,12,113.19,33.15,21.06,39.53,8.82,11.64,0.01,5024,5023,1,1,17.86,link_degradation,0,0,0
2026-01-02 01:55:00,1016,low,client_1,server_1,router_1,2,client-router-server,8.07,2.22,18,106.2,66.6,58.64,94.8,6.54,8.07,1.35,1187,1171,16,15,48.21,link_degradation,0,0,1
2026-01-02 01:56:00,1017,low,client_3,server_1,router_1,2,client-router-server,12.47,1.4,15,67.8,26.18,25.92,33.04,8.46,12.47,0.01,2200,2199,1,0,25.08,link_degradation,0,0,0
2026-01-02 01:57:00,1018,low,client_3,server_1,router_1,2,client-router-server,8.4,2.36,7,34.22,22.47,16.39,24.77,9.31,8.4,0.01,3744,3743,1,1,56.54,link_degradation,0,0,0
2026-01-02 01:58:00,1019,low,client_2,server_1,router_1,2,client-router-server,10.76,2.27,14,40.66,25.5,14.05,33.2,4.41,10.76,0.01,1323,1322,1,1,17.94,link_degradation,0,0,0
2026-01-02 01:59:00,1020,low,client_3,server_1,router_1,2,client-router-server,12.27,2.24,9,102.38,29.27,33.46,45.83,8.84,12.27,0.01,5442,5441,1,1,58.63,link_degradation,0,0,0
2026-01-02 02:00:00,1021,low,client_3,server_1,router_1,2,client-router-server,8.15,2.04,9,75.47,60.47,44.53,74.22,8.08,8.15,0.92,4701,4658,43,40,35.01,link_degradation,0,0,0
2026-01-02 02:01:00,1022,low,client_1,server_1,router_1,2,client-router-server,12.12,1.51,16,89.85,29.22,25.74,35.99,5.87,12.12,0.01,4702,4701,1,1,25.92,link_degradation,0,0,0
2026-01-02 02:02:00,1023,low,client_3,server_1,router_1,2,client-router-server,9.81,2.21,6,96.14,53.33,45.05,60.57,9.9,9.81,0.23,2260,2255,5,1,22.61,link_degradation,0,0,0
2026-01-02 02:03:00,1024,low,client_2,server_1,router_1,2,client-router-server,9.09,1.95,16,29.72,16.67,12.99,21.44,5.95,9.09,0.01,1244,1243,1,1,46.56,link_degradation,0,0,0
2026-01-02 02:04:00,1025,low,client_3,server_1,router_1,2,client-router-server,7.69,1.95,14,58.36,43.2,26.68,59.82,5.03,7.69,0.01,2495,2494,1,1,30.34,link_degradation,0,0,0
2026-01-02 02:05:00,1026,low,client_1,server_1,router_1,2,client-router-server,8.43,2.66,10,106.58,50.4,58.77,66.03,9.74,8.43,0.04,2820,2819,1,0,35.04,link_degradation,0,0,0
2026-01-02 02:06:00,1027,low,client_3,server_1,router_1,2,client-router-server,7.9,2.21,6,59.17,42.86,31.27,49.39,6.77,7.9,0.01,3812,3811,1,1,14.22,link_degradation,0,0,0
2026-01-02 02:07:00,1028,low,client_2,server_1,router_1,2,client-router-server,9.22,2.3,14,47.61,28.05,27.5,28.73,9.17,9.22,0.01,4024,4023,1,1,6.41,link_degradation,0,0,0
2026-01-02 02:08:00,1029,low,client_3,server_1,router_1,2,client-router-server,10.29,1.56,9,119.24,35.49,25.71,41.46,8.23,10.29,0.01,1982,1981,1,0,55.95,link_degradation,0,0,0
2026-01-02 02:09:00,1030,low,client_2,server_1,router_1,2,client-router-server,10.11,1.86,14,73.21,42.14,38.24,42.44,4.23,10.11,0.01,3664,3663,1,1,29.95,link_degradation,0,0,0
2026-01-02 02:10:00,1031,low,client_2,server_1,router_1,2,client-router-server,9.33,2.27,8,36.45,25.57,27.42,34.23,8.24,9.33,0.01,3599,3598,1,0,5.88,link_degradation,0,0,0
2026-01-02 02:11:00,1032,low,client_1,server_1,router_1,2,client-router-server,8.92,1.48,16,110.27,75.15,42.16,89.33,5.47,8.92,1.95,5847,5733,114,67,31.01,link_degradation,0,1,1
2026-01-02 02:12:00,1033,low,client_3,server_1,router_1,2,client-router-server,8.86,2.74,18,38.83,15.42,16.83,25.22,7.63,8.86,0.01,3710,3709,1,1,27.88,link_degradation,0,0,0
2026-01-02 02:13:00,1034,low,client_3,server_1,router_1,2,client-router-server,10.19,1.99,13,66.51,26.88,29.67,29.29,7.3,10.19,0.01,3290,3289,1,1,45.31,link_degradation,0,0,0
2026-01-02 02:14:00,1035,low,client_2,server_1,router_1,2,client-router-server,11.71,2.59,17,110.51,39.18,33.36,40.7,6.36,11.71,0.01,3722,3721,1,0,12.49,link_degradation,0,0,0
2026-01-02 02:15:00,1036,low,client_1,server_1,router_1,2,client-router-server,10.7,1.5,5,41.2,20.58,22.94,23.87,3.86,10.7,0.01,1948,1947,1,1,52.77,link_degradation,0,0,0
2026-01-02 02:16:00,1037,low,client_1,server_1,router_1,2,client-router-server,8.52,2.79,10,59.14,38.4,34.13,37.08,3.17,8.52,0.01,4138,4137,1,1,37.25,link_degradation,0,0,0
2026-01-02 02:17:00,1038,low,client_2,server_1,router_1,2,client-router-server,12.45,2.12,7,74.71,23.33,19.0,33.54,5.88,12.45,0.01,1052,1051,1,0,25.15,link_degradation,0,0,0
2026-01-02 02:18:00,1039,low,client_3,server_1,router_1,2,client-router-server,8.55,2.25,16,42.35,33.85,29.38,48.5,3.99,8.55,0.01,2559,2558,1,0,11.95,link_degradation,0,0,0
2026-01-02 02:19:00,1040,low,client_3,server_1,router_1,2,client-router-server,7.79,2.47,5,87.12,66.58,74.56,75.76,7.19,7.79,0.8,3826,3796,30,0,34.29,link_degradation,0,0,0
2026-01-02 02:20:00,1041,low,client_2,server_1,router_1,2,client-router-server,8.38,2.2,13,94.85,42.14,31.4,46.83,6.13,8.38,0.01,2111,2110,1,1,13.51,link_degradation,0,0,0
2026-01-02 02:21:00,1042,low,client_1,server_1,router_1,2,client-router-server,11.58,2.3,10,39.89,22.11,22.54,29.27,6.37,11.58,0.01,2488,2487,1,1,57.82,link_degradation,0,0,0
2026-01-02 02:22:00,1043,low,client_1,server_1,router_1,2,client-router-server,9.71,2.74,6,70.57,42.65,27.81,49.47,6.41,9.71,0.01,2489,2488,1,0,13.54,link_degradation,0,0,0
2026-01-02 02:23:00,1044,low,client_3,server_1,router_1,2,client-router-server,12.28,1.91,8,98.25,47.45,50.28,60.87,7.87,12.28,0.01,2937,2936,1,0,22.88,link_degradation,0,0,0
2026-01-02 02:24:00,1045,low,client_1,server_1,router_1,2,client-router-server,8.52,1.81,17,82.32,50.47,36.12,52.18,7.39,8.52,0.05,2792,2791,1,0,49.45,link_degradation,0,0,0
2026-01-02 02:25:00,1046,low,client_1,server_1,router_1,2,client-router-server,10.39,2.2,14,58.43,38.31,32.51,51.01,4.63,10.39,0.01,5769,5768,1,1,5.15,link_degradation,0,0,0
2026-01-02 02:26:00,1047,low,client_2,server_1,router_1,2,client-router-server,10.83,1.44,6,41.8,20.78,21.44,35.85,6.71,10.83,0.01,2132,2131,1,0,12.19,link_degradation,0,0,0
2026-01-02 02:27:00,1048,low,client_3,server_1,router_1,2,client-router-server,9.32,2.36,17,120.78,76.68,77.31,59.05,4.03,9.32,0.91,5005,4960,45,38,49.6,link_degradation,0,1,0
2026-01-02 02:28:00,1049,low,client_2,server_1,router_1,2,client-router-server,9.69,2.52,13,75.09,44.44,43.79,59.0,9.82,9.69,0.01,5382,5381,1,1,55.84,link_degradation,0,0,0
2026-01-02 02:29:00,1050,low,client_1,server_1,router_1,2,client-router-server,8.68,2.2,8,27.69,14.52,8.09,23.25,7.13,8.68,0.01,2335,2334,1,0,52.96,link_degradation,0,0,0
2026-01-02 02:30:00,1051,low,client_1,server_1,router_1,2,client-router-server,8.34,2.55,5,101.95,81.99,95.05,104.81,7.74,8.34,1.53,5189,5110,79,24,8.12,link_degradation,0,1,1
2026-01-02 02:31:00,1052,low,client_1,server_1,router_1,2,client-router-server,8.55,2.36,14,66.52,41.81,23.62,59.76,2.97,8.55,0.01,2697,2696,1,0,11.49,link_degradation,0,0,0
2026-01-02 02:32:00,1053,low,client_3,server_1,router_1,2,client-router-server,8.2,1.44,12,65.99,27.85,28.96,40.06,3.01,8.2,0.01,1342,1341,1,0,38.96,link_degradation,0,0,0
2026-01-02 02:33:00,1054,low,client_1,server_1,router_1,2,client-router-server,10.15,1.42,16,59.44,27.82,18.75,42.9,7.14,10.15,0.01,4115,4114,1,1,16.46,link_degradation,0,0,0
2026-01-02 02:34:00,1055,low,client_1,server_1,router_1,2,client-router-server,9.01,2.6,12,89.44,50.47,30.52,64.03,3.52,9.01,0.02,4234,4233,1,0,55.71,link_degradation,0,0,0
2026-01-02 02:35:00,1056,low,client_3,server_1,router_1,2,client-router-server,10.48,2.43,15,57.85,24.85,12.72,36.8,4.12,10.48,0.01,4117,4116,1,0,49.58,link_degradation,0,0,0
2026-01-02 02:36:00,1057,low,client_1,server_1,router_1,2,client-router-server,10.34,2.71,17,116.74,49.46,51.71,60.33,10.06,10.34,0.01,2162,2161,1,1,15.49,link_degradation,0,0,0
2026-01-02 02:37:00,1058,low,client_3,server_1,router_1,2,client-router-server,11.31,1.91,10,78.61,24.47,26.73,29.58,3.1,11.31,0.01,4947,4946,1,0,28.24,link_degradation,0,0,0
2026-01-02 02:38:00,1059,low,client_1,server_1,router_1,2,client-router-server,7.8,1.79,12,48.5,33.55,18.22,43.95,9.29,7.8,0.01,2869,2868,1,0,11.96,link_degradation,0,0,0
2026-01-02 02:39:00,1060,low,client_3,server_1,router_1,2,client-router-server,11.82,2.67,6,59.38,31.7,31.04,43.13,4.54,11.82,0.01,2021,2020,1,0,38.89,link_degradation,0,0,0
2026-01-02 02:40:00,1061,low,client_2,server_1,router_1,2,client-router-server,9.76,2.72,12,81.03,38.96,40.94,50.76,5.75,9.76,0.01,3335,3334,1,1,51.39,link_degradation,0,0,0
2026-01-02 02:41:00,1062,low,client_2,server_1,router_1,2,client-router-server,11.55,2.43,12,108.05,45.34,22.76,34.09,2.64,11.55,0.01,2697,2696,1,0,49.34,link_degradation,0,0,0
2026-01-02 02:42:00,1063,low,client_2,server_1,router_1,2,client-router-server,8.88,2.23,13,48.41,36.92,31.1,41.94,2.07,8.88,0.01,4000,3999,1,1,10.91,link_degradation,0,0,0
2026-01-02 02:43:00,1064,low,client_3,server_1,router_1,2,client-router-server,9.82,2.14,6,120.98,46.59,24.68,48.34,4.95,9.82,0.01,1391,1390,1,1,24.86,link_degradation,0,0,0
2026-01-02 02:44:00,1065,low,client_2,server_1,router_1,2,client-router-server,8.37,2.09,12,55.27,38.41,19.87,44.53,4.27,8.37,0.01,4489,4488,1,1,37.79,link_degradation,0,0,0
2026-01-02 02:45:00,1066,low,client_1,server_1,router_1,2,client-router-server,12.5,1.61,6,80.72,40.13,41.89,51.48,4.85,12.5,0.01,4583,4582,1,1,29.02,link_degradation,0,0,0
2026-01-02 02:46:00,1067,low,client_2,server_1,router_1,2,client-router-server,8.19,2.51,14,32.25,25.26,12.97,23.72,4.0,8.19,0.01,5827,5826,1,0,46.53,link_degradation,0,0,0
2026-01-02 02:47:00,1068,low,client_1,server_1,router_1,2,client-router-server,8.12,1.84,12,83.38,41.17,21.15,49.58,7.27,8.12,0.01,5611,5610,1,1,36.58,link_degradation,0,0,0
2026-01-02 02:48:00,1069,low,client_3,server_1,router_1,2,client-router-server,7.71,2.31,16,32.41,22.88,19.48,35.99,4.68,7.71,0.01,4235,4234,1,1,40.14,link_degradation,0,0,0
2026-01-02 02:49:00,1070,low,client_1,server_1,router_1,2,client-router-server,11.57,2.2,12,83.56,32.71,29.1,35.6,5.28,11.57,0.01,3348,3347,1,0,31.68,link_degradation,0,0,0
2026-01-02 02:50:00,1071,low,client_1,server_1,router_1,2,client-router-server,9.68,2.55,8,107.01,42.49,41.73,50.67,6.72,9.68,0.01,4654,4653,1,0,8.68,link_degradation,0,0,0
2026-01-02 02:51:00,1072,low,client_2,server_1,router_1,2,client-router-server,12.28,2.33,7,112.13,32.49,21.12,28.38,6.64,12.28,0.01,4364,4363,1,0,51.26,link_degradation,0,0,0
2026-01-02 02:52:00,1073,low,client_3,server_1,router_1,2,client-router-server,8.8,2.64,5,87.51,63.63,71.99,74.16,9.4,8.8,0.86,5682,5634,48,32,37.75,link_degradation,0,0,0
2026-01-02 02:53:00,1074,low,client_3,server_1,router_1,2,client-router-server,7.92,1.5,12,113.83,68.67,35.41,84.75,8.32,7.92,1.05,1250,1237,13,13,50.12,link_degradation,0,0,1
2026-01-02 02:54:00,1075,low,client_3,server_1,router_1,2,client-router-server,8.19,2.71,11,113.18,83.35,68.01,108.3,7.73,8.19,3.78,4607,4433,174,129,25.56,link_degradation,0,1,1
2026-01-02 02:55:00,1076,low,client_3,server_1,router_1,2,client-router-server,10.2,2.31,7,32.02,14.68,10.63,24.85,7.25,10.2,0.01,3453,3452,1,1,10.03,link_degradation,0,0,0
2026-01-02 02:56:00,1077,low,client_1,server_1,router_1,2,client-router-server,11.59,1.47,7,75.81,26.7,16.44,36.5,6.26,11.59,0.01,5739,5738,1,1,41.55,link_degradation,0,0,0
2026-01-02 02:57:00,1078,low,client_1,server_1,router_1,2,client-router-server,8.79,2.65,14,60.58,42.47,44.72,48.52,4.44,8.79,0.01,2450,2449,1,1,20.63,link_degradation,0,0,0
2026-01-02 02:58:00,1079,low,client_3,server_1,router_1,2,client-router-server,9.39,1.8,13,80.42,29.36,33.81,40.45,8.76,9.39,0.01,1370,1369,1,1,43.61,link_degradation,0,0,0
2026-01-02 02:59:00,1080,low,client_3,server_1,router_1,2,client-router-server,8.82,2.77,11,63.41,39.16,20.28,42.14,4.12,8.82,0.01,1837,1836,1,1,12.83,link_degradation,0,0,0
2026-01-02 03:00:00,1081,low,client_2,server_1,router_1,2,client-router-server,9.53,2.26,14,100.1,54.31,31.91,57.21,8.68,9.53,0.22,5363,5352,11,11,32.6,link_degradation,0,0,0
2026-01-02 03:01:00,1082,low,client_2,server_1,router_1,2,client-router-server,8.26,1.56,7,122.04,100.0,86.9,109.52,3.61,8.26,5.25,1605,1521,84,27,59.93,link_degradation,0,1,1
2026-01-02 03:02:00,1083,low,client_3,server_1,router_1,2,client-router-server,10.5,1.75,8,60.88,36.29,43.51,55.4,6.96,10.5,0.01,1003,1002,1,1,15.26,link_degradation,0,0,0
2026-01-02 03:03:00,1084,low,client_2,server_1,router_1,2,client-router-server,9.16,1.85,10,80.24,55.36,28.53,44.27,9.38,9.16,0.31,2020,2014,6,4,10.35,link_degradation,0,0,0
2026-01-02 03:04:00,1085,low,client_1,server_1,router_1,2,client-router-server,7.64,2.23,18,44.84,30.92,24.16,28.57,7.81,7.64,0.01,5225,5224,1,0,43.51,link_degradation,0,0,0
2026-01-02 03:05:00,1086,low,client_3,server_1,router_1,2,client-router-server,10.21,2.58,17,79.3,51.5,25.85,50.22,8.31,10.21,0.08,4389,4386,3,0,48.3,link_degradation,0,0,0
2026-01-02 03:06:00,1087,low,client_3,server_1,router_1,2,client-router-server,12.24,2.11,7,115.61,48.96,45.61,57.16,8.34,12.24,0.01,5501,5500,1,1,22.14,link_degradation,0,0,0
2026-01-02 03:07:00,1088,low,client_3,server_1,router_1,2,client-router-server,9.14,2.49,9,93.15,54.56,64.67,75.45,2.84,9.14,0.19,2479,2475,4,0,51.47,link_degradation,0,0,0
2026-01-02 03:08:00,1089,low,client_2,server_1,router_1,2,client-router-server,10.97,1.84,8,93.96,37.73,20.72,31.31,6.67,10.97,0.01,5548,5547,1,1,16.39,link_degradation,0,0,0
2026-01-02 03:09:00,1090,low,client_2,server_1,router_1,2,client-router-server,10.4,2.21,16,89.14,36.95,33.98,41.38,1.85,10.4,0.01,2113,2112,1,1,34.17,link_degradation,0,0,0
2026-01-02 03:10:00,1091,low,client_1,server_1,router_1,2,client-router-server,9.38,2.55,5,54.6,37.61,39.49,52.44,6.63,9.38,0.01,4570,4569,1,1,13.9,link_degradation,0,0,0
2026-01-02 03:11:00,1092,low,client_2,server_1,router_1,2,client-router-server,11.28,1.74,10,67.3,26.01,29.25,36.65,7.48,11.28,0.01,5148,5147,1,0,28.38,link_degradation,0,0,0
2026-01-02 03:12:00,1093,low,client_2,server_1,router_1,2,client-router-server,11.42,1.48,9,103.9,58.38,36.72,57.81,7.26,11.42,0.55,5982,5950,32,22,17.59,link_degradation,0,0,0
2026-01-02 03:13:00,1094,low,client_3,server_1,router_1,2,client-router-server,8.09,1.84,15,67.49,30.1,18.86,41.87,6.51,8.09,0.01,3544,3543,1,1,12.39,link_degradation,0,0,0
2026-01-02 03:14:00,1095,low,client_1,server_1,router_1,2,client-router-server,8.9,2.67,11,28.71,22.37,12.63,35.73,8.5,8.9,0.01,4180,4179,1,0,5.34,link_degradation,0,0,0
2026-01-02 03:15:00,1096,low,client_3,server_1,router_1,2,client-router-server,12.41,2.66,5,36.56,14.51,12.28,23.94,2.73,12.41,0.01,3935,3934,1,1,56.19,link_degradation,0,0,0
2026-01-02 03:16:00,1097,low,client_2,server_1,router_1,2,client-router-server,11.46,2.64,12,39.15,21.9,20.74,29.42,2.61,11.46,0.01,3058,3057,1,0,45.45,link_degradation,0,0,0
2026-01-02 03:17:00,1098,low,client_2,server_1,router_1,2,client-router-server,11.15,1.57,8,67.93,39.39,34.37,45.35,6.18,11.15,0.01,5211,5210,1,0,22.04,link_degradation,0,0,0
2026-01-02 03:18:00,1099,low,client_3,server_1,router_1,2,client-router-server,11.89,1.87,16,99.24,37.13,38.12,57.17,3.58,11.89,0.01,4009,4008,1,1,40.87,link_degradation,0,0,0
2026-01-02 03:19:00,1100,low,client_1,server_1,router_1,2,client-router-server,8.06,2.66,18,45.19,38.0,23.1,48.78,6.65,8.06,0.01,5024,5023,1,0,29.79,link_degradation,0,0,0
2026-01-02 03:20:00,1101,low,client_2,server_1,router_1,2,client-router-server,10.73,1.42,17,46.11,24.56,15.14,25.77,4.06,10.73,0.01,1596,1595,1,1,24.45,link_degradation,0,0,0
2026-01-02 03:21:00,1102,low,client_3,server_1,router_1,2,client-router-server,11.42,2.1,5,80.09,48.03,51.81,48.14,7.52,11.42,0.01,2880,2879,1,1,44.56,normal,0,0,0
2026-01-02 03:22:00,1103,low,client_1,server_1,router_1,2,client-router-server,11.74,1.8,9,66.81,37.13,18.87,50.92,9.54,11.74,0.01,4246,4245,1,1,31.08,normal,0,0,0
2026-01-02 03:23:00,1104,low,client_1,server_1,router_1,2,client-router-server,8.89,2.27,18,51.87,23.44,22.71,29.82,3.38,8.89,0.01,3962,3961,1,0,31.13,normal,0,0,0
2026-01-02 03:24:00,1105,low,client_2,server_1,router_1,2,client-router-server,10.71,2.43,16,78.82,41.24,46.9,56.83,5.66,10.71,0.01,5115,5114,1,1,53.08,normal,0,0,0
2026-01-02 03:25:00,1106,low,client_3,server_1,router_1,2,client-router-server,10.14,2.58,14,63.45,38.21,42.77,54.28,6.66,10.14,0.01,2088,2087,1,1,10.76,normal,0,0,0
2026-01-02 03:26:00,1107,low,client_3,server_1,router_1,2,client-router-server,11.55,1.63,7,39.03,21.79,25.94,32.15,9.11,11.55,0.01,2668,2667,1,0,37.58,normal,0,0,0
2026-01-02 03:27:00,1108,low,client_1,server_1,router_1,2,client-router-server,12.38,2.18,8,62.6,35.1,33.75,43.07,6.17,12.38,0.01,2412,2411,1,0,44.14,normal,0,0,0
2026-01-02 03:28:00,1109,low,client_1,server_1,router_1,2,client-router-server,8.08,2.28,7,30.93,14.32,8.92,17.53,2.18,8.08,0.01,1371,1370,1,0,32.94,normal,0,0,0
2026-01-02 03:29:00,1110,low,client_3,server_1,router_1,2,client-router-server,9.9,2.31,18,61.86,28.4,14.42,25.91,4.27,9.9,0.01,2927,2926,1,1,56.07,normal,0,0,0
2026-01-02 03:30:00,1111,low,client_3,server_1,router_1,2,client-router-server,11.43,2.51,6,64.22,23.07,24.18,36.44,5.51,11.43,0.01,5822,5821,1,1,50.76,normal,0,0,0
2026-01-02 03:31:00,1112,low,client_1,server_1,router_1,2,client-router-server,7.58,1.5,5,34.89,29.19,22.86,29.97,5.6,7.58,0.01,5819,5818,1,1,29.06,normal,0,0,0
2026-01-02 03:32:00,1113,low,client_1,server_1,router_1,2,client-router-server,11.98,1.4,16,23.46,8.93,6.14,15.26,7.72,11.98,0.01,1739,1738,1,0,59.27,normal,0,0,0
2026-01-02 03:33:00,1114,low,client_2,server_1,router_1,2,client-router-server,11.59,1.68,13,44.29,25.47,17.53,34.72,2.74,11.59,0.01,2594,2593,1,1,28.08,normal,0,0,0
2026-01-02 03:34:00,1115,low,client_3,server_1,router_1,2,client-router-server,10.32,2.79,7,48.34,21.65,16.71,28.96,1.85,10.32,0.01,5634,5633,1,0,30.99,normal,0,0,0
2026-01-02 03:35:00,1116,low,client_3,server_1,router_1,2,client-router-server,9.32,2.72,15,56.4,27.13,24.8,29.24,4.84,9.32,0.01,5871,5870,1,0,11.96,normal,0,0,0
2026-01-02 03:36:00,1117,low,client_1,server_1,router_1,2,client-router-server,9.29,2.77,11,86.09,59.28,55.83,68.83,8.67,9.29,0.29,5532,5516,16,0,46.86,normal,0,0,0
2026-01-02 03:37:00,1118,low,client_3,server_1,router_1,2,client-router-server,11.42,2.24,10,90.09,35.06,30.06,53.88,3.55,11.42,0.01,2130,2129,1,1,21.32,normal,0,0,0
2026-01-02 03:38:00,1119,low,client_1,server_1,router_1,2,client-router-server,10.72,2.22,6,60.64,20.24,11.42,30.48,4.39,10.72,0.01,5941,5940,1,1,23.38,normal,0,0,0
2026-01-02 03:39:00,1120,low,client_2,server_1,router_1,2,client-router-server,12.07,2.49,5,80.84,27.17,27.5,31.43,3.81,12.07,0.01,4982,4981,1,0,22.54,normal,0,0,0
2026-01-02 03:40:00,1121,low,client_1,server_1,router_1,2,client-router-server,11.72,1.47,5,83.37,31.79,34.38,45.4,3.16,11.72,0.01,3803,3802,1,1,20.13,normal,0,0,0
2026-01-02 03:41:00,1122,low,client_1,server_1,router_1,2,client-router-server,11.82,2.31,8,82.05,48.37,41.22,68.73,8.82,11.82,0.01,1478,1477,1,0,31.7,normal,0,0,0
2026-01-02 03:42:00,1123,low,client_3,server_1,router_1,2,client-router-server,9.76,2.5,7,32.07,11.04,13.2,17.62,8.17,9.76,0.01,1051,1050,1,1,8.63,normal,0,0,0
2026-01-02 03:43:00,1124,low,client_3,server_1,router_1,2,client-router-server,7.96,1.51,15,72.35,48.15,56.93,61.22,10.43,7.96,0.01,1705,1704,1,1,15.23,normal,0,0,0
2026-01-02 03:44:00,1125,low,client_1,server_1,router_1,2,client-router-server,11.81,1.76,16,47.2,19.03,20.45,23.52,2.22,11.81,0.01,1120,1119,1,0,57.63,normal,0,0,0
2026-01-02 03:45:00,1126,low,client_3,server_1,router_1,2,client-router-server,10.02,2.2,18,94.1,57.67,51.51,56.58,7.01,10.02,0.33,4836,4821,15,13,37.62,normal,0,0,0
2026-01-02 03:46:00,1127,low,client_2,server_1,router_1,2,client-router-server,12.28,2.54,10,29.86,14.75,11.64,25.79,8.71,12.28,0.01,4884,4883,1,0,49.26,normal,0,0,0
2026-01-02 03:47:00,1128,low,client_1,server_1,router_1,2,client-router-server,7.85,2.63,8,87.63,45.0,23.93,43.87,7.48,7.85,0.01,4836,4835,1,1,16.73,normal,0,0,0
2026-01-02 03:48:00,1129,low,client_3,server_1,router_1,2,client-router-server,11.91,2.22,10,52.84,17.6,19.54,22.81,5.49,11.91,0.01,1318,1317,1,1,29.63,normal,0,0,0
2026-01-02 03:49:00,1130,low,client_1,server_1,router_1,2,client-router-server,12.15,2.16,16,94.73,39.09,34.52,59.02,4.54,12.15,0.01,3440,3439,1,1,55.33,normal,0,0,0
2026-01-02 03:50:00,1131,low,client_2,server_1,router_1,2,client-router-server,12.14,1.41,10,23.98,11.49,8.91,19.99,3.63,12.14,0.01,5624,5623,1,0,45.11,normal,0,0,0
2026-01-02 03:51:00,1132,low,client_1,server_1,router_1,2,client-router-server,9.12,2.11,13,90.27,31.38,29.51,35.25,3.68,9.12,0.01,1682,1681,1,0,30.45,normal,0,0,0
2026-01-02 03:52:00,1133,low,client_2,server_1,router_1,2,client-router-server,8.21,1.84,6,65.08,49.32,48.97,54.89,6.74,8.21,0.01,4326,4325,1,1,55.57,normal,0,0,0
2026-01-02 03:53:00,1134,low,client_2,server_1,router_1,2,client-router-server,12.49,1.98,16,90.54,47.64,46.06,44.35,10.5,12.49,0.01,1487,1486,1,0,13.68,normal,0,0,0
2026-01-02 03:54:00,1135,low,client_3,server_1,router_1,2,client-router-server,8.57,1.46,5,25.92,17.78,11.17,30.28,8.82,8.57,0.01,3783,3782,1,0,29.09,normal,0,0,0
2026-01-02 03:55:00,1136,low,client_2,server_1,router_1,2,client-router-server,11.72,2.78,6,77.37,32.05,28.38,49.38,7.73,11.72,0.01,2889,2888,1,0,7.65,normal,0,0,0
2026-01-02 03:56:00,1137,low,client_2,server_1,router_1,2,client-router-server,11.36,2.38,15,66.65,17.89,17.59,27.92,1.75,11.36,0.01,4509,4508,1,0,32.86,normal,0,0,0
2026-01-02 03:57:00,1138,low,client_2,server_1,router_1,2,client-router-server,10.57,2.36,6,25.4,8.11,5.31,18.02,7.63,10.57,0.01,3835,3834,1,0,55.01,normal,0,0,0
2026-01-02 03:58:00,1139,low,client_2,server_1,router_1,2,client-router-server,7.67,1.94,7,23.43,14.14,11.89,27.34,1.39,7.67,0.01,5485,5484,1,0,9.05,normal,0,0,0
2026-01-02 03:59:00,1140,low,client_2,server_1,router_1,2,client-router-server,11.98,2.75,12,39.71,23.15,19.69,34.45,3.58,11.98,0.01,3367,3366,1,1,36.96,normal,0,0,0
2026-01-02 04:00:00,1141,low,client_2,server_1,router_1,2,client-router-server,9.95,1.93,18,36.88,16.71,18.27,22.18,3.85,9.95,0.01,1597,1596,1,1,16.69,normal,0,0,0
2026-01-02 04:01:00,1142,low,client_2,server_1,router_1,2,client-router-server,8.03,1.53,7,87.41,56.05,35.24,41.87,6.61,8.03,0.56,2813,2798,15,9,23.21,normal,0,0,0
2026-01-02 04:02:00,1143,low,client_1,server_1,router_1,2,client-router-server,10.72,1.61,16,79.06,48.45,52.68,41.49,5.53,10.72,0.01,4391,4390,1,1,18.36,normal,0,0,0
2026-01-02 04:03:00,1144,low,client_1,server_1,router_1,2,client-router-server,11.47,2.19,6,48.8,23.25,11.73,36.23,5.17,11.47,0.01,5608,5607,1,1,22.78,normal,0,0,0
2026-01-02 04:04:00,1145,low,client_1,server_1,router_1,2,client-router-server,11.36,1.9,6,32.82,12.27,9.53,18.8,7.46,11.36,0.01,1069,1068,1,0,30.17,normal,0,0,0
2026-01-02 04:05:00,1146,low,client_1,server_1,router_1,2,client-router-server,11.95,2.0,6,39.19,18.95,11.15,31.85,3.09,11.95,0.01,5511,5510,1,0,14.95,normal,0,0,0
2026-01-02 04:06:00,1147,low,client_1,server_1,router_1,2,client-router-server,10.8,2.48,6,68.53,20.75,23.55,30.63,3.0,10.8,0.01,3998,3997,1,0,28.86,normal,0,0,0
2026-01-02 04:07:00,1148,low,client_3,server_1,router_1,2,client-router-server,10.25,1.46,11,35.86,11.64,10.62,19.33,6.96,10.25,0.01,1771,1770,1,1,35.58,normal,0,0,0
2026-01-02 04:08:00,1149,low,client_1,server_1,router_1,2,client-router-server,8.68,1.64,17,94.43,55.92,59.6,67.93,5.47,8.68,0.38,5165,5146,19,18,31.38,normal,0,0,0
2026-01-02 04:09:00,1150,low,client_3,server_1,router_1,2,client-router-server,11.83,2.28,9,44.88,21.36,25.56,25.72,7.09,11.83,0.01,2751,2750,1,1,34.52,normal,0,0,0
2026-01-02 04:10:00,1151,low,client_1,server_1,router_1,2,client-router-server,8.76,2.73,7,69.69,32.69,27.5,34.95,3.39,8.76,0.01,1898,1897,1,0,28.18,normal,0,0,0
2026-01-02 04:11:00,1152,low,client_2,server_1,router_1,2,client-router-server,7.55,1.58,14,65.18,30.27,28.43,28.07,2.24,7.55,0.01,2222,2221,1,0,51.88,normal,0,0,0
2026-01-02 04:12:00,1153,low,client_2,server_1,router_1,2,client-router-server,10.98,1.68,12,46.94,14.59,11.1,20.04,8.25,10.98,0.01,1385,1384,1,1,18.94,normal,0,0,0
2026-01-02 04:13:00,1154,low,client_3,server_1,router_1,2,client-router-server,10.47,2.79,18,24.31,15.65,12.64,23.82,4.65,10.47,0.01,1581,1580,1,0,40.85,normal,0,0,0
2026-01-02 04:14:00,1155,low,client_1,server_1,router_1,2,client-router-server,12.39,1.44,11,71.2,18.94,13.43,31.73,2.74,12.39,0.01,2787,2786,1,0,56.93,normal,0,0,0
2026-01-02 04:15:00,1156,low,client_1,server_1,router_1,2,client-router-server,8.88,1.97,18,92.4,57.03,44.16,47.67,5.68,8.88,0.8,1114,1106,8,8,8.07,normal,0,0,0
2026-01-02 04:16:00,1157,low,client_2,server_1,router_1,2,client-router-server,9.47,1.82,18,51.33,36.95,41.16,34.06,4.25,9.47,0.01,4225,4224,1,1,24.89,normal,0,0,0
2026-01-02 04:17:00,1158,low,client_2,server_1,router_1,2,client-router-server,10.78,2.31,17,77.23,34.13,27.37,52.53,7.71,10.78,0.01,4414,4413,1,1,5.47,normal,0,0,0
2026-01-02 04:18:00,1159,low,client_2,server_1,router_1,2,client-router-server,8.34,2.18,7,54.02,22.92,25.61,26.17,3.73,8.34,0.01,2125,2124,1,1,56.75,normal,0,0,0
2026-01-02 04:19:00,1160,low,client_2,server_1,router_1,2,client-router-server,10.07,1.74,9,70.51,35.38,39.64,33.05,8.87,10.07,0.01,1803,1802,1,1,13.11,normal,0,0,0
2026-01-02 04:20:00,1161,low,client_2,server_1,router_1,2,client-router-server,10.35,1.66,18,73.34,32.04,20.97,39.56,8.98,10.35,0.01,3307,3306,1,1,58.58,normal,0,0,0
2026-01-02 04:21:00,1162,low,client_2,server_1,router_1,2,client-router-server,8.62,1.92,15,24.32,11.41,7.32,22.54,7.06,8.62,0.01,5333,5332,1,1,27.31,normal,0,0,0
2026-01-02 04:22:00,1163,low,client_3,server_1,router_1,2,client-router-server,11.14,1.9,9,47.73,28.55,25.54,31.9,4.66,11.14,0.01,3197,3196,1,1,57.08,normal,0,0,0
2026-01-02 04:23:00,1164,low,client_1,server_1,router_1,2,client-router-server,11.79,1.88,11,47.8,18.54,21.36,29.41,5.96,11.79,0.01,3296,3295,1,0,9.35,normal,0,0,0
2026-01-02 04:24:00,1165,low,client_2,server_1,router_1,2,client-router-server,10.36,2.72,5,60.16,38.91,44.97,59.54,4.13,10.36,0.01,5881,5880,1,0,22.77,normal,0,0,0
2026-01-02 04:25:00,1166,low,client_3,server_1,router_1,2,client-router-server,8.41,1.57,11,49.78,37.96,25.34,42.29,8.94,8.41,0.01,1972,1971,1,1,14.99,normal,0,0,0
2026-01-02 04:26:00,1167,low,client_2,server_1,router_1,2,client-router-server,10.75,1.48,5,94.83,47.05,31.69,64.71,10.83,10.75,0.01,3530,3529,1,0,44.51,normal,0,0,0
2026-01-02 04:27:00,1168,low,client_3,server_1,router_1,2,client-router-server,8.63,1.57,11,36.5,28.95,28.27,27.6,6.51,8.63,0.01,3918,3917,1,0,12.81,normal,0,0,0
2026-01-02 04:28:00,1169,low,client_2,server_1,router_1,2,client-router-server,12.16,2.58,16,61.17,20.74,12.64,26.09,8.55,12.16,0.01,5140,5139,1,1,19.29,normal,0,0,0
2026-01-02 04:29:00,1170,low,client_3,server_1,router_1,2,client-router-server,8.47,2.05,15,57.35,46.45,51.5,69.24,8.59,8.47,0.01,2209,2208,1,0,54.77,normal,0,0,0
2026-01-02 04:30:00,1171,low,client_1,server_1,router_1,2,client-router-server,9.53,2.71,14,52.25,20.72,10.41,24.41,2.88,9.53,0.01,3925,3924,1,0,49.75,normal,0,0,0
2026-01-02 04:31:00,1172,low,client_1,server_1,router_1,2,client-router-server,10.75,2.33,5,89.57,46.94,24.97,34.6,5.41,10.75,0.01,3532,3531,1,0,22.59,normal,0,0,0
2026-01-02 04:32:00,1173,low,client_1,server_1,router_1,2,client-router-server,8.63,1.68,6,51.91,31.85,33.58,46.61,3.92,8.63,0.01,5049,5048,1,0,54.96,normal,0,0,0
2026-01-02 04:33:00,1174,low,client_1,server_1,router_1,2,client-router-server,8.27,1.92,11,66.68,49.2,30.66,60.64,6.74,8.27,0.01,3016,3015,1,1,12.03,normal,0,0,0
2026-01-02 04:34:00,1175,low,client_3,server_1,router_1,2,client-router-server,10.91,1.91,10,82.04,49.92,30.14,41.26,9.29,10.91,0.01,5277,5276,1,0,5.08,normal,0,0,0
2026-01-02 04:35:00,1176,low,client_2,server_1,router_1,2,client-router-server,11.66,2.04,16,72.01,37.84,24.89,36.12,5.9,11.66,0.01,1750,1749,1,0,35.32,normal,0,0,0
2026-01-02 04:36:00,1177,low,client_3,server_1,router_1,2,client-router-server,12.3,2.58,7,49.18,24.22,25.79,38.91,2.94,12.3,0.01,4247,4246,1,0,24.48,normal,0,0,0
2026-01-02 04:37:00,1178,low,client_3,server_1,router_1,2,client-router-server,10.3,2.49,8,86.97,57.82,57.49,83.63,8.36,10.3,0.68,3147,3126,21,17,52.27,normal,0,0,1
2026-01-02 04:38:00,1179,low,client_2,server_1,router_1,2,client-router-server,8.16,2.46,8,44.32,20.85,24.58,26.42,6.44,8.16,0.01,5164,5163,1,0,39.91,normal,0,0,0
2026-01-02 04:39:00,1180,low,client_2,server_1,router_1,2,client-router-server,12.45,1.66,9,94.79,48.97,43.89,62.96,8.65,12.45,0.01,3897,3896,1,1,8.14,normal,0,0,0
2026-01-02 04:40:00,1181,low,client_3,server_1,router_1,2,client-router-server,12.0,2.36,10,35.83,11.85,13.37,23.97,5.16,12.0,0.01,5354,5353,1,0,19.94,normal,0,0,0
2026-01-02 04:41:00,1182,low,client_2,server_1,router_1,2,client-router-server,9.93,1.64,9,27.84,11.95,13.14,25.35,7.11,9.93,0.01,1587,1586,1,0,47.61,normal,0,0,0
2026-01-02 04:42:00,1183,low,client_3,server_1,router_1,2,client-router-server,9.5,1.5,5,58.15,32.34,32.47,44.3,4.96,9.5,0.01,3961,3960,1,1,18.83,normal,0,0,0
2026-01-02 04:43:00,1184,low,client_1,server_1,router_1,2,client-router-server,9.64,1.7,15,69.48,42.39,23.33,48.42,9.15,9.64,0.01,1748,1747,1,1,37.58,normal,0,0,0
2026-01-02 04:44:00,1185,low,client_2,server_1,router_1,2,client-router-server,8.42,2.33,12,61.03,35.58,17.8,31.21,4.41,8.42,0.01,5064,5063,1,0,12.48,normal,0,0,0
2026-01-02 04:45:00,1186,low,client_1,server_1,router_1,2,client-router-server,8.72,1.63,9,25.5,17.15,19.45,28.2,5.17,8.72,0.01,5286,5285,1,1,16.86,normal,0,0,0
2026-01-02 04:46:00,1187,low,client_2,server_1,router_1,2,client-router-server,12.43,1.99,12,37.35,11.24,9.06,19.37,6.89,12.43,0.01,5345,5344,1,1,40.68,normal,0,0,0
2026-01-02 04:47:00,1188,low,client_1,server_1,router_1,2,client-router-server,10.65,2.12,18,67.81,33.66,38.41,47.47,4.31,10.65,0.01,3529,3528,1,0,6.7,normal,0,0,0
2026-01-02 04:48:00,1189,low,client_3,server_1,router_1,2,client-router-server,8.67,2.04,17,63.37,26.16,15.98,34.39,4.02,8.67,0.01,3230,3229,1,1,35.97,normal,0,0,0
2026-01-02 04:49:00,1190,low,client_2,server_1,router_1,2,client-router-server,8.2,2.64,12,20.52,17.2,14.19,23.4,5.94,8.2,0.01,4668,4667,1,1,55.78,normal,0,0,0
2026-01-02 04:50:00,1191,low,client_1,server_1,router_1,2,client-router-server,9.24,2.43,11,81.22,50.65,26.52,65.98,3.48,9.24,0.04,4852,4851,1,0,7.07,normal,0,0,0
2026-01-02 04:51:00,1192,low,client_2,server_1,router_1,2,client-router-server,9.82,2.41,14,52.0,17.56,19.63,27.9,4.46,9.82,0.01,1405,1404,1,1,37.65,normal,0,0,0
2026-01-02 04:52:00,1193,low,client_1,server_1,router_1,2,client-router-server,8.31,1.89,10,46.23,25.89,16.69,29.13,9.76,8.31,0.01,5584,5583,1,1,38.64,normal,0,0,0
2026-01-02 04:53:00,1194,low,client_2,server_1,router_1,2,client-router-server,12.36,2.7,11,69.31,33.73,37.52,53.24,4.17,12.36,0.01,3501,3500,1,0,26.75,normal,0,0,0
2026-01-02 04:54:00,1195,low,client_3,server_1,router_1,2,client-router-server,11.03,1.47,8,76.47,44.58,30.9,48.08,5.83,11.03,0.01,5307,5306,1,0,13.04,normal,0,0,0
2026-01-02 04:55:00,1196,low,client_2,server_1,router_1,2,client-router-server,9.89,1.55,13,51.51,35.11,41.85,48.86,7.06,9.89,0.01,3208,3207,1,0,18.7,normal,0,0,0
2026-01-02 04:56:00,1197,low,client_1,server_1,router_1,2,client-router-server,10.96,2.52,17,62.83,19.84,16.57,21.85,4.76,10.96,0.01,4381,4380,1,1,23.52,normal,0,0,0
2026-01-02 04:57:00,1198,low,client_1,server_1,router_1,2,client-router-server,7.55,2.43,18,78.33,43.65,39.14,61.21,4.71,7.55,0.01,1447,1446,1,0,12.78,normal,0,0,0
2026-01-02 04:58:00,1199,low,client_2,server_1,router_1,2,client-router-server,11.17,2.0,6,30.23,13.11,14.43,26.06,5.43,11.17,0.01,4861,4860,1,0,35.55,normal,0,0,0
2026-01-02 04:59:00,1200,low,client_1,server_1,router_1,2,client-router-server,8.81,1.69,14,65.71,33.13,23.48,33.96,4.72,8.81,0.01,5440,5439,1,1,7.64,normal,0,0,0
2026-01-02 05:00:00,1201,low,client_1,server_1,router_1,2,client-router-server,10.85,2.03,8,82.16,26.83,29.53,30.3,5.03,10.85,0.01,1153,1152,1,1,17.76,normal,0,0,0
2026-01-02 05:01:00,1202,low,client_3,server_1,router_1,2,client-router-server,11.5,2.22,11,57.83,23.06,24.79,37.6,2.78,11.5,0.01,2153,2152,1,1,25.98,normal,0,0,0
2026-01-02 05:02:00,1203,low,client_1,server_1,router_1,2,client-router-server,10.73,2.15,7,86.46,55.51,44.78,52.27,6.0,10.73,0.18,3609,3603,6,0,13.53,normal,0,0,0
2026-01-02 05:03:00,1204,low,client_2,server_1,router_1,2,client-router-server,10.55,2.79,5,32.25,12.6,9.75,18.59,7.06,10.55,0.01,2629,2628,1,0,12.34,normal,0,0,0
2026-01-02 05:04:00,1205,low,client_3,server_1,router_1,2,client-router-server,8.17,2.37,17,37.53,21.15,25.25,26.7,7.86,8.17,0.01,4837,4836,1,1,8.72,normal,0,0,0
2026-01-02 05:05:00,1206,low,client_3,server_1,router_1,2,client-router-server,11.58,1.92,11,78.75,32.3,25.8,45.62,6.59,11.58,0.01,1464,1463,1,0,20.29,normal,0,0,0
2026-01-02 05:06:00,1207,low,client_1,server_1,router_1,2,client-router-server,8.65,1.81,6,90.62,55.81,57.97,75.8,3.41,8.65,0.32,2079,2073,6,0,11.99,normal,0,0,0
2026-01-02 05:07:00,1208,low,client_1,server_1,router_1,2,client-router-server,12.5,2.63,17,63.61,30.95,17.44,41.42,9.55,12.5,0.01,4058,4057,1,0,29.16,normal,0,0,0
2026-01-02 05:08:00,1209,low,client_2,server_1,router_1,2,client-router-server,9.81,1.47,18,39.42,24.53,14.01,38.37,7.0,9.81,0.01,1867,1866,1,0,55.91,normal,0,0,0
2026-01-02 05:09:00,1210,low,client_2,server_1,router_1,2,client-router-server,12.1,2.22,15,60.62,18.12,17.66,28.76,4.69,12.1,0.01,5905,5904,1,0,49.15,normal,0,0,0
2026-01-02 05:10:00,1211,low,client_3,server_1,router_1,2,client-router-server,8.91,1.52,10,48.9,22.06,18.86,34.02,8.71,8.91,0.01,1625,1624,1,0,10.49,normal,0,0,0
2026-01-02 05:11:00,1212,low,client_1,server_1,router_1,2,client-router-server,7.71,2.61,6,59.82,44.9,53.33,56.0,9.55,7.71,0.01,1605,1604,1,1,52.03,normal,0,0,0
2026-01-02 05:12:00,1213,low,client_2,server_1,router_1,2,client-router-server,12.16,1.65,9,72.02,31.94,23.85,40.69,6.46,12.16,0.01,1896,1895,1,1,10.61,normal,0,0,0
2026-01-02 05:13:00,1214,low,client_2,server_1,router_1,2,client-router-server,10.29,1.67,11,76.13,27.58,14.2,40.42,2.79,10.29,0.01,3135,3134,1,1,51.75,normal,0,0,0
2026-01-02 05:14:00,1215,low,client_1,server_1,router_1,2,client-router-server,11.58,2.05,16,75.2,24.74,17.39,28.6,8.87,11.58,0.01,5088,5087,1,1,5.65,normal,0,0,0
2026-01-02 05:15:00,1216,low,client_1,server_1,router_1,2,client-router-server,9.39,2.32,5,84.51,45.27,33.71,54.25,8.54,9.39,0.01,2488,2487,1,1,28.49,normal,0,0,0
2026-01-02 05:16:00,1217,low,client_1,server_1,router_1,2,client-router-server,8.84,1.52,14,75.58,41.12,34.89,42.61,5.27,8.84,0.01,1659,1658,1,1,24.21,normal,0,0,0
2026-01-02 05:17:00,1218,low,client_3,server_1,router_1,2,client-router-server,11.13,1.84,7,22.08,7.2,6.59,14.79,3.78,11.13,0.01,1344,1343,1,0,37.53,normal,0,0,0
2026-01-02 05:18:00,1219,low,client_3,server_1,router_1,2,client-router-server,8.72,1.51,16,63.62,41.39,44.23,54.11,4.58,8.72,0.01,2473,2472,1,0,28.73,normal,0,0,0
2026-01-02 05:19:00,1220,low,client_3,server_1,router_1,2,client-router-server,10.84,1.62,9,66.76,26.84,17.07,37.75,3.96,10.84,0.01,5701,5700,1,0,43.74,normal,0,0,0
2026-01-02 05:20:00,1221,low,client_3,server_1,router_1,2,client-router-server,12.25,2.15,6,33.26,10.02,5.54,20.37,5.33,12.25,0.01,2258,2257,1,1,34.89,normal,0,0,0
2026-01-02 05:21:00,1222,low,client_2,server_1,router_1,2,client-router-server,10.41,1.65,9,87.02,42.83,29.27,49.09,7.12,10.41,0.01,1007,1006,1,0,48.7,normal,0,0,0
2026-01-02 05:22:00,1223,low,client_3,server_1,router_1,2,client-router-server,8.72,2.41,12,53.17,25.94,18.91,37.54,4.86,8.72,0.01,3546,3545,1,0,37.77,normal,0,0,0
2026-01-02 05:23:00,1224,low,client_1,server_1,router_1,2,client-router-server,8.2,1.7,9,69.39,56.87,60.63,52.0,3.55,8.2,0.63,2336,2322,14,9,18.91,normal,0,0,0
2026-01-02 05:24:00,1225,low,client_1,server_1,router_1,2,client-router-server,12.09,2.14,9,74.96,32.7,36.08,50.12,3.98,12.09,0.01,4328,4327,1,1,36.65,normal,0,0,0
2026-01-02 05:25:00,1226,low,client_3,server_1,router_1,2,client-router-server,11.18,1.68,7,58.53,16.12,10.54,23.43,4.9,11.18,0.01,1511,1510,1,0,24.13,normal,0,0,0
2026-01-02 05:26:00,1227,low,client_1,server_1,router_1,2,client-router-server,8.44,2.17,13,45.25,18.15,13.16,20.48,7.32,8.44,0.01,5504,5503,1,0,56.44,normal,0,0,0
2026-01-02 05:27:00,1228,low,client_1,server_1,router_1,2,client-router-server,10.8,1.65,11,83.18,40.5,37.59,35.41,6.29,10.8,0.01,4572,4571,1,0,52.18,normal,0,0,0
2026-01-02 05:28:00,1229,low,client_3,server_1,router_1,2,client-router-server,11.96,2.04,8,86.15,41.01,45.85,41.43,8.52,11.96,0.01,1934,1933,1,1,14.74,normal,0,0,0
2026-01-02 05:29:00,1230,low,client_1,server_1,router_1,2,client-router-server,8.04,2.11,11,61.41,52.65,33.32,62.19,8.23,8.04,0.13,1812,1810,2,2,34.73,normal,0,0,0
2026-01-02 05:30:00,1231,low,client_1,server_1,router_1,2,client-router-server,10.5,2.31,10,87.33,53.43,46.48,52.84,10.99,10.5,0.32,4950,4935,15,15,26.21,normal,0,0,0
2026-01-02 05:31:00,1232,low,client_2,server_1,router_1,2,client-router-server,10.41,2.74,17,67.19,19.53,22.05,29.58,2.86,10.41,0.01,2043,2042,1,1,38.37,normal,0,0,0
2026-01-02 05:32:00,1233,low,client_1,server_1,router_1,2,client-router-server,9.26,1.93,12,88.87,51.57,46.71,59.22,5.9,9.26,0.1,1136,1135,1,0,43.58,normal,0,0,0
2026-01-02 05:33:00,1234,low,client_3,server_1,router_1,2,client-router-server,8.35,2.24,18,49.94,38.75,34.96,35.05,4.52,8.35,0.01,2331,2330,1,1,22.94,normal,0,0,0
2026-01-02 05:34:00,1235,low,client_3,server_1,router_1,2,client-router-server,9.72,2.8,11,67.12,28.94,17.24,42.48,2.2,9.72,0.01,4375,4374,1,1,37.46,normal,0,0,0
2026-01-02 05:35:00,1236,low,client_1,server_1,router_1,2,client-router-server,9.92,1.51,17,52.84,27.96,24.81,37.8,4.85,9.92,0.01,5677,5676,1,1,27.31,normal,0,0,0
2026-01-02 05:36:00,1237,low,client_3,server_1,router_1,2,client-router-server,11.73,1.81,8,80.2,23.59,19.42,28.09,6.02,11.73,0.01,5763,5762,1,0,59.85,normal,0,0,0
2026-01-02 05:37:00,1238,low,client_3,server_1,router_1,2,client-router-server,7.55,2.75,13,22.1,15.86,15.29,25.12,4.09,7.55,0.01,1257,1256,1,0,26.92,normal,0,0,0
2026-01-02 05:38:00,1239,low,client_1,server_1,router_1,2,client-router-server,12.01,2.53,11,50.02,12.8,11.28,19.8,7.37,12.01,0.01,5557,5556,1,0,53.12,normal,0,0,0
2026-01-02 05:39:00,1240,low,client_2,server_1,router_1,2,client-router-server,10.26,2.74,12,42.88,22.88,23.24,27.99,8.81,10.26,0.01,2937,2936,1,0,13.22,normal,0,0,0
2026-01-02 05:40:00,1241,low,client_2,server_1,router_1,2,client-router-server,10.9,1.54,5,23.54,12.7,13.1,21.29,6.06,10.9,0.01,1141,1140,1,1,26.31,normal,0,0,0
2026-01-02 05:41:00,1242,low,client_2,server_1,router_1,2,client-router-server,12.39,1.63,17,62.4,28.5,32.15,33.7,4.8,12.39,0.01,1159,1158,1,0,34.2,normal,0,0,0
2026-01-02 05:42:00,1243,low,client_3,server_1,router_1,2,client-router-server,11.25,1.78,17,22.62,9.47,10.63,16.73,3.33,11.25,0.01,2077,2076,1,0,26.64,normal,0,0,0
2026-01-02 05:43:00,1244,low,client_2,server_1,router_1,2,client-router-server,11.59,1.59,11,61.9,24.02,17.07,23.67,3.59,11.59,0.01,5893,5892,1,1,52.97,normal,0,0,0
2026-01-02 05:44:00,1245,low,client_2,server_1,router_1,2,client-router-server,8.4,1.94,17,33.37,21.59,15.81,25.05,6.73,8.4,0.01,5087,5086,1,1,31.42,normal,0,0,0
2026-01-02 05:45:00,1246,low,client_3,server_1,router_1,2,client-router-server,10.49,2.42,9,71.36,36.76,26.78,32.54,8.01,10.49,0.01,1670,1669,1,0,20.81,normal,0,0,0
2026-01-02 05:46:00,1247,low,client_1,server_1,router_1,2,client-router-server,12.0,2.3,6,32.47,8.73,8.89,17.68,6.28,12.0,0.01,4869,4868,1,0,55.77,normal,0,0,0
2026-01-02 05:47:00,1248,low,client_3,server_1,router_1,2,client-router-server,8.85,2.58,12,57.1,35.94,36.37,47.18,7.14,8.85,0.01,2482,2481,1,1,14.37,normal,0,0,0
2026-01-02 05:48:00,1249,low,client_1,server_1,router_1,2,client-router-server,8.08,1.53,16,84.44,52.35,44.1,62.29,5.36,8.08,0.26,1386,1383,3,2,21.97,normal,0,0,0
2026-01-02 05:49:00,1250,low,client_2,server_1,router_1,2,client-router-server,11.32,2.21,12,43.04,21.12,15.83,23.7,5.16,11.32,0.01,1918,1917,1,1,11.55,normal,0,0,0
2026-01-02 05:50:00,1251,low,client_3,server_1,router_1,2,client-router-server,8.8,2.62,17,93.5,67.89,62.6,51.42,6.06,8.8,0.59,5340,5309,31,13,28.17,normal,0,0,0
2026-01-02 05:51:00,1252,low,client_1,server_1,router_1,2,client-router-server,10.11,1.64,16,35.08,18.75,11.77,32.14,5.54,10.11,0.01,5561,5560,1,0,24.39,normal,0,0,0
2026-01-02 05:52:00,1253,low,client_3,server_1,router_1,2,client-router-server,10.27,2.08,12,34.72,12.63,12.36,20.3,2.63,10.27,0.01,2742,2741,1,1,45.09,normal,0,0,0
2026-01-02 05:53:00,1254,low,client_3,server_1,router_1,2,client-router-server,8.04,1.96,5,27.61,16.14,13.47,22.46,7.89,8.04,0.01,4103,4102,1,0,37.59,normal,0,0,0
2026-01-02 05:54:00,1255,low,client_1,server_1,router_1,2,client-router-server,8.18,1.56,9,36.84,24.4,16.59,29.5,7.43,8.18,0.01,5813,5812,1,0,42.92,normal,0,0,0
2026-01-02 05:55:00,1256,low,client_3,server_1,router_1,2,client-router-server,10.39,1.64,14,61.56,30.37,20.16,45.97,6.87,10.39,0.01,4355,4354,1,1,54.75,normal,0,0,0
2026-01-02 05:56:00,1257,low,client_2,server_1,router_1,2,client-router-server,11.38,2.65,11,40.77,15.01,15.4,28.55,6.64,11.38,0.01,5596,5595,1,1,50.31,normal,0,0,0
2026-01-02 05:57:00,1258,low,client_2,server_1,router_1,2,client-router-server,10.1,1.82,15,73.25,49.18,50.13,68.7,2.77,10.1,0.01,5413,5412,1,0,50.1,normal,0,0,0
2026-01-02 05:58:00,1259,low,client_3,server_1,router_1,2,client-router-server,9.76,1.69,8,67.95,23.17,11.82,26.95,5.94,9.76,0.01,1810,1809,1,1,48.71,normal,0,0,0
2026-01-02 05:59:00,1260,low,client_2,server_1,router_1,2,client-router-server,9.46,2.21,17,85.54,46.06,25.71,56.98,6.97,9.46,0.01,5393,5392,1,0,47.64,normal,0,0,0
2026-01-02 06:00:00,1261,low,client_3,server_1,router_1,2,client-router-server,12.23,2.02,12,82.57,29.34,14.9,41.58,7.84,12.23,0.01,5692,5691,1,0,50.84,normal,0,0,0
2026-01-02 06:01:00,1262,low,client_3,server_1,router_1,2,client-router-server,11.81,2.05,5,47.78,27.1,24.65,29.96,7.21,11.81,0.01,5133,5132,1,0,46.5,normal,0,0,0
2026-01-02 06:02:00,1263,low,client_3,server_1,router_1,2,client-router-server,8.48,2.78,5,77.66,52.14,26.8,63.39,3.65,8.48,0.18,5363,5354,9,2,51.91,normal,0,0,0
2026-01-02 06:03:00,1264,low,client_2,server_1,router_1,2,client-router-server,8.11,1.49,7,68.47,49.76,26.35,37.23,8.18,8.11,0.01,2007,2006,1,0,20.59,normal,0,0,0
2026-01-02 06:04:00,1265,low,client_1,server_1,router_1,2,client-router-server,9.5,1.89,9,35.91,25.04,28.87,39.73,5.53,9.5,0.01,4603,4602,1,0,16.94,normal,0,0,0
2026-01-02 06:05:00,1266,low,client_3,server_1,router_1,2,client-router-server,9.27,2.74,14,50.07,33.46,18.14,27.18,4.65,9.27,0.01,4524,4523,1,0,25.17,normal,0,0,0
2026-01-02 06:06:00,1267,low,client_2,server_1,router_1,2,client-router-server,11.8,2.35,15,38.47,20.48,13.67,27.91,3.14,11.8,0.01,3377,3376,1,0,26.61,normal,0,0,0
2026-01-02 06:07:00,1268,low,client_1,server_1,router_1,2,client-router-server,8.7,1.81,15,30.05,17.08,14.0,29.86,5.59,8.7,0.01,1038,1037,1,1,55.28,normal,0,0,0
2026-01-02 06:08:00,1269,low,client_3,server_1,router_1,2,client-router-server,7.84,2.55,6,48.33,35.87,28.29,30.88,4.6,7.84,0.01,2677,2676,1,1,34.45,normal,0,0,0
2026-01-02 06:09:00,1270,low,client_2,server_1,router_1,2,client-router-server,9.37,1.59,11,82.12,30.65,19.38,38.16,2.52,9.37,0.01,4986,4985,1,1,16.47,normal,0,0,0
2026-01-02 06:10:00,1271,low,client_3,server_1,router_1,2,client-router-server,10.88,1.96,18,27.68,12.25,10.66,22.0,5.97,10.88,0.01,5711,5710,1,0,28.01,normal,0,0,0
2026-01-02 06:11:00,1272,low,client_3,server_1,router_1,2,client-router-server,10.53,2.62,17,84.54,55.08,63.01,66.6,5.09,10.53,0.54,5170,5143,27,14,47.09,normal,0,0,0
2026-01-02 06:12:00,1273,low,client_2,server_1,router_1,2,client-router-server,11.66,2.46,6,84.18,31.15,31.9,38.73,7.77,11.66,0.01,4480,4479,1,0,48.39,normal,0,0,0
2026-01-02 06:13:00,1274,low,client_2,server_1,router_1,2,client-router-server,8.52,1.73,17,74.06,59.01,53.9,75.78,10.28,8.52,0.44,3942,3925,17,16,17.23,normal,0,0,0
2026-01-02 06:14:00,1275,low,client_2,server_1,router_1,2,client-router-server,11.65,1.58,9,77.07,22.34,22.39,32.88,5.96,11.65,0.01,4433,4432,1,0,15.25,normal,0,0,0
2026-01-02 06:15:00,1276,low,client_1,server_1,router_1,2,client-router-server,7.7,1.41,10,39.84,20.94,20.07,24.89,8.63,7.7,0.01,3917,3916,1,1,30.4,normal,0,0,0
2026-01-02 06:16:00,1277,low,client_2,server_1,router_1,2,client-router-server,9.97,2.08,6,21.48,11.56,11.48,17.73,2.92,9.97,0.01,5512,5511,1,0,8.27,normal,0,0,0
2026-01-02 06:17:00,1278,low,client_3,server_1,router_1,2,client-router-server,8.22,1.65,9,27.41,20.02,17.63,28.06,6.4,8.22,0.01,3095,3094,1,1,16.26,normal,0,0,0
2026-01-02 06:18:00,1279,low,client_1,server_1,router_1,2,client-router-server,8.43,1.94,12,83.15,30.14,32.63,43.22,6.63,8.43,0.01,1422,1421,1,0,15.58,normal,0,0,0
2026-01-02 06:19:00,1280,low,client_2,server_1,router_1,2,client-router-server,9.87,1.73,6,71.57,26.08,20.33,37.18,4.17,9.87,0.01,5870,5869,1,1,47.87,normal,0,0,0
2026-01-02 06:20:00,1281,low,client_2,server_1,router_1,2,client-router-server,8.48,2.52,16,30.17,24.31,22.08,24.31,5.62,8.48,0.01,2993,2992,1,0,23.34,normal,0,0,0
2026-01-02 06:21:00,1282,low,client_1,server_1,router_1,2,client-router-server,9.81,2.06,5,79.89,30.6,31.98,42.65,2.99,9.81,0.01,5639,5638,1,0,45.88,normal,0,0,0
2026-01-02 06:22:00,1283,low,client_1,server_1,router_1,2,client-router-server,8.1,2.17,15,49.24,37.79,25.61,53.26,7.36,8.1,0.01,5063,5062,1,0,36.32,normal,0,0,0
2026-01-02 06:23:00,1284,low,client_1,server_1,router_1,2,client-router-server,9.03,1.53,12,82.57,42.32,50.29,41.27,4.19,9.03,0.01,2079,2078,1,0,24.83,normal,0,0,0
2026-01-02 06:24:00,1285,low,client_2,server_1,router_1,2,client-router-server,12.06,1.93,5,30.81,10.42,5.81,22.29,8.02,12.06,0.01,4654,4653,1,1,53.58,normal,0,0,0
2026-01-02 06:25:00,1286,low,client_1,server_1,router_1,2,client-router-server,10.63,2.35,8,70.58,28.31,18.61,27.63,5.54,10.63,0.01,5564,5563,1,0,58.38,normal,0,0,0
2026-01-02 06:26:00,1287,low,client_2,server_1,router_1,2,client-router-server,10.2,2.16,10,82.04,27.73,14.58,26.06,5.76,10.2,0.01,1744,1743,1,0,49.3,normal,0,0,0
2026-01-02 06:27:00,1288,low,client_2,server_1,router_1,2,client-router-server,11.51,1.48,17,72.73,41.32,28.04,48.22,9.62,11.51,0.01,2752,2751,1,1,25.87,normal,0,0,0
2026-01-02 06:28:00,1289,low,client_1,server_1,router_1,2,client-router-server,8.79,2.19,13,59.41,34.1,22.56,47.75,5.77,8.79,0.01,5019,5018,1,1,39.08,normal,0,0,0
2026-01-02 06:29:00,1290,low,client_1,server_1,router_1,2,client-router-server,10.36,2.77,11,42.56,24.26,21.11,37.92,9.16,10.36,0.01,2047,2046,1,0,48.2,normal,0,0,0
2026-01-02 06:30:00,1291,low,client_2,server_1,router_1,2,client-router-server,9.75,2.8,13,40.18,28.03,23.91,28.29,6.47,9.75,0.01,2212,2211,1,0,14.25,normal,0,0,0
2026-01-02 06:31:00,1292,low,client_1,server_1,router_1,2,client-router-server,11.21,1.81,16,74.51,42.97,32.29,43.54,9.97,11.21,0.01,5493,5492,1,1,18.68,normal,0,0,0
2026-01-02 06:32:00,1293,low,client_3,server_1,router_1,2,client-router-server,10.56,2.6,11,54.01,15.41,13.33,27.12,5.37,10.56,0.01,1021,1020,1,0,36.88,normal,0,0,0
2026-01-02 06:33:00,1294,low,client_1,server_1,router_1,2,client-router-server,8.26,2.26,11,62.58,29.85,29.25,32.0,6.28,8.26,0.01,5728,5727,1,1,45.7,normal,0,0,0
2026-01-02 06:34:00,1295,low,client_2,server_1,router_1,2,client-router-server,9.0,2.69,5,60.63,46.86,54.62,70.59,9.54,9.0,0.01,3006,3005,1,0,7.79,normal,0,0,0
2026-01-02 06:35:00,1296,low,client_3,server_1,router_1,2,client-router-server,9.67,1.86,13,40.8,27.68,27.85,31.38,6.22,9.67,0.01,1757,1756,1,1,43.19,normal,0,0,0
2026-01-02 06:36:00,1297,low,client_1,server_1,router_1,2,client-router-server,8.25,2.03,17,63.0,23.46,22.17,37.04,6.22,8.25,0.01,3275,3274,1,1,27.61,normal,0,0,0
2026-01-02 06:37:00,1298,low,client_2,server_1,router_1,2,client-router-server,10.41,2.15,14,65.54,36.62,40.44,43.81,2.89,10.41,0.01,1131,1130,1,0,43.85,normal,0,0,0
2026-01-02 06:38:00,1299,low,client_1,server_1,router_1,2,client-router-server,10.76,1.5,16,58.02,27.25,25.0,40.53,8.57,10.76,0.01,5348,5347,1,1,32.54,normal,0,0,0
2026-01-02 06:39:00,1300,low,client_2,server_1,router_1,2,client-router-server,8.64,1.62,16,44.36,34.15,32.31,34.73,5.81,8.64,0.01,1142,1141,1,0,21.21,normal,0,0,0
2026-01-02 06:40:00,1301,low,client_1,server_1,router_1,2,client-router-server,11.01,2.61,17,62.0,19.31,11.23,25.63,2.08,11.01,0.01,5624,5623,1,0,20.78,normal,0,0,0
2026-01-02 06:41:00,1302,low,client_2,server_1,router_1,2,client-router-server,10.51,2.63,6,86.25,31.81,21.79,36.18,2.26,10.51,0.01,1709,1708,1,0,9.94,normal,0,0,0
2026-01-02 06:42:00,1303,low,client_1,server_1,router_1,2,client-router-server,11.18,2.0,8,93.77,56.2,44.91,55.26,5.21,11.18,0.33,4065,4052,13,0,32.38,normal,0,0,0
2026-01-02 06:43:00,1304,low,client_2,server_1,router_1,2,client-router-server,11.15,2.59,8,91.68,56.69,38.6,55.55,5.43,11.15,0.6,4602,4575,27,13,59.32,normal,0,0,0
2026-01-02 06:44:00,1305,low,client_2,server_1,router_1,2,client-router-server,10.61,1.89,11,81.89,33.43,16.88,38.43,8.13,10.61,0.01,5028,5027,1,0,19.27,normal,0,0,0
2026-01-02 06:45:00,1306,low,client_2,server_1,router_1,2,client-router-server,8.35,2.39,6,56.84,46.02,47.39,62.03,4.07,8.35,0.01,1031,1030,1,1,51.6,normal,0,0,0
2026-01-02 06:46:00,1307,low,client_2,server_1,router_1,2,client-router-server,12.26,2.58,10,89.89,47.1,32.65,37.9,10.91,12.26,0.01,5471,5470,1,1,33.09,normal,0,0,0
2026-01-02 06:47:00,1308,low,client_3,server_1,router_1,2,client-router-server,10.81,2.76,9,55.5,27.28,25.84,32.99,3.4,10.81,0.01,5100,5099,1,1,59.64,normal,0,0,0
2026-01-02 06:48:00,1309,low,client_1,server_1,router_1,2,client-router-server,8.55,2.25,8,43.49,16.35,16.48,29.89,7.14,8.55,0.01,3754,3753,1,1,51.39,normal,0,0,0
2026-01-02 06:49:00,1310,low,client_2,server_1,router_1,2,client-router-server,8.36,1.51,7,46.77,38.49,37.03,40.25,5.64,8.36,0.01,5039,5038,1,0,35.07,normal,0,0,0
2026-01-02 06:50:00,1311,low,client_1,server_1,router_1,2,client-router-server,9.65,1.99,12,38.68,16.94,12.47,26.23,4.24,9.65,0.01,1530,1529,1,1,37.27,normal,0,0,0
2026-01-02 06:51:00,1312,low,client_1,server_1,router_1,2,client-router-server,7.59,1.66,11,50.39,42.4,45.44,65.52,3.53,7.59,0.01,3285,3284,1,0,49.12,normal,0,0,0
2026-01-02 06:52:00,1313,low,client_1,server_1,router_1,2,client-router-server,10.56,1.48,6,73.12,47.11,37.53,63.52,4.02,10.56,0.01,5138,5137,1,1,7.91,normal,0,0,0
2026-01-02 06:53:00,1314,low,client_1,server_1,router_1,2,client-router-server,10.47,2.71,5,94.96,47.19,43.16,57.47,8.88,10.47,0.01,1108,1107,1,0,21.38,normal,0,0,0
2026-01-02 06:54:00,1315,low,client_1,server_1,router_1,2,client-router-server,11.24,2.72,8,28.02,13.36,11.04,23.65,4.8,11.24,0.01,4178,4177,1,0,46.83,normal,0,0,0
2026-01-02 06:55:00,1316,low,client_3,server_1,router_1,2,client-router-server,7.75,1.51,16,66.26,43.0,24.47,51.6,9.42,7.75,0.01,3987,3986,1,0,39.58,normal,0,0,0
2026-01-02 06:56:00,1317,low,client_2,server_1,router_1,2,client-router-server,11.03,1.48,10,36.76,10.3,11.8,20.5,6.46,11.03,0.01,2127,2126,1,1,37.93,normal,0,0,0
2026-01-02 06:57:00,1318,low,client_1,server_1,router_1,2,client-router-server,9.63,2.09,12,28.4,15.37,13.19,27.17,5.37,9.63,0.01,5880,5879,1,1,18.82,normal,0,0,0
2026-01-02 06:58:00,1319,low,client_1,server_1,router_1,2,client-router-server,8.63,2.05,13,34.85,19.34,15.35,32.49,7.69,8.63,0.01,5497,5496,1,1,48.14,normal,0,0,0
2026-01-02 06:59:00,1320,low,client_3,server_1,router_1,2,client-router-server,10.85,1.94,5,21.1,8.11,8.59,15.73,7.77,10.85,0.01,4200,4199,1,0,48.41,normal,0,0,0
2026-01-02 07:00:00,1321,low,client_3,server_1,router_1,2,client-router-server,9.78,2.78,17,48.68,22.86,18.99,29.17,5.49,9.78,0.01,1969,1968,1,0,36.79,normal,0,0,0
2026-01-02 07:01:00,1322,low,client_2,server_1,router_1,2,client-router-server,8.21,1.46,16,76.14,39.76,40.36,57.32,10.02,8.21,0.01,1079,1078,1,0,15.87,normal,0,0,0
2026-01-02 07:02:00,1323,low,client_3,server_1,router_1,2,client-router-server,8.28,1.43,13,77.51,59.86,59.38,74.94,9.65,8.28,0.81,3398,3371,27,16,8.63,normal,0,0,0
2026-01-02 07:03:00,1324,low,client_2,server_1,router_1,2,client-router-server,11.55,1.97,6,75.39,40.84,29.47,38.77,3.75,11.55,0.01,3987,3986,1,1,43.41,normal,0,0,0
2026-01-02 07:04:00,1325,low,client_1,server_1,router_1,2,client-router-server,11.81,2.79,8,70.08,23.32,20.64,24.98,4.89,11.81,0.01,5085,5084,1,1,19.28,normal,0,0,0
2026-01-02 07:05:00,1326,low,client_2,server_1,router_1,2,client-router-server,9.62,2.67,13,81.52,57.93,41.94,51.57,7.1,9.62,0.89,5472,5424,48,4,54.82,normal,0,0,0
2026-01-02 07:06:00,1327,low,client_2,server_1,router_1,2,client-router-server,9.36,2.43,17,27.39,15.37,13.14,22.45,3.47,9.36,0.01,5903,5902,1,1,13.84,normal,0,0,0
2026-01-02 07:07:00,1328,low,client_1,server_1,router_1,2,client-router-server,11.29,1.49,7,42.17,23.79,18.05,27.79,7.56,11.29,0.01,1833,1832,1,0,30.34,normal,0,0,0
2026-01-02 07:08:00,1329,low,client_3,server_1,router_1,2,client-router-server,8.82,2.14,12,29.19,18.56,16.19,28.99,3.72,8.82,0.01,3605,3604,1,1,58.83,normal,0,0,0
2026-01-02 07:09:00,1330,low,client_1,server_1,router_1,2,client-router-server,9.01,2.65,12,42.24,29.94,29.76,42.01,4.57,9.01,0.01,4231,4230,1,1,58.97,normal,0,0,0
2026-01-02 07:10:00,1331,low,client_1,server_1,router_1,2,client-router-server,7.73,1.69,13,58.71,35.44,23.94,29.22,7.08,7.73,0.01,1553,1552,1,0,56.87,normal,0,0,0
2026-01-02 07:11:00,1332,low,client_3,server_1,router_1,2,client-router-server,9.29,2.71,11,55.69,20.99,23.62,29.46,5.55,9.29,0.01,1247,1246,1,1,33.44,normal,0,0,0
2026-01-02 07:12:00,1333,low,client_2,server_1,router_1,2,client-router-server,10.97,1.99,14,70.96,39.59,41.34,41.3,4.28,10.97,0.01,2186,2185,1,1,16.0,normal,0,0,0
2026-01-02 07:13:00,1334,low,client_1,server_1,router_1,2,client-router-server,12.26,1.87,10,64.71,32.23,23.21,42.92,7.61,12.26,0.01,5877,5876,1,1,32.49,normal,0,0,0
2026-01-02 07:14:00,1335,low,client_2,server_1,router_1,2,client-router-server,11.02,1.65,7,52.73,14.88,16.1,24.66,2.49,11.02,0.01,2066,2065,1,1,45.08,normal,0,0,0
2026-01-02 07:15:00,1336,low,client_3,server_1,router_1,2,client-router-server,9.91,1.48,7,33.16,11.46,6.33,19.58,4.44,9.91,0.01,5028,5027,1,0,28.26,normal,0,0,0
2026-01-02 07:16:00,1337,low,client_2,server_1,router_1,2,client-router-server,8.07,2.6,7,66.26,33.44,29.65,42.82,4.05,8.07,0.01,5739,5738,1,0,16.4,normal,0,0,0
2026-01-02 07:17:00,1338,low,client_1,server_1,router_1,2,client-router-server,9.57,1.48,7,22.22,15.89,14.27,25.32,2.92,9.57,0.01,3200,3199,1,1,50.59,normal,0,0,0
2026-01-02 07:18:00,1339,low,client_3,server_1,router_1,2,client-router-server,11.92,1.81,5,85.13,43.12,49.38,61.46,4.82,11.92,0.01,3805,3804,1,0,56.77,normal,0,0,0
2026-01-02 07:19:00,1340,low,client_1,server_1,router_1,2,client-router-server,8.42,2.68,8,33.86,26.81,20.48,29.02,3.63,8.42,0.01,4633,4632,1,1,58.84,normal,0,0,0
2026-01-02 07:20:00,1341,low,client_1,server_1,router_1,2,client-router-server,11.21,1.71,13,36.67,19.71,14.34,21.59,8.29,11.21,0.01,3662,3661,1,0,43.44,normal,0,0,0
2026-01-02 07:21:00,1342,low,client_3,server_1,router_1,2,client-router-server,12.46,2.19,8,29.54,11.79,10.36,17.51,7.58,12.46,0.01,1391,1390,1,1,58.62,normal,0,0,0
2026-01-02 07:22:00,1343,low,client_2,server_1,router_1,2,client-router-server,9.6,2.45,5,29.41,14.03,10.27,19.35,7.79,9.6,0.01,5817,5816,1,1,19.56,normal,0,0,0
2026-01-02 07:23:00,1344,low,client_3,server_1,router_1,2,client-router-server,10.03,1.41,10,21.75,11.24,7.99,16.12,7.13,10.03,0.01,1177,1176,1,0,7.45,normal,0,0,0
2026-01-02 07:24:00,1345,low,client_3,server_1,router_1,2,client-router-server,8.36,2.2,6,62.38,23.77,14.98,23.8,5.25,8.36,0.01,1266,1265,1,1,19.25,normal,0,0,0
2026-01-02 07:25:00,1346,low,client_1,server_1,router_1,2,client-router-server,9.24,1.48,14,36.89,15.05,9.7,18.03,2.8,9.24,0.01,3714,3713,1,1,51.94,normal,0,0,0
2026-01-02 07:26:00,1347,low,client_3,server_1,router_1,2,client-router-server,9.14,1.74,16,36.97,23.75,26.8,28.62,5.03,9.14,0.01,2705,2704,1,0,46.53,normal,0,0,0
2026-01-02 07:27:00,1348,low,client_1,server_1,router_1,2,client-router-server,8.32,2.5,9,83.74,47.38,23.93,51.56,6.5,8.32,0.01,2003,2002,1,0,50.74,normal,0,0,0
2026-01-02 07:28:00,1349,low,client_2,server_1,router_1,2,client-router-server,9.72,1.96,6,32.13,14.32,13.16,21.5,7.92,9.72,0.01,2168,2167,1,0,58.18,normal,0,0,0
2026-01-02 07:29:00,1350,low,client_1,server_1,router_1,2,client-router-server,8.89,2.52,12,54.48,19.99,10.2,22.59,7.15,8.89,0.01,4671,4670,1,1,39.22,normal,0,0,0
2026-01-02 07:30:00,1351,low,client_3,server_1,router_1,2,client-router-server,11.01,1.54,7,33.56,10.36,7.88,20.96,2.37,11.01,0.01,2238,2237,1,1,18.85,normal,0,0,0
2026-01-02 07:31:00,1352,low,client_1,server_1,router_1,2,client-router-server,8.1,1.67,16,21.91,16.86,11.13,19.02,6.16,8.1,0.01,3583,3582,1,0,19.88,normal,0,0,0
2026-01-02 07:32:00,1353,low,client_3,server_1,router_1,2,client-router-server,11.8,2.02,6,24.71,9.25,6.68,16.79,6.3,11.8,0.01,2947,2946,1,0,33.46,normal,0,0,0
2026-01-02 07:33:00,1354,low,client_3,server_1,router_1,2,client-router-server,10.53,2.16,12,67.83,22.59,22.24,27.46,3.69,10.53,0.01,3083,3082,1,1,43.52,normal,0,0,0
2026-01-02 07:34:00,1355,low,client_1,server_1,router_1,2,client-router-server,7.54,2.78,14,33.52,27.06,22.68,26.15,5.61,7.54,0.01,2920,2919,1,0,37.39,normal,0,0,0
2026-01-02 07:35:00,1356,low,client_2,server_1,router_1,2,client-router-server,12.21,2.14,10,27.15,8.15,6.74,17.71,3.4,12.21,0.01,5124,5123,1,1,45.44,normal,0,0,0
2026-01-02 07:36:00,1357,low,client_3,server_1,router_1,2,client-router-server,11.0,2.69,13,32.88,17.46,14.57,24.84,3.33,11.0,0.01,5788,5787,1,0,24.93,normal,0,0,0
2026-01-02 07:37:00,1358,low,client_3,server_1,router_1,2,client-router-server,11.43,2.78,18,43.92,17.55,15.6,22.26,7.45,11.43,0.01,4323,4322,1,0,46.63,normal,0,0,0
2026-01-02 07:38:00,1359,low,client_2,server_1,router_1,2,client-router-server,11.3,2.5,7,61.44,35.47,33.78,33.19,10.02,11.3,0.01,3354,3353,1,0,37.67,normal,0,0,0
2026-01-02 07:39:00,1360,low,client_3,server_1,router_1,2,client-router-server,11.66,1.66,16,69.13,28.3,16.81,32.58,4.81,11.66,0.01,5757,5756,1,1,28.67,normal,0,0,0
2026-01-02 07:40:00,1361,low,client_2,server_1,router_1,2,client-router-server,11.09,2.57,18,41.38,20.37,10.9,31.17,5.73,11.09,0.01,2455,2454,1,0,13.82,normal,0,0,0
2026-01-02 07:41:00,1362,low,client_1,server_1,router_1,2,client-router-server,11.76,2.36,6,91.22,44.83,35.59,35.72,6.84,11.76,0.01,3301,3300,1,1,11.1,normal,0,0,0
2026-01-02 07:42:00,1363,low,client_2,server_1,router_1,2,client-router-server,9.68,1.99,18,83.04,30.19,21.04,41.26,7.24,9.68,0.01,4793,4792,1,0,15.99,normal,0,0,0
2026-01-02 07:43:00,1364,low,client_2,server_1,router_1,2,client-router-server,8.61,2.75,18,51.92,20.78,24.69,36.14,7.06,8.61,0.01,3121,3120,1,1,44.19,normal,0,0,0
2026-01-02 07:44:00,1365,low,client_2,server_1,router_1,2,client-router-server,9.45,1.99,7,90.4,39.26,42.09,37.32,8.11,9.45,0.01,4181,4180,1,1,31.21,normal,0,0,0
2026-01-02 07:45:00,1366,low,client_1,server_1,router_1,2,client-router-server,8.76,2.02,11,84.4,40.17,37.62,34.86,4.78,8.76,0.01,3786,3785,1,0,33.14,normal,0,0,0
2026-01-02 07:46:00,1367,low,client_1,server_1,router_1,2,client-router-server,10.32,1.64,18,83.47,29.84,29.49,28.69,3.78,10.32,0.01,3189,3188,1,0,47.27,normal,0,0,0
2026-01-02 07:47:00,1368,low,client_2,server_1,router_1,2,client-router-server,8.48,1.93,10,52.13,38.7,34.86,44.61,7.13,8.48,0.01,5391,5390,1,1,45.99,normal,0,0,0
2026-01-02 07:48:00,1369,low,client_1,server_1,router_1,2,client-router-server,10.94,1.87,11,61.96,20.91,18.0,32.71,4.1,10.94,0.01,3776,3775,1,0,32.55,normal,0,0,0
2026-01-02 07:49:00,1370,low,client_2,server_1,router_1,2,client-router-server,7.96,2.34,12,75.64,56.11,37.26,70.54,9.16,7.96,0.2,4907,4898,9,8,9.27,normal,0,0,0
2026-01-02 07:50:00,1371,low,client_1,server_1,router_1,2,client-router-server,9.55,2.03,9,56.65,20.02,13.12,27.71,8.06,9.55,0.01,4073,4072,1,0,34.82,normal,0,0,0
2026-01-02 07:51:00,1372,low,client_3,server_1,router_1,2,client-router-server,11.98,2.64,18,46.36,24.75,14.65,38.02,7.38,11.98,0.01,1550,1549,1,1,41.25,normal,0,0,0
2026-01-02 07:52:00,1373,low,client_1,server_1,router_1,2,client-router-server,10.54,2.38,13,47.96,14.26,7.73,21.77,7.9,10.54,0.01,5235,5234,1,1,23.4,normal,0,0,0
2026-01-02 07:53:00,1374,low,client_3,server_1,router_1,2,client-router-server,8.95,1.74,18,82.82,36.5,28.77,52.9,3.93,8.95,0.01,3187,3186,1,1,37.57,normal,0,0,0
2026-01-02 07:54:00,1375,low,client_1,server_1,router_1,2,client-router-server,8.55,2.07,11,56.23,41.23,34.21,56.18,9.51,8.55,0.01,4445,4444,1,1,53.83,normal,0,0,0
2026-01-02 07:55:00,1376,low,client_3,server_1,router_1,2,client-router-server,7.58,1.69,15,41.09,27.36,23.41,35.34,4.68,7.58,0.01,1382,1381,1,1,30.89,normal,0,0,0
2026-01-02 07:56:00,1377,low,client_2,server_1,router_1,2,client-router-server,10.98,2.29,8,42.85,22.53,24.96,31.95,5.36,10.98,0.01,3643,3642,1,0,51.41,normal,0,0,0
2026-01-02 07:57:00,1378,low,client_3,server_1,router_1,2,client-router-server,9.78,1.69,7,30.42,12.6,13.85,21.54,6.21,9.78,0.01,4627,4626,1,0,27.39,normal,0,0,0
2026-01-02 07:58:00,1379,low,client_1,server_1,router_1,2,client-router-server,10.39,2.19,17,25.23,16.63,18.75,20.57,3.48,10.39,0.01,5169,5168,1,0,42.01,normal,0,0,0
2026-01-02 07:59:00,1380,low,client_3,server_1,router_1,2,client-router-server,9.59,1.83,7,56.79,25.41,28.42,29.48,7.85,9.59,0.01,1049,1048,1,1,50.23,normal,0,0,0
2026-01-02 08:00:00,1381,low,client_2,server_1,router_1,2,client-router-server,7.65,2.3,7,50.39,38.68,35.35,51.14,8.68,7.65,0.01,3677,3676,1,1,42.79,normal,0,0,0
2026-01-02 08:01:00,1382,low,client_3,server_1,router_1,2,client-router-server,10.33,2.79,5,28.47,19.05,15.52,33.98,5.65,10.33,0.01,2555,2554,1,0,25.23,normal,0,0,0
2026-01-02 08:02:00,1383,low,client_3,server_1,router_1,2,client-router-server,10.31,1.56,7,91.89,45.01,46.95,58.15,3.76,10.31,0.01,1617,1616,1,1,44.86,normal,0,0,0
2026-01-02 08:03:00,1384,low,client_2,server_1,router_1,2,client-router-server,10.67,2.59,13,84.5,53.97,37.23,47.41,5.74,10.67,0.31,1424,1420,4,0,25.88,normal,0,0,0
2026-01-02 08:04:00,1385,low,client_3,server_1,router_1,2,client-router-server,10.77,1.46,16,69.36,21.72,10.88,35.15,7.01,10.77,0.01,2278,2277,1,1,39.69,normal,0,0,0
2026-01-02 08:05:00,1386,low,client_1,server_1,router_1,2,client-router-server,7.66,2.48,8,22.33,16.22,17.94,29.83,4.9,7.66,0.01,4396,4395,1,0,40.82,normal,0,0,0
2026-01-02 08:06:00,1387,low,client_2,server_1,router_1,2,client-router-server,7.65,1.99,18,59.49,49.79,40.85,56.08,9.5,7.65,0.01,4825,4824,1,1,9.88,normal,0,0,0
2026-01-02 08:07:00,1388,low,client_1,server_1,router_1,2,client-router-server,11.1,1.74,11,90.28,53.18,40.92,43.56,8.96,11.1,0.13,5344,5338,6,1,51.24,normal,0,0,0
2026-01-02 08:08:00,1389,low,client_1,server_1,router_1,2,client-router-server,8.38,2.13,12,24.26,19.37,12.32,32.43,3.55,8.38,0.01,2506,2505,1,1,23.37,normal,0,0,0
2026-01-02 08:09:00,1390,low,client_2,server_1,router_1,2,client-router-server,11.23,1.62,5,26.09,14.5,16.69,20.59,3.19,11.23,0.01,5796,5795,1,0,56.63,normal,0,0,0
2026-01-02 08:10:00,1391,low,client_1,server_1,router_1,2,client-router-server,10.26,2.46,12,47.32,18.75,15.3,31.36,7.93,10.26,0.01,4677,4676,1,0,12.25,normal,0,0,0
2026-01-02 08:11:00,1392,low,client_1,server_1,router_1,2,client-router-server,11.96,1.79,11,43.87,15.53,11.59,20.95,6.9,11.96,0.01,4601,4600,1,1,47.84,normal,0,0,0
2026-01-02 08:12:00,1393,low,client_1,server_1,router_1,2,client-router-server,8.86,2.4,8,85.53,62.83,53.85,52.36,7.42,8.86,0.91,5241,5194,47,23,20.2,normal,0,0,0
2026-01-02 08:13:00,1394,low,client_2,server_1,router_1,2,client-router-server,8.65,2.19,7,94.93,34.61,27.07,40.49,9.14,8.65,0.01,2059,2058,1,1,36.98,normal,0,0,0
2026-01-02 08:14:00,1395,low,client_2,server_1,router_1,2,client-router-server,8.17,1.5,18,86.56,33.92,23.05,42.54,4.72,8.17,0.01,1090,1089,1,1,27.93,normal,0,0,0
2026-01-02 08:15:00,1396,low,client_2,server_1,router_1,2,client-router-server,11.96,2.45,14,63.76,24.03,28.59,40.61,9.06,11.96,0.01,5941,5940,1,0,16.84,normal,0,0,0
2026-01-02 08:16:00,1397,low,client_3,server_1,router_1,2,client-router-server,10.07,2.73,12,84.89,49.24,40.16,44.18,9.68,10.07,0.01,5302,5301,1,0,7.69,normal,0,0,0
2026-01-02 08:17:00,1398,low,client_2,server_1,router_1,2,client-router-server,8.5,2.31,14,80.98,48.7,30.81,61.7,5.46,8.5,0.01,1544,1543,1,1,21.36,normal,0,0,0
2026-01-02 08:18:00,1399,low,client_3,server_1,router_1,2,client-router-server,11.7,1.57,16,54.98,27.71,32.16,46.07,4.77,11.7,0.01,3328,3327,1,0,16.97,normal,0,0,0
2026-01-02 08:19:00,1400,low,client_1,server_1,router_1,2,client-router-server,8.26,2.5,13,80.86,54.26,47.78,46.29,7.98,8.26,0.37,4143,4128,15,9,13.79,normal,0,0,0
2026-01-02 08:20:00,1401,low,client_3,server_1,router_1,2,client-router-server,10.61,2.52,7,42.26,23.25,14.09,30.56,4.26,10.61,0.01,4494,4493,1,1,38.47,normal,0,0,0
2026-01-02 08:21:00,1402,low,client_3,server_1,router_1,2,client-router-server,8.13,2.63,9,61.9,51.4,59.53,72.23,8.84,8.13,0.14,4031,4026,5,3,34.37,normal,0,0,0
2026-01-02 08:22:00,1403,low,client_1,server_1,router_1,2,client-router-server,12.18,2.51,12,69.42,27.33,21.48,27.15,6.17,12.18,0.01,3378,3377,1,0,22.03,normal,0,0,0
2026-01-02 08:23:00,1404,low,client_2,server_1,router_1,2,client-router-server,9.09,1.64,12,39.32,29.66,28.46,37.57,7.44,9.09,0.01,5015,5014,1,1,15.8,normal,0,0,0
2026-01-02 08:24:00,1405,low,client_2,server_1,router_1,2,client-router-server,11.29,1.67,10,24.66,13.21,8.26,17.35,6.79,11.29,0.01,1581,1580,1,0,33.36,normal,0,0,0
2026-01-02 08:25:00,1406,low,client_2,server_1,router_1,2,client-router-server,11.55,2.15,5,34.24,18.99,13.62,31.57,4.08,11.55,0.01,1210,1209,1,1,46.24,normal,0,0,0
2026-01-02 08:26:00,1407,low,client_1,server_1,router_1,2,client-router-server,12.12,2.37,17,36.91,19.92,19.61,28.45,4.58,12.12,0.01,1279,1278,1,1,9.94,normal,0,0,0
2026-01-02 08:27:00,1408,low,client_3,server_1,router_1,2,client-router-server,7.89,1.51,7,84.79,47.36,30.06,43.44,6.39,7.89,0.01,3820,3819,1,1,34.95,normal,0,0,0
2026-01-02 08:28:00,1409,low,client_3,server_1,router_1,2,client-router-server,9.76,1.8,17,27.16,11.37,12.06,20.08,4.2,9.76,0.01,5029,5028,1,1,5.15,normal,0,0,0
2026-01-02 08:29:00,1410,low,client_3,server_1,router_1,2,client-router-server,11.08,2.53,8,86.92,33.54,24.09,40.9,10.57,11.08,0.01,5472,5471,1,0,14.8,normal,0,0,0
2026-01-02 08:30:00,1411,low,client_1,server_1,router_1,2,client-router-server,11.34,2.15,15,35.68,19.09,19.41,22.05,6.03,11.34,0.01,3283,3282,1,0,41.3,normal,0,0,0
2026-01-02 08:31:00,1412,low,client_1,server_1,router_1,2,client-router-server,10.99,1.48,7,49.38,15.11,17.09,22.45,4.91,10.99,0.01,3806,3805,1,1,12.27,normal,0,0,0
2026-01-02 08:32:00,1413,low,client_1,server_1,router_1,2,client-router-server,11.75,1.46,14,93.91,40.06,34.25,34.37,8.22,11.75,0.01,5957,5956,1,1,59.58,normal,0,0,0
2026-01-02 08:33:00,1414,low,client_1,server_1,router_1,2,client-router-server,10.5,2.67,5,93.43,48.59,42.69,62.56,9.4,10.5,0.01,1752,1751,1,0,42.44,normal,0,0,0
2026-01-02 08:34:00,1415,low,client_2,server_1,router_1,2,client-router-server,8.88,2.04,11,27.52,13.49,7.19,18.37,4.22,8.88,0.01,4303,4302,1,0,21.24,normal,0,0,0
2026-01-02 08:35:00,1416,low,client_3,server_1,router_1,2,client-router-server,9.07,2.35,15,94.08,56.04,46.47,41.99,6.38,9.07,0.57,1464,1456,8,8,42.34,normal,0,0,0
2026-01-02 08:36:00,1417,low,client_1,server_1,router_1,2,client-router-server,11.25,1.59,15,87.16,32.21,32.92,48.02,7.06,11.25,0.01,4980,4979,1,1,59.88,normal,0,0,0
2026-01-02 08:37:00,1418,low,client_2,server_1,router_1,2,client-router-server,10.38,2.18,7,38.61,24.89,18.77,40.72,3.04,10.38,0.01,2062,2061,1,1,31.74,normal,0,0,0
2026-01-02 08:38:00,1419,low,client_2,server_1,router_1,2,client-router-server,9.51,2.64,5,36.21,16.46,17.59,24.63,2.01,9.51,0.01,1360,1359,1,0,45.2,normal,0,0,0
2026-01-02 08:39:00,1420,low,client_1,server_1,router_1,2,client-router-server,7.54,1.59,15,67.5,46.37,27.1,61.87,7.68,7.54,0.01,2943,2942,1,0,12.87,normal,0,0,0
2026-01-02 08:40:00,1421,low,client_3,server_1,router_1,2,client-router-server,11.34,2.27,9,45.42,19.39,14.73,27.05,5.84,11.34,0.01,2529,2528,1,1,7.29,normal,0,0,0
2026-01-02 08:41:00,1422,low,client_3,server_1,router_1,2,client-router-server,9.82,2.45,11,23.22,15.77,18.34,30.29,6.19,9.82,0.01,2122,2121,1,0,22.55,normal,0,0,0
2026-01-02 08:42:00,1423,low,client_3,server_1,router_1,2,client-router-server,8.63,2.57,9,72.01,28.06,24.98,38.61,3.33,8.63,0.01,5336,5335,1,0,20.59,normal,0,0,0
2026-01-02 08:43:00,1424,low,client_2,server_1,router_1,2,client-router-server,8.28,2.54,17,44.76,19.85,20.96,27.29,2.99,8.28,0.01,4112,4111,1,0,17.91,normal,0,0,0
2026-01-02 08:44:00,1425,low,client_1,server_1,router_1,2,client-router-server,10.21,2.79,17,51.5,15.75,7.99,22.85,6.51,10.21,0.01,2073,2072,1,0,24.43,normal,0,0,0
2026-01-02 08:45:00,1426,low,client_2,server_1,router_1,2,client-router-server,12.27,2.14,13,47.39,22.11,12.11,24.83,7.78,12.27,0.01,3588,3587,1,1,7.97,normal,0,0,0
2026-01-02 08:46:00,1427,low,client_3,server_1,router_1,2,client-router-server,9.01,2.54,5,48.01,20.44,18.67,26.31,5.45,9.01,0.01,3993,3992,1,0,10.34,normal,0,0,0
2026-01-02 08:47:00,1428,low,client_3,server_1,router_1,2,client-router-server,9.8,2.0,12,63.76,34.42,34.93,49.03,9.53,9.8,0.01,3460,3459,1,1,36.94,normal,0,0,0
2026-01-02 08:48:00,1429,low,client_2,server_1,router_1,2,client-router-server,9.11,2.79,6,61.53,36.67,25.11,46.9,6.16,9.11,0.01,1402,1401,1,0,58.38,normal,0,0,0
2026-01-02 08:49:00,1430,low,client_3,server_1,router_1,2,client-router-server,7.94,2.59,12,83.57,42.75,46.98,60.61,3.03,7.94,0.01,5004,5003,1,0,16.94,normal,0,0,0
2026-01-02 08:50:00,1431,low,client_1,server_1,router_1,2,client-router-server,8.56,1.63,16,72.99,48.86,31.62,70.01,5.57,8.56,0.01,2092,2091,1,1,18.2,normal,0,0,0
2026-01-02 08:51:00,1432,low,client_2,server_1,router_1,2,client-router-server,10.59,1.47,17,87.18,44.25,27.91,38.4,5.83,10.59,0.01,5382,5381,1,1,40.84,normal,0,0,0
2026-01-02 08:52:00,1433,low,client_1,server_1,router_1,2,client-router-server,8.76,1.5,15,33.68,26.78,14.61,35.2,4.41,8.76,0.01,2740,2739,1,1,32.21,normal,0,0,0
2026-01-02 08:53:00,1434,low,client_3,server_1,router_1,2,client-router-server,11.5,2.2,13,31.2,13.38,14.37,26.3,3.78,11.5,0.01,1471,1470,1,1,22.8,normal,0,0,0
2026-01-02 08:54:00,1435,low,client_3,server_1,router_1,2,client-router-server,8.61,2.09,14,25.21,9.13,9.14,17.99,3.31,8.61,0.01,4543,4542,1,0,55.25,normal,0,0,0
2026-01-02 08:55:00,1436,low,client_2,server_1,router_1,2,client-router-server,9.57,1.91,12,36.38,22.44,22.21,23.95,5.49,9.57,0.01,4628,4627,1,0,16.4,normal,0,0,0
2026-01-02 08:56:00,1437,low,client_1,server_1,router_1,2,client-router-server,9.07,2.09,11,79.82,48.36,51.13,44.15,6.09,9.07,0.01,3437,3436,1,0,12.28,normal,0,0,0
2026-01-02 08:57:00,1438,low,client_1,server_1,router_1,2,client-router-server,11.41,1.74,15,68.6,26.86,16.57,32.58,3.42,11.41,0.01,2309,2308,1,0,51.35,normal,0,0,0
2026-01-02 08:58:00,1439,low,client_2,server_1,router_1,2,client-router-server,9.28,2.23,8,80.36,55.32,59.01,59.56,9.66,9.28,0.36,5699,5679,20,14,19.7,normal,0,0,0
2026-01-02 08:59:00,1440,low,client_3,server_1,router_1,2,client-router-server,8.59,2.68,14,35.66,22.2,23.07,34.05,7.8,8.59,0.01,5900,5899,1,0,19.17,normal,0,0,0
2026-01-02 09:00:00,1441,low,client_3,server_1,router_1,2,client-router-server,11.94,1.58,11,22.58,11.83,6.03,18.27,6.62,11.94,0.01,4575,4574,1,1,16.91,normal,0,0,0
2026-01-02 09:01:00,1442,low,client_1,server_1,router_1,2,client-router-server,8.15,2.19,14,39.29,17.49,15.45,28.7,8.36,8.15,0.01,1854,1853,1,1,38.88,normal,0,0,0
2026-01-02 09:02:00,1443,low,client_2,server_1,router_1,2,client-router-server,7.87,1.82,8,38.86,28.34,22.84,39.77,8.28,7.87,0.01,5350,5349,1,1,56.65,normal,0,0,0
2026-01-02 09:03:00,1444,low,client_3,server_1,router_1,2,client-router-server,11.23,2.32,7,45.58,23.48,12.8,30.39,5.18,11.23,0.01,5307,5306,1,1,8.18,normal,0,0,0
2026-01-02 09:04:00,1445,low,client_2,server_1,router_1,2,client-router-server,10.99,2.45,6,49.09,31.04,19.86,42.1,6.34,10.99,0.01,5710,5709,1,1,26.53,normal,0,0,0
2026-01-02 09:05:00,1446,low,client_2,server_1,router_1,2,client-router-server,8.85,2.53,13,52.13,35.93,27.69,52.13,7.6,8.85,0.01,4643,4642,1,0,16.07,normal,0,0,0
2026-01-02 09:06:00,1447,low,client_1,server_1,router_1,2,client-router-server,8.2,1.86,18,60.73,24.7,19.28,23.86,4.95,8.2,0.01,5149,5148,1,1,57.31,normal,0,0,0
2026-01-02 09:07:00,1448,low,client_3,server_1,router_1,2,client-router-server,11.26,1.87,13,91.03,35.85,30.31,32.91,9.03,11.26,0.01,1428,1427,1,1,33.81,normal,0,0,0
2026-01-02 09:08:00,1449,low,client_2,server_1,router_1,2,client-router-server,10.92,2.22,17,59.82,24.27,19.18,29.54,3.99,10.92,0.01,3130,3129,1,0,47.34,normal,0,0,0
2026-01-02 09:09:00,1450,low,client_2,server_1,router_1,2,client-router-server,11.67,2.03,9,20.37,6.64,5.21,16.18,4.32,11.67,0.01,4849,4848,1,0,45.16,normal,0,0,0
2026-01-02 09:10:00,1451,low,client_1,server_1,router_1,2,client-router-server,8.99,2.25,11,34.55,25.93,15.76,27.37,6.11,8.99,0.01,1397,1396,1,0,6.67,normal,0,0,0
2026-01-02 09:11:00,1452,low,client_2,server_1,router_1,2,client-router-server,10.39,1.78,16,25.19,12.94,10.39,17.85,5.97,10.39,0.01,5717,5716,1,1,12.42,normal,0,0,0
2026-01-02 09:12:00,1453,low,client_1,server_1,router_1,2,client-router-server,9.45,2.76,13,40.15,17.34,8.83,22.56,1.86,9.45,0.01,5031,5030,1,1,59.33,normal,0,0,0
2026-01-02 09:13:00,1454,low,client_1,server_1,router_1,2,client-router-server,12.27,2.26,14,44.14,19.04,18.54,33.16,6.19,12.27,0.01,4540,4539,1,0,14.27,normal,0,0,0
2026-01-02 09:14:00,1455,low,client_2,server_1,router_1,2,client-router-server,7.72,1.84,7,68.8,35.05,19.73,50.33,7.51,7.72,0.01,1143,1142,1,1,15.52,normal,0,0,0
2026-01-02 09:15:00,1456,low,client_1,server_1,router_1,2,client-router-server,10.82,2.79,8,27.23,12.29,10.73,21.02,6.22,10.82,0.01,5206,5205,1,1,45.58,normal,0,0,0
2026-01-02 09:16:00,1457,low,client_3,server_1,router_1,2,client-router-server,10.0,1.62,13,74.12,44.61,26.34,52.05,8.79,10.0,0.01,3264,3263,1,0,36.38,normal,0,0,0
2026-01-02 09:17:00,1458,low,client_3,server_1,router_1,2,client-router-server,9.65,1.69,17,36.48,22.48,16.91,31.01,7.49,9.65,0.01,4936,4935,1,1,56.05,normal,0,0,0
2026-01-02 09:18:00,1459,low,client_2,server_1,router_1,2,client-router-server,8.41,1.61,8,72.48,46.21,44.36,58.13,7.72,8.41,0.01,1739,1738,1,1,34.75,normal,0,0,0
2026-01-02 09:19:00,1460,low,client_1,server_1,router_1,2,client-router-server,10.32,1.57,11,81.75,36.89,32.62,52.87,10.33,10.32,0.01,2183,2182,1,0,40.96,normal,0,0,0
2026-01-02 09:20:00,1461,low,client_3,server_1,router_1,2,client-router-server,8.26,2.4,13,90.94,40.57,33.68,56.46,3.93,8.26,0.01,3591,3590,1,1,53.01,normal,0,0,0
2026-01-02 09:21:00,1462,low,client_3,server_1,router_1,2,client-router-server,10.26,2.13,15,53.6,32.6,38.76,44.05,6.71,10.26,0.01,3571,3570,1,1,16.14,normal,0,0,0
2026-01-02 09:22:00,1463,low,client_3,server_1,router_1,2,client-router-server,9.76,2.56,13,66.82,26.29,22.61,31.53,2.76,9.76,0.01,4027,4026,1,1,14.22,normal,0,0,0
2026-01-02 09:23:00,1464,low,client_1,server_1,router_1,2,client-router-server,9.56,2.28,13,39.77,21.22,23.4,37.42,6.73,9.56,0.01,1891,1890,1,0,11.3,normal,0,0,0
2026-01-02 09:24:00,1465,low,client_3,server_1,router_1,2,client-router-server,11.19,1.44,14,22.09,10.24,10.91,16.99,8.1,11.19,0.01,1805,1804,1,0,49.85,normal,0,0,0
2026-01-02 09:25:00,1466,low,client_2,server_1,router_1,2,client-router-server,11.3,2.25,5,88.66,53.85,28.31,41.67,5.69,11.3,0.28,5545,5530,15,4,26.32,normal,0,0,0
2026-01-02 09:26:00,1467,low,client_1,server_1,router_1,2,client-router-server,10.81,2.26,8,40.62,24.04,23.15,34.47,4.73,10.81,0.01,5020,5019,1,1,30.31,normal,0,0,0
2026-01-02 09:27:00,1468,low,client_3,server_1,router_1,2,client-router-server,12.37,1.88,17,74.72,26.3,25.86,25.94,5.31,12.37,0.01,2786,2785,1,0,22.76,normal,0,0,0
2026-01-02 09:28:00,1469,low,client_1,server_1,router_1,2,client-router-server,10.88,1.84,15,83.31,23.97,14.12,23.98,5.7,10.88,0.01,3243,3242,1,1,19.49,normal,0,0,0
2026-01-02 09:29:00,1470,low,client_3,server_1,router_1,2,client-router-server,9.06,2.15,13,35.69,16.68,13.98,20.07,7.87,9.06,0.01,3643,3642,1,0,15.91,normal,0,0,0
2026-01-02 09:30:00,1471,low,client_2,server_1,router_1,2,client-router-server,11.6,1.6,6,44.32,23.33,21.49,35.77,6.16,11.6,0.01,5405,5404,1,0,53.05,normal,0,0,0
2026-01-02 09:31:00,1472,low,client_3,server_1,router_1,2,client-router-server,9.29,2.54,9,80.32,43.66,29.88,63.28,6.66,9.29,0.01,4467,4466,1,1,57.46,normal,0,0,0
2026-01-02 09:32:00,1473,low,client_1,server_1,router_1,2,client-router-server,9.1,1.73,11,36.34,15.47,13.13,25.98,7.72,9.1,0.01,2312,2311,1,0,41.44,normal,0,0,0
2026-01-02 09:33:00,1474,low,client_3,server_1,router_1,2,client-router-server,8.54,1.53,11,92.13,33.99,30.44,31.8,7.47,8.54,0.01,2857,2856,1,0,14.63,normal,0,0,0
2026-01-02 09:34:00,1475,low,client_3,server_1,router_1,2,client-router-server,11.19,1.94,10,25.17,11.58,10.52,23.2,1.72,11.19,0.01,4148,4147,1,1,44.0,normal,0,0,0
2026-01-02 09:35:00,1476,low,client_3,server_1,router_1,2,client-router-server,9.28,1.42,6,45.9,20.45,11.4,29.44,4.43,9.28,0.01,1521,1520,1,1,5.16,normal,0,0,0
2026-01-02 09:36:00,1477,low,client_1,server_1,router_1,2,client-router-server,9.52,2.65,7,25.77,14.1,13.42,27.63,7.6,9.52,0.01,3240,3239,1,1,26.26,normal,0,0,0
2026-01-02 09:37:00,1478,low,client_3,server_1,router_1,2,client-router-server,10.97,2.48,14,39.14,22.28,15.63,33.52,3.43,10.97,0.01,3364,3363,1,0,58.41,normal,0,0,0
2026-01-02 09:38:00,1479,low,client_1,server_1,router_1,2,client-router-server,10.67,2.04,17,31.37,20.22,20.71,30.37,6.39,10.67,0.01,2545,2544,1,1,25.74,normal,0,0,0
2026-01-02 09:39:00,1480,low,client_3,server_1,router_1,2,client-router-server,9.68,2.57,16,48.32,16.53,9.88,22.21,4.33,9.68,0.01,1262,1261,1,0,48.64,normal,0,0,0
2026-01-02 09:40:00,1481,low,client_1,server_1,router_1,2,client-router-server,10.57,1.42,15,72.42,35.47,19.53,52.64,8.85,10.57,0.01,4999,4998,1,1,38.95,normal,0,0,0
2026-01-02 09:41:00,1482,low,client_2,server_1,router_1,2,client-router-server,8.25,2.59,18,53.93,27.57,29.5,29.25,4.63,8.25,0.01,3870,3869,1,0,30.19,normal,0,0,0
2026-01-02 09:42:00,1483,low,client_2,server_1,router_1,2,client-router-server,11.55,2.29,11,86.13,46.64,26.91,46.57,5.72,11.55,0.01,3922,3921,1,1,54.15,normal,0,0,0
2026-01-02 09:43:00,1484,low,client_2,server_1,router_1,2,client-router-server,9.93,1.65,14,76.85,36.8,40.32,39.55,3.73,9.93,0.01,5485,5484,1,1,5.14,normal,0,0,0
2026-01-02 09:44:00,1485,low,client_2,server_1,router_1,2,client-router-server,8.54,1.82,10,24.77,19.57,23.05,33.12,8.17,8.54,0.01,2479,2478,1,0,36.5,normal,0,0,0
2026-01-02 09:45:00,1486,low,client_1,server_1,router_1,2,client-router-server,8.88,2.22,8,24.96,16.65,16.43,24.3,5.29,8.88,0.01,1937,1936,1,1,43.32,normal,0,0,0
2026-01-02 09:46:00,1487,low,client_3,server_1,router_1,2,client-router-server,8.57,1.47,13,54.99,22.69,22.28,28.13,5.92,8.57,0.01,4480,4479,1,0,33.26,normal,0,0,0
2026-01-02 09:47:00,1488,low,client_3,server_1,router_1,2,client-router-server,8.0,2.15,17,48.05,34.76,29.07,35.64,5.09,8.0,0.01,3049,3048,1,0,28.82,normal,0,0,0
2026-01-02 09:48:00,1489,low,client_1,server_1,router_1,2,client-router-server,9.93,2.57,15,27.79,14.54,12.86,19.38,5.95,9.93,0.01,2055,2054,1,1,46.85,normal,0,0,0
2026-01-02 09:49:00,1490,low,client_2,server_1,router_1,2,client-router-server,8.21,1.47,15,61.09,35.06,31.72,35.23,9.69,8.21,0.01,2607,2606,1,0,27.23,normal,0,0,0
2026-01-02 09:50:00,1491,low,client_1,server_1,router_1,2,client-router-server,11.87,2.5,5,33.88,19.71,19.39,26.39,7.06,11.87,0.01,3361,3360,1,0,10.27,normal,0,0,0
2026-01-02 09:51:00,1492,low,client_1,server_1,router_1,2,client-router-server,9.08,2.59,11,50.66,22.45,22.83,32.45,2.91,9.08,0.01,2685,2684,1,0,12.08,normal,0,0,0
2026-01-02 09:52:00,1493,low,client_2,server_1,router_1,2,client-router-server,11.85,1.69,5,22.36,10.09,6.35,16.55,3.89,11.85,0.01,1379,1378,1,0,11.26,normal,0,0,0
2026-01-02 09:53:00,1494,low,client_3,server_1,router_1,2,client-router-server,8.46,2.6,9,35.68,23.48,17.72,31.43,8.32,8.46,0.01,5896,5895,1,1,23.45,normal,0,0,0
2026-01-02 09:54:00,1495,low,client_3,server_1,router_1,2,client-router-server,8.43,1.64,9,44.99,24.54,25.54,30.04,5.76,8.43,0.01,4522,4521,1,1,15.63,normal,0,0,0
2026-01-02 09:55:00,1496,low,client_1,server_1,router_1,2,client-router-server,8.74,2.56,16,80.77,55.46,52.45,61.06,11.18,8.74,0.3,3953,3942,11,2,39.2,normal,0,0,0
2026-01-02 09:56:00,1497,low,client_2,server_1,router_1,2,client-router-server,10.94,1.74,11,82.61,52.78,62.66,58.58,9.54,10.94,0.1,4195,4191,4,1,25.34,normal,0,0,0
2026-01-02 09:57:00,1498,low,client_3,server_1,router_1,2,client-router-server,9.58,2.73,13,24.54,8.76,7.28,21.05,2.92,9.58,0.01,3363,3362,1,1,47.76,normal,0,0,0
2026-01-02 09:58:00,1499,low,client_2,server_1,router_1,2,client-router-server,9.19,1.68,11,73.98,42.22,41.76,55.92,6.63,9.19,0.01,3777,3776,1,0,13.48,normal,0,0,0
2026-01-02 09:59:00,1500,low,client_3,server_1,router_1,2,client-router-server,10.46,1.7,17,94.24,37.76,27.83,32.83,8.2,10.46,0.01,2609,2608,1,0,22.82,normal,0,0,0
