timestamp,time_step,scenario,source_node,destination_node,router_id,hop_count,path_length,bandwidth_mbps,traffic_interval_sec,active_users,traffic_load_mbps,utilization_percent,queue_occupancy_percent,latency_ms,jitter_ms,throughput_mbps,packet_loss_percent,tx_packets,rx_packets,lost_packets,retransmissions,flow_duration_sec,event_type,peak_hour,failure_event,sla_violation
2026-01-01 09:00:00,1,high,client_3,server_1,router_1,2,client-router-server,2.4,0.56,41,68.04,96.91,76.63,86.28,9.7,2.4,4.75,3882,3698,184,87,41.4,normal,0,0,1
2026-01-01 09:01:00,2,high,client_3,server_1,router_1,2,client-router-server,2.28,0.42,52,22.24,31.64,35.61,44.0,8.66,2.28,0.01,1219,1218,1,0,8.92,normal,0,0,0
2026-01-01 09:02:00,3,high,client_2,server_1,router_1,2,client-router-server,1.85,0.58,41,31.35,62.73,59.39,72.21,7.57,1.85,1.17,4004,3958,46,23,23.81,normal,0,0,0
2026-01-01 09:03:00,4,high,client_3,server_1,router_1,2,client-router-server,2.0,0.4,42,44.49,92.43,80.62,90.99,7.55,2.0,2.45,3209,3131,78,27,29.08,normal,0,0,1
2026-01-01 09:04:00,5,high,client_3,server_1,router_1,2,client-router-server,1.63,0.53,42,78.66,100.0,50.25,80.53,7.25,1.63,2.23,1505,1472,33,6,44.83,normal,0,0,1
2026-01-01 09:05:00,6,high,client_2,server_1,router_1,2,client-router-server,1.73,0.48,40,66.72,100.0,52.35,100.62,15.78,1.73,4.81,2598,2474,124,101,14.87,normal,0,0,1
2026-01-01 09:06:00,7,high,client_1,server_1,router_1,2,client-router-server,2.39,0.44,46,74.62,100.0,93.99,115.91,10.39,2.39,3.93,3877,3725,152,32,16.96,normal,0,0,1
2026-01-01 09:07:00,8,high,client_2,server_1,router_1,2,client-router-server,2.3,0.42,41,27.76,74.58,72.65,56.09,8.68,2.3,2.39,4374,4270,104,18,18.47,normal,0,0,0
2026-01-01 09:08:00,9,high,client_2,server_1,router_1,2,client-router-server,1.82,0.59,41,72.24,100.0,83.09,122.11,11.68,1.82,3.02,2919,2831,88,10,57.21,normal,0,0,1
2026-01-01 09:09:00,10,high,client_1,server_1,router_1,2,client-router-server,2.0,0.68,44,87.41,100.0,70.08,69.52,13.38,2.0,3.56,5598,5399,199,119,18.96,normal,0,0,1
2026-01-01 09:10:00,11,high,client_3,server_1,router_1,2,client-router-server,1.69,0.51,53,44.94,100.0,100.0,81.51,8.29,1.69,3.69,4859,4680,179,170,52.66,normal,0,0,1
2026-01-01 09:11:00,12,high,client_1,server_1,router_1,2,client-router-server,1.62,0.41,48,77.22,100.0,64.46,108.6,9.81,1.62,2.18,2822,2761,61,23,55.81,normal,0,0,1
2026-01-01 09:12:00,13,high,client_1,server_1,router_1,2,client-router-server,1.79,0.45,47,57.03,100.0,52.1,106.13,8.99,1.79,3.98,5496,5278,218,64,27.54,normal,0,0,1
2026-01-01 09:13:00,14,high,client_1,server_1,router_1,2,client-router-server,2.22,0.45,51,32.7,65.78,61.95,54.68,7.19,2.22,1.31,2083,2056,27,3,53.84,normal,0,0,0
2026-01-01 09:14:00,15,high,client_2,server_1,router_1,2,client-router-server,2.24,0.56,41,75.59,100.0,83.15,93.23,9.14,2.24,5.36,4004,3790,214,67,21.16,normal,0,0,1
2026-01-01 09:15:00,16,high,client_1,server_1,router_1,2,client-router-server,1.96,0.64,52,79.72,100.0,93.26,97.66,9.67,1.96,1.55,2379,2343,36,15,57.21,normal,0,0,1
2026-01-01 09:16:00,17,high,client_2,server_1,router_1,2,client-router-server,2.48,0.49,46,70.07,100.0,50.67,97.74,11.42,2.48,1.89,1256,1233,23,12,22.61,normal,0,0,1
2026-01-01 09:17:00,18,high,client_1,server_1,router_1,2,client-router-server,1.99,0.55,42,84.61,100.0,58.08,118.61,7.25,1.99,3.06,4720,4576,144,45,48.81,normal,0,0,1
2026-01-01 09:18:00,19,high,client_2,server_1,router_1,2,client-router-server,1.65,0.49,49,41.84,100.0,92.48,133.18,6.27,1.65,3.98,4919,4724,195,99,9.77,normal,0,0,1
2026-01-01 09:19:00,20,high,client_3,server_1,router_1,2,client-router-server,2.36,0.43,47,32.13,91.44,99.53,123.97,11.2,2.36,2.12,5093,4986,107,74,35.78,normal,0,0,1
2026-01-01 09:20:00,21,high,client_3,server_1,router_1,2,client-router-server,2.31,0.48,44,23.57,38.55,33.07,42.62,7.03,2.31,0.01,4187,4186,1,1,33.73,normal,0,0,0
2026-01-01 09:21:00,22,high,client_3,server_1,router_1,2,client-router-server,2.09,0.36,40,60.66,100.0,66.7,65.11,5.16,2.09,5.99,2652,2494,158,104,41.25,normal,0,0,1
2026-01-01 09:22:00,23,high,client_2,server_1,router_1,2,client-router-server,1.54,0.43,53,20.43,87.28,71.29,64.49,4.32,1.54,3.82,2446,2353,93,63,50.53,normal,0,0,0
2026-01-01 09:23:00,24,high,client_1,server_1,router_1,2,client-router-server,2.22,0.61,50,30.79,69.53,48.31,75.24,6.29,2.22,1.32,3018,2979,39,15,56.69,normal,0,0,0
2026-01-01 09:24:00,25,high,client_3,server_1,router_1,2,client-router-server,2.18,0.36,43,30.6,51.87,59.21,45.69,11.56,2.18,0.16,4411,4404,7,1,41.56,normal,0,0,0
2026-01-01 09:25:00,26,high,client_3,server_1,router_1,2,client-router-server,2.06,0.41,53,76.34,100.0,51.36,74.82,6.82,2.06,2.16,3475,3400,75,42,50.6,normal,0,0,1
2026-01-01 09:26:00,27,high,client_2,server_1,router_1,2,client-router-server,1.73,0.37,49,39.42,80.56,79.97,98.03,8.2,1.73,1.2,3853,3807,46,15,13.03,normal,0,0,1
2026-01-01 09:27:00,28,high,client_1,server_1,router_1,2,client-router-server,2.28,0.49,46,66.39,100.0,100.0,100.98,6.04,2.28,4.49,1561,1491,70,54,5.23,normal,0,0,1
2026-01-01 09:28:00,29,high,client_2,server_1,router_1,2,client-router-server,1.61,0.46,53,64.47,100.0,79.77,122.89,7.45,1.61,3.03,2220,2153,67,51,26.73,normal,0,0,1
2026-01-01 09:29:00,30,high,client_2,server_1,router_1,2,client-router-server,1.59,0.47,41,93.21,100.0,59.42,62.15,8.51,1.59,2.03,5401,5292,109,33,58.54,normal,0,0,1
2026-01-01 09:30:00,31,high,client_2,server_1,router_1,2,client-router-server,1.72,0.57,53,24.07,74.47,71.87,80.67,12.99,1.72,2.87,4444,4317,127,92,24.54,normal,0,0,1
2026-01-01 09:31:00,32,high,client_3,server_1,router_1,2,client-router-server,2.5,0.65,41,90.62,100.0,81.0,70.5,5.47,2.5,2.74,5696,5540,156,88,42.75,normal,0,0,1
2026-01-01 09:32:00,33,high,client_1,server_1,router_1,2,client-router-server,1.7,0.6,47,70.0,100.0,100.0,90.77,6.23,1.7,3.43,4833,4668,165,120,47.02,normal,0,0,1
2026-01-01 09:33:00,34,high,client_2,server_1,router_1,2,client-router-server,1.69,0.63,42,33.58,83.57,98.36,69.4,10.65,1.69,2.46,1758,1715,43,42,45.29,normal,0,0,0
2026-01-01 09:34:00,35,high,client_3,server_1,router_1,2,client-router-server,1.7,0.43,40,88.76,100.0,57.07,107.73,9.33,1.7,2.56,1120,1092,28,16,45.45,normal,0,0,1
2026-01-01 09:35:00,36,high,client_2,server_1,router_1,2,client-router-server,2.24,0.69,41,21.83,41.81,49.16,45.86,5.33,2.24,0.01,2844,2843,1,0,43.32,normal,0,0,0
2026-01-01 09:36:00,37,high,client_3,server_1,router_1,2,client-router-server,2.39,0.44,50,92.27,100.0,100.0,83.69,8.12,2.39,1.88,3133,3075,58,55,59.51,normal,0,0,1
2026-01-01 09:37:00,38,high,client_3,server_1,router_1,2,client-router-server,1.82,0.58,50,57.94,100.0,100.0,108.12,13.88,1.82,2.16,5418,5301,117,17,36.33,normal,0,0,1
2026-01-01 09:38:00,39,high,client_3,server_1,router_1,2,client-router-server,1.54,0.53,44,45.57,100.0,100.0,94.26,7.17,1.54,4.08,1819,1745,74,72,41.51,normal,0,0,1
2026-01-01 09:39:00,40,high,client_1,server_1,router_1,2,client-router-server,1.79,0.43,46,75.77,100.0,57.47,82.66,7.25,1.79,1.95,5237,5135,102,55,11.1,normal,0,0,1
2026-01-01 09:40:00,41,high,client_2,server_1,router_1,2,client-router-server,1.93,0.39,51,41.81,100.0,50.76,79.24,8.68,1.93,3.68,2940,2832,108,48,30.83,normal,0,0,1
2026-01-01 09:41:00,42,high,client_3,server_1,router_1,2,client-router-server,2.25,0.49,44,56.29,100.0,100.0,126.32,6.94,2.25,3.88,3478,3344,134,0,41.47,normal,0,0,1
2026-01-01 09:42:00,43,high,client_2,server_1,router_1,2,client-router-server,2.49,0.66,42,94.05,100.0,69.1,102.64,5.36,2.49,4.27,4088,3914,174,113,35.36,normal,0,0,1
2026-01-01 09:43:00,44,high,client_2,server_1,router_1,2,client-router-server,1.89,0.51,45,75.75,100.0,100.0,71.0,9.16,1.89,5.19,3822,3624,198,63,53.24,normal,0,0,1
2026-01-01 09:44:00,45,high,client_2,server_1,router_1,2,client-router-server,2.34,0.52,45,79.94,100.0,70.65,80.51,14.34,2.34,2.72,4817,4686,131,32,51.5,normal,0,0,1
2026-01-01 09:45:00,46,high,client_2,server_1,router_1,2,client-router-server,2.13,0.43,45,53.0,100.0,56.23,70.31,14.05,2.13,4.27,4347,4162,185,173,45.22,normal,0,0,1
2026-01-01 09:46:00,47,high,client_2,server_1,router_1,2,client-router-server,2.02,0.54,50,44.16,82.18,95.2,70.46,9.09,2.02,2.45,3528,3442,86,25,56.34,normal,0,0,0
2026-01-01 09:47:00,48,high,client_3,server_1,router_1,2,client-router-server,2.37,0.6,50,47.36,96.98,100.0,96.58,9.5,2.37,3.07,5715,5540,175,37,12.8,normal,0,0,1
2026-01-01 09:48:00,49,high,client_3,server_1,router_1,2,client-router-server,1.7,0.47,44,36.99,100.0,85.18,73.82,6.93,1.7,5.13,2738,2598,140,87,37.83,normal,0,0,1
2026-01-01 09:49:00,50,high,client_1,server_1,router_1,2,client-router-server,1.55,0.51,49,40.2,100.0,86.5,90.88,9.22,1.55,2.69,1500,1460,40,38,36.56,normal,0,0,1
2026-01-01 09:50:00,51,high,client_1,server_1,router_1,2,client-router-server,1.78,0.37,48,45.01,100.0,64.31,121.16,12.79,1.78,1.88,1972,1935,37,16,13.74,normal,0,0,1
2026-01-01 09:51:00,52,high,client_2,server_1,router_1,2,client-router-server,1.53,0.62,44,74.17,100.0,100.0,80.29,12.67,1.53,5.78,1270,1197,73,39,6.24,normal,0,0,1
2026-01-01 09:52:00,53,high,client_1,server_1,router_1,2,client-router-server,2.19,0.63,51,70.23,100.0,100.0,84.07,7.53,2.19,3.21,2896,2804,92,6,58.06,normal,0,0,1
2026-01-01 09:53:00,54,high,client_3,server_1,router_1,2,client-router-server,1.82,0.64,47,62.78,100.0,50.03,61.98,10.05,1.82,5.18,3317,3146,171,5,31.82,normal,0,0,1
2026-01-01 09:54:00,55,high,client_1,server_1,router_1,2,client-router-server,1.86,0.38,44,91.3,100.0,58.28,113.49,9.57,1.86,4.04,5813,5579,234,36,50.26,normal,0,0,1
2026-01-01 09:55:00,56,high,client_3,server_1,router_1,2,client-router-server,2.09,0.6,43,66.36,100.0,54.48,112.42,6.67,2.09,4.53,2445,2335,110,78,36.47,normal,0,0,1
2026-01-01 09:56:00,57,high,client_2,server_1,router_1,2,client-router-server,1.69,0.64,45,29.49,95.49,64.62,125.3,9.12,1.69,4.52,5457,5211,246,72,20.6,normal,0,0,1
2026-01-01 09:57:00,58,high,client_1,server_1,router_1,2,client-router-server,2.28,0.55,43,35.81,100.0,89.07,130.23,14.39,2.28,3.04,1344,1304,40,13,44.21,normal,0,0,1
2026-01-01 09:58:00,59,high,client_1,server_1,router_1,2,client-router-server,1.54,0.61,48,30.34,92.38,49.36,99.62,12.04,1.54,4.09,1336,1282,54,12,25.14,normal,0,0,1
2026-01-01 09:59:00,60,high,client_1,server_1,router_1,2,client-router-server,1.62,0.6,53,94.65,100.0,83.88,128.66,11.09,1.62,4.73,1347,1284,63,58,11.11,normal,0,0,1
2026-01-01 10:00:00,61,high,client_1,server_1,router_1,2,client-router-server,2.03,0.7,53,93.2,100.0,76.8,66.54,7.17,2.03,2.24,5326,5207,119,118,25.69,normal,0,0,1
2026-01-01 10:01:00,62,high,client_3,server_1,router_1,2,client-router-server,2.31,0.62,48,28.51,38.37,40.74,58.45,4.85,2.31,0.01,4269,4268,1,1,55.04,normal,0,0,0
2026-01-01 10:02:00,63,high,client_1,server_1,router_1,2,client-router-server,1.95,0.62,52,83.01,100.0,66.78,88.4,9.12,1.95,5.57,2550,2408,142,89,21.06,normal,0,0,1
2026-01-01 10:03:00,64,high,client_3,server_1,router_1,2,client-router-server,2.48,0.52,42,59.25,100.0,61.38,118.78,9.03,2.48,4.66,2178,2077,101,7,17.4,normal,0,0,1
2026-01-01 10:04:00,65,high,client_2,server_1,router_1,2,client-router-server,2.11,0.55,49,25.65,65.72,33.94,51.87,10.06,2.11,0.67,2978,2959,19,19,23.7,normal,0,0,0
2026-01-01 10:05:00,66,high,client_3,server_1,router_1,2,client-router-server,1.52,0.37,52,90.52,100.0,83.66,82.14,10.54,1.52,3.23,2772,2683,89,37,34.71,normal,0,0,1
2026-01-01 10:06:00,67,high,client_1,server_1,router_1,2,client-router-server,2.02,0.39,51,42.5,100.0,61.99,129.8,7.61,2.02,2.99,1601,1554,47,0,42.41,normal,0,0,1
2026-01-01 10:07:00,68,high,client_3,server_1,router_1,2,client-router-server,2.31,0.63,51,91.31,100.0,71.71,118.51,8.71,2.31,4.18,3220,3086,134,14,25.15,normal,0,0,1
2026-01-01 10:08:00,69,high,client_3,server_1,router_1,2,client-router-server,2.47,0.36,48,84.16,100.0,61.9,112.96,8.13,2.47,4.26,3057,2927,130,61,36.58,normal,0,0,1
2026-01-01 10:09:00,70,high,client_1,server_1,router_1,2,client-router-server,2.22,0.64,42,20.47,36.13,30.38,43.38,4.34,2.22,0.01,4718,4717,1,0,37.75,normal,0,0,0
2026-01-01 10:10:00,71,high,client_2,server_1,router_1,2,client-router-server,1.61,0.63,45,94.52,100.0,82.43,111.54,10.1,1.61,4.97,2733,2598,135,53,43.61,normal,0,0,1
2026-01-01 10:11:00,72,high,client_1,server_1,router_1,2,client-router-server,1.94,0.66,45,27.76,73.41,68.11,59.05,4.88,1.94,1.04,2753,2725,28,9,25.04,normal,0,0,0
2026-01-01 10:12:00,73,high,client_2,server_1,router_1,2,client-router-server,1.87,0.61,48,33.28,81.71,60.9,63.99,7.53,1.87,3.62,5900,5687,213,8,37.09,normal,0,0,0
2026-01-01 10:13:00,74,high,client_2,server_1,router_1,2,client-router-server,2.0,0.68,53,42.27,100.0,100.0,99.93,7.08,2.0,4.0,2436,2339,97,44,57.87,normal,0,0,1
2026-01-01 10:14:00,75,high,client_3,server_1,router_1,2,client-router-server,2.5,0.68,45,60.75,100.0,90.85,131.08,8.24,2.5,4.75,5593,5328,265,208,52.39,normal,0,0,1
2026-01-01 10:15:00,76,high,client_1,server_1,router_1,2,client-router-server,2.08,0.35,46,54.8,100.0,100.0,74.66,9.47,2.08,2.91,3714,3606,108,52,32.67,normal,0,0,1
2026-01-01 10:16:00,77,high,client_1,server_1,router_1,2,client-router-server,2.0,0.62,46,39.68,87.86,96.09,97.91,9.83,2.0,2.49,4192,4088,104,28,32.9,normal,0,0,1
2026-01-01 10:17:00,78,high,client_1,server_1,router_1,2,client-router-server,1.6,0.41,48,47.85,100.0,82.53,66.51,12.43,1.6,1.62,2478,2438,40,21,14.61,normal,0,0,1
2026-01-01 10:18:00,79,high,client_1,server_1,router_1,2,client-router-server,2.17,0.45,48,20.94,39.82,39.42,44.47,10.72,2.17,0.01,3655,3654,1,0,53.78,normal,0,0,0
2026-01-01 10:19:00,80,high,client_2,server_1,router_1,2,client-router-server,1.59,0.57,44,64.26,100.0,59.21,103.66,7.52,1.59,5.12,5474,5194,280,160,17.3,normal,0,0,1
2026-01-01 10:20:00,81,high,client_1,server_1,router_1,2,client-router-server,2.07,0.54,45,57.52,100.0,92.21,111.43,10.87,2.07,3.06,5915,5735,180,86,12.87,normal,0,0,1
2026-01-01 10:21:00,82,high,client_2,server_1,router_1,2,client-router-server,2.49,0.66,50,70.97,100.0,53.09,98.99,8.29,2.49,4.09,1518,1456,62,7,9.38,normal,0,0,1
2026-01-01 10:22:00,83,high,client_2,server_1,router_1,2,client-router-server,2.06,0.65,43,35.75,94.42,53.57,116.01,5.11,2.06,4.02,5957,5718,239,192,26.42,normal,0,0,1
2026-01-01 10:23:00,84,high,client_3,server_1,router_1,2,client-router-server,1.77,0.45,50,53.92,94.8,94.17,107.7,8.42,1.77,2.4,3382,3301,81,45,38.02,normal,0,0,1
2026-01-01 10:24:00,85,high,client_1,server_1,router_1,2,client-router-server,2.18,0.54,40,73.71,100.0,100.0,131.35,8.07,2.18,5.77,5671,5344,327,18,50.82,normal,0,0,1
2026-01-01 10:25:00,86,high,client_1,server_1,router_1,2,client-router-server,1.81,0.64,45,44.67,100.0,100.0,112.44,9.76,1.81,5.26,1018,965,53,53,52.02,normal,0,0,1
2026-01-01 10:26:00,87,high,client_3,server_1,router_1,2,client-router-server,2.36,0.54,46,69.3,100.0,100.0,99.66,6.2,2.36,3.14,5439,5269,170,67,48.35,normal,0,0,1
2026-01-01 10:27:00,88,high,client_2,server_1,router_1,2,client-router-server,2.28,0.64,53,65.07,100.0,75.51,132.96,10.81,2.28,4.62,2076,1981,95,17,27.87,normal,0,0,1
2026-01-01 10:28:00,89,high,client_1,server_1,router_1,2,client-router-server,2.17,0.47,53,48.09,88.81,46.18,109.87,12.17,2.17,2.9,1088,1057,31,10,44.14,normal,0,0,1
2026-01-01 10:29:00,90,high,client_1,server_1,router_1,2,client-router-server,2.26,0.55,50,30.31,54.12,64.67,71.42,5.12,2.26,0.48,3137,3122,15,8,53.44,normal,0,0,0
2026-01-01 10:30:00,91,high,client_3,server_1,router_1,2,client-router-server,1.86,0.39,50,51.73,100.0,98.65,88.53,9.31,1.86,3.93,5331,5122,209,127,52.89,normal,0,0,1
2026-01-01 10:31:00,92,high,client_3,server_1,router_1,2,client-router-server,2.36,0.43,41,67.24,100.0,58.4,77.81,12.24,2.36,5.45,2707,2560,147,51,10.16,normal,0,0,1
2026-01-01 10:32:00,93,high,client_2,server_1,router_1,2,client-router-server,2.17,0.57,41,67.21,100.0,100.0,80.12,11.15,2.17,3.37,5177,5003,174,124,46.77,normal,0,0,1
2026-01-01 10:33:00,94,high,client_1,server_1,router_1,2,client-router-server,2.18,0.43,53,58.45,98.9,100.0,127.06,10.62,2.18,1.71,3406,3348,58,42,49.78,normal,0,0,1
2026-01-01 10:34:00,95,high,client_2,server_1,router_1,2,client-router-server,2.38,0.7,41,65.28,100.0,79.08,83.69,6.14,2.38,4.91,2156,2051,105,85,52.87,normal,0,0,1
2026-01-01 10:35:00,96,high,client_3,server_1,router_1,2,client-router-server,2.13,0.52,40,21.11,50.0,30.74,45.77,2.81,2.13,0.01,2828,2827,1,0,18.12,normal,0,0,0
2026-01-01 10:36:00,97,high,client_2,server_1,router_1,2,client-router-server,2.39,0.47,43,39.31,53.24,39.34,64.04,7.14,2.39,0.33,2828,2819,9,3,18.53,normal,0,0,0
2026-01-01 10:37:00,98,high,client_1,server_1,router_1,2,client-router-server,1.66,0.38,43,50.64,100.0,100.0,129.97,12.86,1.66,3.69,4014,3866,148,73,27.22,normal,0,0,1
2026-01-01 10:38:00,99,high,client_2,server_1,router_1,2,client-router-server,1.66,0.58,47,20.65,62.9,73.06,86.03,5.86,1.66,1.29,3330,3288,42,40,39.99,normal,0,0,1
2026-01-01 10:39:00,100,high,client_1,server_1,router_1,2,client-router-server,1.62,0.59,46,31.43,100.0,100.0,93.29,8.03,1.62,2.58,5962,5809,153,96,34.8,normal,0,0,1
2026-01-01 10:40:00,101,high,client_3,server_1,router_1,2,client-router-server,2.06,0.5,45,22.03,68.09,59.15,73.31,8.88,2.06,1.12,5783,5719,64,35,45.44,normal,0,0,0
2026-01-01 10:41:00,102,high,client_2,server_1,router_1,2,client-router-server,2.4,0.56,44,54.96,73.74,62.14,92.54,5.18,2.4,0.94,4374,4333,41,14,36.3,normal,0,0,1
2026-01-01 10:42:00,103,high,client_2,server_1,router_1,2,client-router-server,1.78,0.66,53,48.82,100.0,79.45,121.96,9.5,1.78,5.09,2311,2194,117,40,12.4,normal,0,0,1
2026-01-01 10:43:00,104,high,client_3,server_1,router_1,2,client-router-server,1.88,0.43,48,69.98,100.0,100.0,112.73,10.77,1.88,5.92,5571,5242,329,150,13.54,normal,0,0,1
2026-01-01 10:44:00,105,high,client_3,server_1,router_1,2,client-router-server,2.11,0.44,41,36.79,100.0,73.82,101.65,10.23,2.11,3.68,4615,4446,169,31,59.93,normal,0,0,1
2026-01-01 10:45:00,106,high,client_1,server_1,router_1,2,client-router-server,1.82,0.43,42,39.3,100.0,100.0,120.16,13.03,1.82,2.74,3359,3267,92,60,12.56,normal,0,0,1
2026-01-01 10:46:00,107,high,client_2,server_1,router_1,2,client-router-server,1.57,0.57,42,23.27,73.1,47.63,73.2,9.29,1.57,1.59,5880,5787,93,77,35.64,normal,0,0,0
2026-01-01 10:47:00,108,high,client_2,server_1,router_1,2,client-router-server,1.66,0.68,47,35.73,100.0,87.17,131.56,8.17,1.66,3.15,5473,5301,172,45,58.31,normal,0,0,1
2026-01-01 10:48:00,109,high,client_1,server_1,router_1,2,client-router-server,2.49,0.58,41,59.56,100.0,100.0,120.91,8.98,2.49,3.78,5738,5522,216,132,58.53,normal,0,0,1
2026-01-01 10:49:00,110,high,client_3,server_1,router_1,2,client-router-server,2.1,0.42,41,88.39,100.0,89.3,102.64,12.58,2.1,2.78,1016,988,28,13,19.04,normal,0,0,1
2026-01-01 10:50:00,111,high,client_3,server_1,router_1,2,client-router-server,1.84,0.67,51,69.19,100.0,63.68,82.6,12.01,1.84,4.96,1103,1049,54,17,7.78,normal,0,0,1
2026-01-01 10:51:00,112,high,client_3,server_1,router_1,2,client-router-server,1.65,0.42,50,90.76,100.0,100.0,137.98,9.05,1.65,1.61,4764,4688,76,28,11.14,normal,0,0,1
2026-01-01 10:52:00,113,high,client_1,server_1,router_1,2,client-router-server,2.02,0.4,44,68.6,100.0,84.86,134.22,8.02,2.02,2.58,1232,1201,31,31,11.54,normal,0,0,1
2026-01-01 10:53:00,114,high,client_1,server_1,router_1,2,client-router-server,2.44,0.7,45,57.18,100.0,92.01,73.87,9.13,2.44,4.06,2467,2367,100,60,47.09,normal,0,0,1
2026-01-01 10:54:00,115,high,client_2,server_1,router_1,2,client-router-server,1.54,0.55,50,66.76,100.0,90.8,125.19,10.39,1.54,3.93,5632,5411,221,118,32.12,normal,0,0,1
2026-01-01 10:55:00,116,high,client_1,server_1,router_1,2,client-router-server,1.56,0.65,46,50.43,100.0,87.44,71.17,10.77,1.56,4.88,4193,3989,204,15,11.44,normal,0,0,1
2026-01-01 10:56:00,117,high,client_1,server_1,router_1,2,client-router-server,1.97,0.68,41,49.17,84.07,99.88,64.74,7.46,1.97,2.67,3557,3463,94,30,37.21,normal,0,0,0
2026-01-01 10:57:00,118,high,client_2,server_1,router_1,2,client-router-server,2.3,0.67,50,37.76,100.0,100.0,76.38,9.47,2.3,5.59,4181,3948,233,58,52.35,normal,0,0,1
2026-01-01 10:58:00,119,high,client_1,server_1,router_1,2,client-router-server,1.66,0.42,42,64.42,100.0,100.0,103.22,8.89,1.66,1.92,5270,5169,101,4,45.92,normal,0,0,1
2026-01-01 10:59:00,120,high,client_3,server_1,router_1,2,client-router-server,1.73,0.46,41,23.95,42.9,22.56,55.17,8.01,1.73,0.01,2311,2310,1,0,36.67,normal,0,0,0
2026-01-01 11:00:00,121,high,client_2,server_1,router_1,2,client-router-server,2.17,0.43,45,91.53,100.0,65.58,68.5,8.99,2.17,3.09,1438,1394,44,13,26.17,normal,0,0,1
2026-01-01 11:01:00,122,high,client_3,server_1,router_1,2,client-router-server,2.43,0.38,53,86.7,100.0,100.0,87.89,11.17,2.43,4.85,4353,4142,211,178,31.5,normal,0,0,1
2026-01-01 11:02:00,123,high,client_2,server_1,router_1,2,client-router-server,2.3,0.7,50,53.02,100.0,73.47,76.32,8.34,2.3,2.27,5893,5760,133,109,19.34,normal,0,0,1
2026-01-01 11:03:00,124,high,client_2,server_1,router_1,2,client-router-server,1.88,0.53,44,65.32,100.0,55.82,120.1,15.28,1.88,1.68,3376,3320,56,54,46.29,normal,0,0,1
2026-01-01 11:04:00,125,high,client_2,server_1,router_1,2,client-router-server,1.62,0.44,43,25.18,70.26,52.01,92.18,7.93,1.62,2.3,3604,3522,82,35,49.65,normal,0,0,1
2026-01-01 11:05:00,126,high,client_1,server_1,router_1,2,client-router-server,1.71,0.6,45,21.72,70.59,65.49,90.32,9.1,1.71,1.63,5192,5108,84,30,23.61,normal,0,0,1
2026-01-01 11:06:00,127,high,client_2,server_1,router_1,2,client-router-server,2.45,0.61,45,93.95,100.0,72.45,108.85,10.73,2.45,3.52,4957,4783,174,66,12.31,normal,0,0,1
2026-01-01 11:07:00,128,high,client_1,server_1,router_1,2,client-router-server,2.23,0.37,50,63.57,100.0,64.91,100.1,10.54,2.23,3.82,5052,4860,192,172,34.04,normal,0,0,1
2026-01-01 11:08:00,129,high,client_3,server_1,router_1,2,client-router-server,1.93,0.53,47,59.19,100.0,100.0,123.41,9.18,1.93,1.98,5450,5343,107,51,57.99,normal,0,0,1
2026-01-01 11:09:00,130,high,client_3,server_1,router_1,2,client-router-server,2.45,0.51,44,47.98,100.0,65.57,126.51,5.81,2.45,3.67,5609,5404,205,157,37.64,normal,0,0,1
2026-01-01 11:10:00,131,high,client_1,server_1,router_1,2,client-router-server,2.38,0.37,43,52.93,100.0,100.0,113.59,13.75,2.38,4.38,1604,1534,70,62,24.3,normal,0,0,1
2026-01-01 11:11:00,132,high,client_1,server_1,router_1,2,client-router-server,1.75,0.64,53,33.58,63.42,62.08,48.68,7.36,1.75,0.73,4951,4915,36,10,44.05,normal,0,0,0
2026-01-01 11:12:00,133,high,client_3,server_1,router_1,2,client-router-server,1.93,0.69,44,25.32,56.58,66.03,61.19,8.35,1.93,0.62,5295,5263,32,17,7.19,normal,0,0,0
2026-01-01 11:13:00,134,high,client_2,server_1,router_1,2,client-router-server,2.25,0.59,41,82.44,100.0,83.92,110.12,5.3,2.25,5.25,5521,5232,289,238,31.19,normal,0,0,1
2026-01-01 11:14:00,135,high,client_2,server_1,router_1,2,client-router-server,1.92,0.67,43,92.83,100.0,60.02,86.16,6.04,1.92,5.67,1132,1068,64,51,40.05,normal,0,0,1
2026-01-01 11:15:00,136,high,client_2,server_1,router_1,2,client-router-server,2.19,0.38,47,41.9,61.61,52.96,50.94,9.19,2.19,0.76,1584,1572,12,8,5.48,normal,0,0,0
2026-01-01 11:16:00,137,high,client_3,server_1,router_1,2,client-router-server,1.54,0.66,45,78.98,100.0,100.0,77.02,13.94,1.54,2.1,4242,4153,89,71,50.58,normal,0,0,1
2026-01-01 11:17:00,138,high,client_3,server_1,router_1,2,client-router-server,1.54,0.62,40,43.9,100.0,100.0,123.3,14.7,1.54,4.8,3200,3047,153,150,11.15,normal,0,0,1
2026-01-01 11:18:00,139,high,client_2,server_1,router_1,2,client-router-server,2.34,0.55,46,66.2,89.36,100.0,83.36,5.36,2.34,4.03,4486,4306,180,58,50.98,normal,0,0,1
2026-01-01 11:19:00,140,high,client_3,server_1,router_1,2,client-router-server,1.76,0.52,42,47.21,94.97,100.0,107.22,8.8,1.76,1.84,1889,1855,34,4,54.4,normal,0,0,1
2026-01-01 11:20:00,141,high,client_1,server_1,router_1,2,client-router-server,2.29,0.63,53,44.51,100.0,72.13,66.95,5.75,2.29,4.82,1685,1604,81,66,41.49,normal,0,0,1
2026-01-01 11:21:00,142,high,client_2,server_1,router_1,2,client-router-server,1.55,0.5,53,79.96,100.0,100.0,113.24,9.81,1.55,5.46,3063,2896,167,166,47.2,normal,0,0,1
2026-01-01 11:22:00,143,high,client_1,server_1,router_1,2,client-router-server,1.96,0.42,45,33.46,73.09,62.29,77.16,6.35,1.96,1.1,1136,1124,12,6,9.96,normal,0,0,0
2026-01-01 11:23:00,144,high,client_3,server_1,router_1,2,client-router-server,2.02,0.42,42,21.08,50.07,54.19,68.41,6.16,2.02,0.01,5007,5006,1,0,32.44,normal,0,0,0
2026-01-01 11:24:00,145,high,client_1,server_1,router_1,2,client-router-server,2.11,0.4,40,89.09,100.0,98.86,133.79,11.12,2.11,4.91,5650,5373,277,193,6.74,normal,0,0,1
2026-01-01 11:25:00,146,high,client_3,server_1,router_1,2,client-router-server,1.81,0.7,49,83.67,100.0,54.9,129.63,8.04,1.81,3.72,3439,3312,127,83,52.57,normal,0,0,1
2026-01-01 11:26:00,147,high,client_2,server_1,router_1,2,client-router-server,1.8,0.51,50,57.66,100.0,82.74,116.74,7.95,1.8,5.55,3822,3610,212,50,19.01,normal,0,0,1
2026-01-01 11:27:00,148,high,client_3,server_1,router_1,2,client-router-server,2.02,0.54,49,35.89,100.0,100.0,80.22,9.52,2.02,3.61,3624,3494,130,65,46.59,normal,0,0,1
2026-01-01 11:28:00,149,high,client_2,server_1,router_1,2,client-router-server,2.09,0.39,42,57.47,100.0,100.0,118.2,7.05,2.09,1.76,1246,1225,21,0,13.54,normal,0,0,1
2026-01-01 11:29:00,150,high,client_2,server_1,router_1,2,client-router-server,2.35,0.68,43,48.86,100.0,70.57,127.05,10.35,2.35,2.27,2117,2069,48,15,21.81,normal,0,0,1
2026-01-01 11:30:00,151,high,client_3,server_1,router_1,2,client-router-server,2.01,0.56,43,36.38,66.02,39.13,79.42,9.42,2.01,1.08,4967,4914,53,42,25.27,normal,0,0,0
2026-01-01 11:31:00,152,high,client_3,server_1,router_1,2,client-router-server,2.48,0.51,42,69.84,100.0,93.03,68.66,9.27,2.48,3.6,1638,1580,58,57,25.1,normal,0,0,1
2026-01-01 11:32:00,153,high,client_1,server_1,router_1,2,client-router-server,1.62,0.38,41,88.57,100.0,100.0,106.98,12.48,1.62,2.45,5993,5847,146,69,13.83,normal,0,0,1
2026-01-01 11:33:00,154,high,client_2,server_1,router_1,2,client-router-server,1.91,0.62,48,54.7,90.39,94.28,88.83,11.53,1.91,3.53,4597,4435,162,155,46.43,normal,0,0,1
2026-01-01 11:34:00,155,high,client_1,server_1,router_1,2,client-router-server,2.16,0.4,53,80.19,100.0,100.0,74.35,12.64,2.16,2.83,2139,2079,60,29,31.85,normal,0,0,1
2026-01-01 11:35:00,156,high,client_1,server_1,router_1,2,client-router-server,1.79,0.5,50,48.13,100.0,78.91,78.99,6.86,1.79,2.28,2351,2298,53,25,49.54,normal,0,0,1
2026-01-01 11:36:00,157,high,client_1,server_1,router_1,2,client-router-server,1.75,0.65,51,68.1,100.0,82.12,82.43,12.36,1.75,5.46,1642,1553,89,35,10.98,normal,0,0,1
2026-01-01 11:37:00,158,high,client_1,server_1,router_1,2,client-router-server,2.09,0.67,46,74.09,100.0,76.35,134.91,7.09,2.09,2.0,5146,5044,102,93,16.1,normal,0,0,1
2026-01-01 11:38:00,159,high,client_3,server_1,router_1,2,client-router-server,1.8,0.44,53,75.95,100.0,98.34,120.51,14.28,1.8,5.42,3329,3149,180,168,31.1,normal,0,0,1
2026-01-01 11:39:00,160,high,client_3,server_1,router_1,2,client-router-server,2.3,0.42,44,56.64,100.0,83.9,124.43,9.56,2.3,4.23,5553,5319,234,150,34.88,normal,0,0,1
2026-01-01 11:40:00,161,high,client_2,server_1,router_1,2,client-router-server,2.23,0.63,45,45.86,100.0,60.6,63.61,7.61,2.23,4.25,4876,4669,207,114,33.97,normal,0,0,1
2026-01-01 11:41:00,162,high,client_2,server_1,router_1,2,client-router-server,1.53,0.63,43,62.44,100.0,99.24,108.1,6.46,1.53,4.85,2760,2627,133,60,36.16,normal,0,0,1
2026-01-01 11:42:00,163,high,client_3,server_1,router_1,2,client-router-server,2.13,0.51,53,20.63,34.01,25.25,37.02,3.73,2.13,0.01,4024,4023,1,1,43.13,normal,0,0,0
2026-01-01 11:43:00,164,high,client_2,server_1,router_1,2,client-router-server,2.32,0.39,50,75.98,100.0,75.35,115.43,6.62,2.32,2.49,1958,1910,48,4,29.47,normal,0,0,1
2026-01-01 11:44:00,165,high,client_1,server_1,router_1,2,client-router-server,1.91,0.54,50,35.47,100.0,100.0,114.24,4.39,1.91,3.43,2804,2708,96,70,32.25,normal,0,0,1
2026-01-01 11:45:00,166,high,client_1,server_1,router_1,2,client-router-server,2.45,0.62,47,89.89,100.0,65.1,125.74,11.77,2.45,1.88,3865,3793,72,35,34.62,normal,0,0,1
2026-01-01 11:46:00,167,high,client_1,server_1,router_1,2,client-router-server,1.98,0.5,45,52.49,100.0,100.0,83.94,13.59,1.98,3.44,1001,967,34,9,56.33,normal,0,0,1
2026-01-01 11:47:00,168,high,client_3,server_1,router_1,2,client-router-server,1.79,0.61,50,74.18,100.0,83.05,89.75,7.58,1.79,3.48,5832,5630,202,112,52.37,normal,0,0,1
2026-01-01 11:48:00,169,high,client_2,server_1,router_1,2,client-router-server,2.09,0.5,40,82.02,100.0,94.92,138.76,12.62,2.09,4.82,5631,5360,271,140,21.02,normal,0,0,1
2026-01-01 11:49:00,170,high,client_3,server_1,router_1,2,client-router-server,1.58,0.49,43,35.41,95.91,98.76,115.62,10.69,1.58,2.08,2025,1983,42,6,33.48,normal,0,0,1
2026-01-01 11:50:00,171,high,client_3,server_1,router_1,2,client-router-server,2.25,0.49,50,78.87,100.0,61.88,110.31,11.48,2.25,5.4,1728,1635,93,54,50.05,normal,0,0,1
2026-01-01 11:51:00,172,high,client_1,server_1,router_1,2,client-router-server,2.23,0.42,51,87.13,100.0,93.41,135.51,7.57,2.23,3.8,3219,3097,122,39,55.81,normal,0,0,1
2026-01-01 11:52:00,173,high,client_1,server_1,router_1,2,client-router-server,2.31,0.47,47,68.43,100.0,100.0,121.67,8.03,2.31,4.42,4441,4245,196,191,50.38,normal,0,0,1
2026-01-01 11:53:00,174,high,client_1,server_1,router_1,2,client-router-server,1.7,0.53,48,35.75,77.81,58.89,99.71,10.35,1.7,1.92,4741,4650,91,45,30.48,normal,0,0,1
2026-01-01 11:54:00,175,high,client_2,server_1,router_1,2,client-router-server,1.56,0.36,46,85.61,100.0,100.0,71.63,10.32,1.56,3.42,5715,5520,195,164,42.06,normal,0,0,1
2026-01-01 11:55:00,176,high,client_2,server_1,router_1,2,client-router-server,1.55,0.58,51,31.1,100.0,78.68,89.97,10.19,1.55,3.23,5066,4903,163,69,52.61,normal,0,0,1
2026-01-01 11:56:00,177,high,client_2,server_1,router_1,2,client-router-server,2.17,0.66,41,33.55,98.2,62.54,91.76,9.92,2.17,2.83,4176,4058,118,6,5.39,normal,0,0,1
2026-01-01 11:57:00,178,high,client_3,server_1,router_1,2,client-router-server,2.01,0.38,50,71.48,100.0,94.25,106.03,10.41,2.01,4.7,2188,2086,102,61,9.47,normal,0,0,1
2026-01-01 11:58:00,179,high,client_3,server_1,router_1,2,client-router-server,2.36,0.51,49,80.51,100.0,87.4,128.75,6.38,2.36,1.51,1606,1582,24,14,45.54,normal,0,0,1
2026-01-01 11:59:00,180,high,client_3,server_1,router_1,2,client-router-server,2.02,0.57,40,27.69,80.21,78.49,75.72,5.46,2.02,1.74,3734,3670,64,16,42.74,normal,0,0,0
2026-01-01 12:00:00,181,high,client_1,server_1,router_1,2,client-router-server,2.33,0.39,48,28.05,78.12,57.49,93.73,8.27,2.33,1.04,4775,4726,49,18,36.31,normal,0,0,1
2026-01-01 12:01:00,182,high,client_2,server_1,router_1,2,client-router-server,1.99,0.53,42,73.49,100.0,100.0,124.84,9.11,1.99,5.79,4030,3797,233,16,10.11,normal,0,0,1
2026-01-01 12:02:00,183,high,client_1,server_1,router_1,2,client-router-server,2.13,0.38,45,52.8,100.0,76.84,107.1,9.0,2.13,4.95,2591,2463,128,105,14.47,normal,0,0,1
2026-01-01 12:03:00,184,high,client_3,server_1,router_1,2,client-router-server,1.83,0.46,43,41.55,85.17,59.47,56.7,11.09,1.83,2.37,5137,5016,121,56,22.92,normal,0,0,0
2026-01-01 12:04:00,185,high,client_3,server_1,router_1,2,client-router-server,2.21,0.66,44,52.09,100.0,58.04,120.92,11.92,2.21,4.27,2449,2345,104,13,46.7,normal,0,0,1
2026-01-01 12:05:00,186,high,client_2,server_1,router_1,2,client-router-server,1.97,0.6,48,60.75,100.0,100.0,94.6,4.92,1.97,1.8,4106,4033,73,47,7.96,normal,0,0,1
2026-01-01 12:06:00,187,high,client_2,server_1,router_1,2,client-router-server,2.42,0.43,45,72.0,100.0,65.34,97.4,7.74,2.42,3.71,1710,1647,63,21,23.67,normal,0,0,1
2026-01-01 12:07:00,188,high,client_3,server_1,router_1,2,client-router-server,2.14,0.48,53,72.21,100.0,100.0,71.79,8.33,2.14,5.54,4649,4392,257,215,51.14,normal,0,0,1
2026-01-01 12:08:00,189,high,client_1,server_1,router_1,2,client-router-server,2.32,0.38,51,78.0,100.0,100.0,132.44,10.51,2.32,3.48,4720,4556,164,65,22.13,normal,0,0,1
2026-01-01 12:09:00,190,high,client_3,server_1,router_1,2,client-router-server,1.97,0.44,50,61.9,100.0,100.0,77.84,8.53,1.97,5.56,3255,3075,180,9,39.22,normal,0,0,1
2026-01-01 12:10:00,191,high,client_3,server_1,router_1,2,client-router-server,2.18,0.45,52,58.34,100.0,83.99,114.92,14.34,2.18,5.62,1088,1027,61,27,26.86,normal,0,0,1
2026-01-01 12:11:00,192,high,client_2,server_1,router_1,2,client-router-server,2.0,0.57,51,46.97,95.52,81.78,98.55,11.61,2.0,3.28,3494,3380,114,44,51.95,normal,0,0,1
2026-01-01 12:12:00,193,high,client_3,server_1,router_1,2,client-router-server,1.97,0.56,47,66.44,100.0,55.97,81.65,9.94,1.97,5.83,4413,4156,257,34,40.6,normal,0,0,1
2026-01-01 12:13:00,194,high,client_2,server_1,router_1,2,client-router-server,2.3,0.58,49,73.14,100.0,89.97,92.8,8.31,2.3,5.83,2672,2517,155,34,46.91,normal,0,0,1
2026-01-01 12:14:00,195,high,client_2,server_1,router_1,2,client-router-server,2.47,0.7,46,59.02,100.0,89.99,89.11,4.5,2.47,5.74,3711,3498,213,15,40.28,normal,0,0,1
2026-01-01 12:15:00,196,high,client_2,server_1,router_1,2,client-router-server,2.25,0.52,42,39.61,55.58,45.02,57.07,11.35,2.25,0.28,5610,5595,15,9,38.01,normal,0,0,0
2026-01-01 12:16:00,197,high,client_1,server_1,router_1,2,client-router-server,2.07,0.62,43,73.4,100.0,54.95,63.11,10.74,2.07,4.35,5838,5585,253,122,7.96,normal,0,0,1
2026-01-01 12:17:00,198,high,client_1,server_1,router_1,2,client-router-server,1.9,0.46,48,91.77,100.0,100.0,101.41,7.35,1.9,5.77,2606,2456,150,85,21.5,normal,0,0,1
2026-01-01 12:18:00,199,high,client_1,server_1,router_1,2,client-router-server,1.62,0.48,44,74.09,100.0,100.0,134.13,11.49,1.62,2.87,5721,5557,164,150,44.23,normal,0,0,1
2026-01-01 12:19:00,200,high,client_1,server_1,router_1,2,client-router-server,1.53,0.6,42,85.26,100.0,90.39,71.06,8.01,1.53,5.4,4695,4442,253,8,16.82,normal,0,0,1
2026-01-01 12:20:00,201,high,client_1,server_1,router_1,2,client-router-server,1.72,0.49,43,79.87,100.0,100.0,80.44,8.74,1.72,3.48,5688,5491,197,123,52.91,normal,0,0,1
2026-01-01 12:21:00,202,high,client_1,server_1,router_1,2,client-router-server,2.11,0.52,52,56.02,100.0,100.0,120.9,5.91,2.11,5.76,1807,1703,104,4,49.86,normal,0,0,1
2026-01-01 12:22:00,203,high,client_2,server_1,router_1,2,client-router-server,2.21,0.45,44,60.65,100.0,100.0,123.66,14.28,2.21,3.71,2932,2824,108,10,17.37,normal,0,0,1
2026-01-01 12:23:00,204,high,client_1,server_1,router_1,2,client-router-server,2.09,0.47,50,84.98,100.0,93.56,98.09,11.31,2.09,1.91,2406,2361,45,30,10.05,normal,0,0,1
2026-01-01 12:24:00,205,high,client_1,server_1,router_1,2,client-router-server,2.4,0.66,46,43.73,86.26,73.77,69.09,12.5,2.4,2.53,4674,4556,118,59,10.31,normal,0,0,0
2026-01-01 12:25:00,206,high,client_2,server_1,router_1,2,client-router-server,2.07,0.39,41,33.35,60.9,60.04,83.53,9.53,2.07,1.03,5009,4958,51,40,5.62,normal,0,0,1
2026-01-01 12:26:00,207,high,client_3,server_1,router_1,2,client-router-server,1.66,0.52,47,63.31,100.0,73.58,95.69,11.67,1.66,2.38,1087,1062,25,7,38.35,normal,0,0,1
2026-01-01 12:27:00,208,high,client_3,server_1,router_1,2,client-router-server,2.47,0.53,52,23.0,43.71,50.97,63.18,5.59,2.47,0.01,4396,4395,1,1,38.06,normal,0,0,0
2026-01-01 12:28:00,209,high,client_3,server_1,router_1,2,client-router-server,1.68,0.69,44,65.17,100.0,90.69,79.82,12.46,1.68,3.76,2695,2594,101,60,25.19,normal,0,0,1
2026-01-01 12:29:00,210,high,client_3,server_1,router_1,2,client-router-server,2.36,0.67,52,56.83,100.0,99.36,132.66,10.49,2.36,4.11,4428,4247,181,73,16.28,normal,0,0,1
2026-01-01 12:30:00,211,high,client_1,server_1,router_1,2,client-router-server,2.48,0.46,43,29.67,53.63,36.53,43.94,6.01,2.48,0.19,1024,1023,1,1,51.11,normal,0,0,0
2026-01-01 12:31:00,212,high,client_3,server_1,router_1,2,client-router-server,1.79,0.4,50,68.32,100.0,96.16,98.91,9.09,1.79,2.64,1019,993,26,6,58.9,normal,0,0,1
2026-01-01 12:32:00,213,high,client_3,server_1,router_1,2,client-router-server,1.56,0.56,48,24.45,56.08,40.45,70.85,9.41,1.56,0.42,4766,4746,20,20,37.31,normal,0,0,0
2026-01-01 12:33:00,214,high,client_2,server_1,router_1,2,client-router-server,2.37,0.54,49,55.88,100.0,94.78,121.87,8.51,2.37,3.77,5317,5117,200,114,50.04,normal,0,0,1
2026-01-01 12:34:00,215,high,client_1,server_1,router_1,2,client-router-server,2.08,0.61,48,73.98,100.0,74.18,73.43,9.48,2.08,4.74,1839,1752,87,48,24.17,normal,0,0,1
2026-01-01 12:35:00,216,high,client_1,server_1,router_1,2,client-router-server,2.13,0.68,45,22.79,67.78,63.87,61.07,8.15,2.13,1.71,1933,1900,33,33,6.38,normal,0,0,0
2026-01-01 12:36:00,217,high,client_2,server_1,router_1,2,client-router-server,2.43,0.57,49,50.29,100.0,62.36,126.08,12.81,2.43,1.76,2261,2222,39,9,27.46,normal,0,0,1
2026-01-01 12:37:00,218,high,client_1,server_1,router_1,2,client-router-server,1.9,0.7,48,26.61,67.61,80.23,91.26,7.8,1.9,1.23,5929,5857,72,61,9.14,normal,0,0,1
2026-01-01 12:38:00,219,high,client_3,server_1,router_1,2,client-router-server,1.76,0.41,40,46.92,100.0,100.0,110.19,8.28,1.76,3.13,3298,3195,103,5,41.77,normal,0,0,1
2026-01-01 12:39:00,220,high,client_2,server_1,router_1,2,client-router-server,1.74,0.64,42,49.09,100.0,100.0,118.5,8.82,1.74,1.99,5961,5843,118,14,38.78,normal,0,0,1
2026-01-01 12:40:00,221,high,client_2,server_1,router_1,2,client-router-server,1.52,0.49,41,35.86,93.26,70.41,92.24,6.97,1.52,2.09,4897,4795,102,97,13.11,normal,0,0,1
2026-01-01 12:41:00,222,high,client_3,server_1,router_1,2,client-router-server,1.64,0.63,48,44.21,100.0,99.48,128.94,10.83,1.64,3.1,1067,1034,33,1,36.84,normal,0,0,1
2026-01-01 12:42:00,223,high,client_3,server_1,router_1,2,client-router-server,2.2,0.46,46,52.53,87.01,85.97,78.31,13.48,2.2,3.41,1530,1478,52,17,38.9,normal,0,0,0
2026-01-01 12:43:00,224,high,client_2,server_1,router_1,2,client-router-server,1.99,0.52,51,36.76,75.6,82.06,107.0,9.26,1.99,2.71,4209,4095,114,12,44.37,normal,0,0,1
2026-01-01 12:44:00,225,high,client_3,server_1,router_1,2,client-router-server,1.64,0.35,49,65.39,100.0,98.83,91.29,13.73,1.64,1.88,2982,2926,56,15,57.24,normal,0,0,1
2026-01-01 12:45:00,226,high,client_2,server_1,router_1,2,client-router-server,2.24,0.65,40,30.19,86.58,72.15,84.48,13.98,2.24,2.65,4579,4458,121,88,35.97,normal,0,0,1
2026-01-01 12:46:00,227,high,client_3,server_1,router_1,2,client-router-server,1.86,0.66,40,87.28,100.0,76.41,106.89,8.65,1.86,3.82,2269,2183,86,4,32.39,normal,0,0,1
2026-01-01 12:47:00,228,high,client_1,server_1,router_1,2,client-router-server,2.4,0.44,40,50.19,100.0,100.0,95.62,11.27,2.4,4.06,2284,2192,92,18,52.66,normal,0,0,1
2026-01-01 12:48:00,229,high,client_2,server_1,router_1,2,client-router-server,1.63,0.67,46,45.4,100.0,100.0,138.99,9.76,1.63,2.35,5684,5551,133,95,41.08,normal,0,0,1
2026-01-01 12:49:00,230,high,client_2,server_1,router_1,2,client-router-server,1.55,0.35,49,64.98,100.0,72.18,105.3,7.36,1.55,1.56,4566,4495,71,47,43.96,normal,0,0,1
2026-01-01 12:50:00,231,high,client_2,server_1,router_1,2,client-router-server,1.61,0.69,53,81.29,100.0,100.0,106.32,6.64,1.61,5.13,1523,1445,78,58,50.51,normal,0,0,1
2026-01-01 12:51:00,232,high,client_3,server_1,router_1,2,client-router-server,2.33,0.53,46,63.34,97.35,67.44,71.45,11.87,2.33,3.63,5754,5546,208,144,26.81,normal,0,0,1
2026-01-01 12:52:00,233,high,client_1,server_1,router_1,2,client-router-server,1.79,0.58,40,78.56,100.0,55.23,86.19,10.43,1.79,4.02,1875,1800,75,73,10.28,normal,0,0,1
2026-01-01 12:53:00,234,high,client_1,server_1,router_1,2,client-router-server,2.24,0.68,44,72.63,100.0,79.47,84.34,9.96,2.24,5.88,1126,1060,66,30,34.9,normal,0,0,1
2026-01-01 12:54:00,235,high,client_2,server_1,router_1,2,client-router-server,2.12,0.49,45,94.25,100.0,84.97,126.11,9.08,2.12,2.64,5337,5197,140,120,7.03,normal,0,0,1
2026-01-01 12:55:00,236,high,client_1,server_1,router_1,2,client-router-server,2.23,0.4,43,22.06,62.67,48.55,45.08,7.96,2.23,1.09,3954,3911,43,0,52.25,normal,0,0,0
2026-01-01 12:56:00,237,high,client_3,server_1,router_1,2,client-router-server,1.55,0.53,52,74.43,100.0,76.25,91.58,13.93,1.55,5.23,3858,3657,201,158,6.15,normal,0,0,1
2026-01-01 12:57:00,238,high,client_2,server_1,router_1,2,client-router-server,1.83,0.43,50,47.95,100.0,90.21,125.87,10.53,1.83,2.62,5930,5775,155,78,31.81,normal,0,0,1
2026-01-01 12:58:00,239,high,client_1,server_1,router_1,2,client-router-server,1.69,0.51,49,83.25,100.0,55.79,116.51,12.82,1.69,5.69,1149,1084,65,15,6.48,normal,0,0,1
2026-01-01 12:59:00,240,high,client_2,server_1,router_1,2,client-router-server,2.37,0.4,47,25.34,40.09,39.0,40.23,2.55,2.37,0.01,4578,4577,1,1,46.91,normal,0,0,0
2026-01-01 13:00:00,241,high,client_2,server_1,router_1,2,client-router-server,2.05,0.44,47,34.41,100.0,100.0,125.22,8.49,2.05,3.92,3155,3032,123,47,58.8,normal,0,0,1
2026-01-01 13:01:00,242,high,client_3,server_1,router_1,2,client-router-server,1.89,0.62,52,79.65,100.0,100.0,82.65,9.9,1.89,5.11,4304,4085,219,141,26.6,normal,0,0,1
2026-01-01 13:02:00,243,high,client_1,server_1,router_1,2,client-router-server,2.05,0.64,51,69.38,100.0,100.0,133.52,9.13,2.05,5.46,5460,5162,298,59,23.02,normal,0,0,1
2026-01-01 13:03:00,244,high,client_1,server_1,router_1,2,client-router-server,2.18,0.6,41,83.99,100.0,100.0,138.04,6.82,2.18,4.36,4719,4514,205,158,58.16,normal,0,0,1
2026-01-01 13:04:00,245,high,client_2,server_1,router_1,2,client-router-server,2.3,0.49,49,89.48,100.0,100.0,130.99,7.82,2.3,5.29,1935,1833,102,37,19.91,normal,0,0,1
2026-01-01 13:05:00,246,high,client_3,server_1,router_1,2,client-router-server,1.95,0.65,50,64.54,100.0,100.0,98.47,10.6,1.95,5.6,5393,5091,302,283,24.91,normal,0,0,1
2026-01-01 13:06:00,247,high,client_2,server_1,router_1,2,client-router-server,2.13,0.43,50,44.94,96.97,82.26,119.72,8.02,2.13,4.03,5911,5673,238,11,14.28,normal,0,0,1
2026-01-01 13:07:00,248,high,client_2,server_1,router_1,2,client-router-server,2.3,0.38,52,79.81,100.0,79.95,78.91,7.62,2.3,5.31,1882,1783,99,67,40.65,normal,0,0,1
2026-01-01 13:08:00,249,high,client_2,server_1,router_1,2,client-router-server,1.72,0.42,42,61.15,100.0,100.0,116.14,9.47,1.72,4.46,2635,2518,117,9,42.27,normal,0,0,1
2026-01-01 13:09:00,250,high,client_2,server_1,router_1,2,client-router-server,2.4,0.43,41,81.14,100.0,85.47,100.33,7.82,2.4,5.24,4650,4407,243,43,46.15,normal,0,0,1
2026-01-01 13:10:00,251,high,client_3,server_1,router_1,2,client-router-server,1.88,0.39,52,76.04,100.0,100.0,98.51,5.14,1.88,3.85,5281,5078,203,69,41.38,normal,0,0,1
2026-01-01 13:11:00,252,high,client_3,server_1,router_1,2,client-router-server,2.18,0.52,51,76.35,100.0,86.94,88.91,10.11,2.18,2.38,5707,5572,135,107,10.74,normal,0,0,1
2026-01-01 13:12:00,253,high,client_2,server_1,router_1,2,client-router-server,2.31,0.46,45,52.95,73.86,43.38,94.66,8.83,2.31,1.42,1307,1289,18,10,19.34,normal,0,0,1
2026-01-01 13:13:00,254,high,client_3,server_1,router_1,2,client-router-server,2.42,0.58,50,29.45,61.52,49.36,57.88,4.23,2.42,0.79,4698,4661,37,3,53.99,normal,0,0,0
2026-01-01 13:14:00,255,high,client_2,server_1,router_1,2,client-router-server,1.81,0.59,44,65.51,100.0,67.18,111.67,6.52,1.81,1.93,1783,1749,34,17,28.95,normal,0,0,1
2026-01-01 13:15:00,256,high,client_2,server_1,router_1,2,client-router-server,1.85,0.53,50,90.88,100.0,63.15,92.41,11.42,1.85,4.76,3188,3037,151,18,39.61,normal,0,0,1
2026-01-01 13:16:00,257,high,client_1,server_1,router_1,2,client-router-server,1.87,0.42,49,20.43,60.85,58.41,58.76,5.77,1.87,0.68,3942,3916,26,10,34.27,normal,0,0,0
2026-01-01 13:17:00,258,high,client_2,server_1,router_1,2,client-router-server,2.46,0.48,53,35.95,71.14,65.19,72.72,6.68,2.46,0.73,5263,5225,38,33,53.67,normal,0,0,0
2026-01-01 13:18:00,259,high,client_3,server_1,router_1,2,client-router-server,2.21,0.35,44,59.71,100.0,95.65,70.75,7.35,2.21,5.68,4155,3919,236,70,18.79,normal,0,0,1
2026-01-01 13:19:00,260,high,client_1,server_1,router_1,2,client-router-server,1.76,0.57,50,20.51,68.21,40.04,74.43,3.04,1.76,1.39,1432,1413,19,0,14.75,normal,0,0,0
2026-01-01 13:20:00,261,high,client_2,server_1,router_1,2,client-router-server,2.5,0.49,43,73.59,100.0,64.47,97.63,12.51,2.5,2.96,2700,2621,79,18,55.42,normal,0,0,1
2026-01-01 13:21:00,262,high,client_1,server_1,router_1,2,client-router-server,1.73,0.69,45,63.89,100.0,100.0,81.5,12.24,1.73,3.15,1429,1384,45,22,52.37,normal,0,0,1
2026-01-01 13:22:00,263,high,client_3,server_1,router_1,2,client-router-server,2.34,0.56,47,86.65,100.0,97.39,93.75,9.91,2.34,2.15,4111,4023,88,7,44.33,normal,0,0,1
2026-01-01 13:23:00,264,high,client_3,server_1,router_1,2,client-router-server,2.38,0.38,51,54.38,100.0,56.28,107.09,10.2,2.38,3.24,1564,1514,50,38,38.82,normal,0,0,1
2026-01-01 13:24:00,265,high,client_1,server_1,router_1,2,client-router-server,1.55,0.58,46,47.54,100.0,100.0,118.87,14.78,1.55,2.28,4381,4282,99,16,34.7,normal,0,0,1
2026-01-01 13:25:00,266,high,client_3,server_1,router_1,2,client-router-server,1.7,0.46,42,32.54,100.0,92.65,111.65,10.35,1.7,5.66,5606,5289,317,289,14.2,normal,0,0,1
2026-01-01 13:26:00,267,high,client_3,server_1,router_1,2,client-router-server,1.68,0.58,47,40.9,99.4,80.68,90.62,6.16,1.68,3.77,5203,5007,196,172,53.8,normal,0,0,1
2026-01-01 13:27:00,268,high,client_2,server_1,router_1,2,client-router-server,1.91,0.59,43,60.21,100.0,81.78,81.07,8.62,1.91,2.07,2839,2781,58,41,46.81,normal,0,0,1
2026-01-01 13:28:00,269,high,client_3,server_1,router_1,2,client-router-server,2.28,0.53,47,46.73,100.0,62.5,83.59,9.45,2.28,5.07,3716,3528,188,116,20.87,normal,0,0,1
2026-01-01 13:29:00,270,high,client_3,server_1,router_1,2,client-router-server,2.02,0.61,50,37.33,70.24,69.2,69.74,6.21,2.02,0.67,3798,3773,25,22,18.69,normal,0,0,0
2026-01-01 13:30:00,271,high,client_1,server_1,router_1,2,client-router-server,2.18,0.69,41,46.4,88.25,67.59,117.23,7.08,2.18,4.43,5629,5380,249,207,44.21,normal,0,0,1
2026-01-01 13:31:00,272,high,client_3,server_1,router_1,2,client-router-server,1.98,0.39,44,55.27,100.0,100.0,71.2,8.78,1.98,1.68,1165,1146,19,5,14.87,normal,0,0,1
2026-01-01 13:32:00,273,high,client_1,server_1,router_1,2,client-router-server,1.61,0.68,43,63.66,100.0,100.0,111.74,5.72,1.61,4.0,1808,1736,72,33,58.69,normal,0,0,1
2026-01-01 13:33:00,274,high,client_2,server_1,router_1,2,client-router-server,2.24,0.49,53,37.3,99.68,57.78,79.85,7.25,2.24,2.99,3636,3528,108,15,50.91,normal,0,0,1
2026-01-01 13:34:00,275,high,client_3,server_1,router_1,2,client-router-server,2.31,0.67,53,53.04,100.0,100.0,117.53,12.04,2.31,1.95,5396,5291,105,38,15.24,normal,0,0,1
2026-01-01 13:35:00,276,high,client_3,server_1,router_1,2,client-router-server,2.29,0.55,50,49.49,100.0,97.63,84.06,12.96,2.29,4.03,1287,1236,51,21,29.44,normal,0,0,1
2026-01-01 13:36:00,277,high,client_1,server_1,router_1,2,client-router-server,1.85,0.66,42,35.02,82.59,49.25,108.79,12.84,1.85,2.26,4120,4027,93,0,53.37,normal,0,0,1
2026-01-01 13:37:00,278,high,client_2,server_1,router_1,2,client-router-server,2.08,0.5,46,41.31,60.74,56.39,71.76,7.46,2.08,0.4,1101,1097,4,3,43.27,normal,0,0,0
2026-01-01 13:38:00,279,high,client_3,server_1,router_1,2,client-router-server,1.72,0.41,46,62.71,100.0,57.58,101.38,12.84,1.72,4.32,4769,4563,206,69,26.38,normal,0,0,1
2026-01-01 13:39:00,280,high,client_3,server_1,router_1,2,client-router-server,1.54,0.42,41,64.9,100.0,75.36,72.99,10.9,1.54,4.92,4711,4480,231,53,23.33,normal,0,0,1
2026-01-01 13:40:00,281,high,client_2,server_1,router_1,2,client-router-server,2.09,0.48,40,29.79,65.67,77.09,74.75,11.66,2.09,0.99,3200,3169,31,13,8.83,normal,0,0,0
2026-01-01 13:41:00,282,high,client_1,server_1,router_1,2,client-router-server,1.85,0.61,40,73.43,100.0,55.9,110.23,7.54,1.85,5.04,3979,3779,200,175,48.47,normal,0,0,1
2026-01-01 13:42:00,283,high,client_1,server_1,router_1,2,client-router-server,1.57,0.62,40,45.49,92.16,59.3,62.27,8.27,1.57,2.52,5564,5424,140,139,59.43,normal,0,0,1
2026-01-01 13:43:00,284,high,client_3,server_1,router_1,2,client-router-server,2.49,0.47,46,65.74,100.0,70.96,82.1,4.73,2.49,4.05,2368,2273,95,94,10.58,normal,0,0,1
2026-01-01 13:44:00,285,high,client_3,server_1,router_1,2,client-router-server,2.47,0.63,46,23.4,28.61,26.81,37.06,6.6,2.47,0.01,5790,5789,1,0,22.43,normal,0,0,0
2026-01-01 13:45:00,286,high,client_2,server_1,router_1,2,client-router-server,2.29,0.62,51,27.79,63.51,32.39,45.4,4.98,2.29,1.17,5926,5857,69,51,54.99,normal,0,0,0
2026-01-01 13:46:00,287,high,client_2,server_1,router_1,2,client-router-server,1.91,0.45,41,86.68,100.0,72.42,83.17,7.98,1.91,5.38,2735,2588,147,101,5.72,normal,0,0,1
2026-01-01 13:47:00,288,high,client_2,server_1,router_1,2,client-router-server,1.78,0.61,40,60.27,100.0,59.68,109.02,13.7,1.78,5.2,4278,4056,222,135,40.82,normal,0,0,1
2026-01-01 13:48:00,289,high,client_1,server_1,router_1,2,client-router-server,1.93,0.44,47,79.51,100.0,51.34,67.12,8.15,1.93,2.19,4147,4057,90,49,11.76,normal,0,0,1
2026-01-01 13:49:00,290,high,client_1,server_1,router_1,2,client-router-server,2.3,0.59,52,77.53,100.0,50.56,113.44,10.51,2.3,4.23,3932,3766,166,25,50.71,normal,0,0,1
2026-01-01 13:50:00,291,high,client_3,server_1,router_1,2,client-router-server,1.71,0.66,41,25.61,51.96,27.98,60.78,5.13,1.71,0.15,5353,5345,8,6,7.83,normal,0,0,0
2026-01-01 13:51:00,292,high,client_1,server_1,router_1,2,client-router-server,2.05,0.67,47,77.25,100.0,75.75,97.85,6.66,2.05,2.02,2860,2803,57,1,5.41,normal,0,0,1
2026-01-01 13:52:00,293,high,client_1,server_1,router_1,2,client-router-server,2.31,0.53,45,91.33,100.0,100.0,134.13,9.01,2.31,2.56,3922,3822,100,11,37.72,normal,0,0,1
2026-01-01 13:53:00,294,high,client_3,server_1,router_1,2,client-router-server,2.19,0.58,44,94.02,100.0,78.86,96.04,5.42,2.19,2.46,1240,1210,30,6,40.31,normal,0,0,1
2026-01-01 13:54:00,295,high,client_2,server_1,router_1,2,client-router-server,1.86,0.61,51,62.63,100.0,73.98,124.92,10.56,1.86,1.9,4430,4346,84,25,23.08,normal,0,0,1
2026-01-01 13:55:00,296,high,client_2,server_1,router_1,2,client-router-server,2.14,0.55,45,32.66,58.76,65.63,74.89,9.79,2.14,0.52,5879,5849,30,14,46.92,normal,0,0,0
2026-01-01 13:56:00,297,high,client_3,server_1,router_1,2,client-router-server,2.47,0.5,44,64.71,100.0,88.48,137.59,5.61,2.47,4.51,4174,3986,188,75,5.36,normal,0,0,1
2026-01-01 13:57:00,298,high,client_1,server_1,router_1,2,client-router-server,2.29,0.39,42,34.72,84.34,61.27,58.41,9.8,2.29,2.58,4707,4586,121,113,23.37,normal,0,0,0
2026-01-01 13:58:00,299,high,client_1,server_1,router_1,2,client-router-server,1.69,0.49,42,57.31,100.0,58.05,68.76,5.19,1.69,3.21,4251,4115,136,51,50.16,normal,0,0,1
2026-01-01 13:59:00,300,high,client_2,server_1,router_1,2,client-router-server,1.57,0.52,42,54.83,100.0,78.44,131.95,13.44,1.57,2.41,5175,5051,124,82,56.94,normal,0,0,1
2026-01-01 14:00:00,301,high,client_2,server_1,router_1,2,client-router-server,2.13,0.57,47,69.43,100.0,77.05,101.38,7.99,2.13,5.05,2688,2553,135,56,12.29,normal,0,0,1
2026-01-01 14:01:00,302,high,client_3,server_1,router_1,2,client-router-server,2.45,0.65,51,80.18,100.0,100.0,70.08,9.99,2.45,5.37,5642,5340,302,197,8.88,normal,0,0,1
2026-01-01 14:02:00,303,high,client_2,server_1,router_1,2,client-router-server,1.62,0.4,49,27.05,99.17,74.21,130.52,14.2,1.62,5.0,5777,5489,288,167,58.61,normal,0,0,1
2026-01-01 14:03:00,304,high,client_1,server_1,router_1,2,client-router-server,2.34,0.68,53,51.4,100.0,82.09,88.35,7.67,2.34,1.88,4115,4038,77,48,8.85,normal,0,0,1
2026-01-01 14:04:00,305,high,client_3,server_1,router_1,2,client-router-server,2.23,0.63,42,66.55,100.0,81.63,108.26,12.41,2.23,5.09,5656,5369,287,7,15.52,normal,0,0,1
2026-01-01 14:05:00,306,high,client_1,server_1,router_1,2,client-router-server,2.24,0.57,44,75.19,100.0,100.0,121.41,3.84,2.24,3.61,2138,2061,77,29,53.03,normal,0,0,1
2026-01-01 14:06:00,307,high,client_2,server_1,router_1,2,client-router-server,2.37,0.61,50,63.0,90.1,88.38,101.09,9.03,2.37,2.88,1374,1335,39,13,18.34,normal,0,0,1
2026-01-01 14:07:00,308,high,client_1,server_1,router_1,2,client-router-server,2.18,0.58,43,36.82,55.24,54.64,80.04,9.78,2.18,0.43,4846,4826,20,7,34.76,normal,0,0,1
2026-01-01 14:08:00,309,high,client_3,server_1,router_1,2,client-router-server,1.89,0.62,42,52.93,100.0,87.34,78.41,9.55,1.89,4.71,5859,5584,275,196,49.54,normal,0,0,1
2026-01-01 14:09:00,310,high,client_2,server_1,router_1,2,client-router-server,1.76,0.69,45,27.8,79.54,58.63,68.62,4.68,1.76,3.07,1529,1483,46,19,42.18,normal,0,0,0
2026-01-01 14:10:00,311,high,client_3,server_1,router_1,2,client-router-server,2.13,0.67,50,42.41,100.0,99.21,79.73,7.75,2.13,1.86,1038,1019,19,16,19.94,normal,0,0,1
2026-01-01 14:11:00,312,high,client_1,server_1,router_1,2,client-router-server,1.58,0.7,49,28.97,100.0,58.13,130.92,11.7,1.58,4.16,2597,2489,108,2,39.41,normal,0,0,1
2026-01-01 14:12:00,313,high,client_2,server_1,router_1,2,client-router-server,1.84,0.53,52,91.39,100.0,69.8,123.24,4.78,1.84,5.28,5574,5280,294,3,12.81,normal,0,0,1
2026-01-01 14:13:00,314,high,client_3,server_1,router_1,2,client-router-server,2.28,0.47,44,77.16,100.0,76.44,80.21,10.24,2.28,2.3,5256,5136,120,94,33.94,normal,0,0,1
2026-01-01 14:14:00,315,high,client_1,server_1,router_1,2,client-router-server,1.74,0.41,50,68.88,100.0,84.3,135.39,11.05,1.74,4.49,2989,2855,134,121,27.6,normal,0,0,1
2026-01-01 14:15:00,316,high,client_2,server_1,router_1,2,client-router-server,1.62,0.7,53,74.7,100.0,75.21,126.43,9.9,1.62,1.88,3579,3512,67,63,33.44,normal,0,0,1
2026-01-01 14:16:00,317,high,client_1,server_1,router_1,2,client-router-server,2.21,0.41,46,41.22,86.58,73.62,108.2,4.46,2.21,3.35,1823,1762,61,49,8.24,normal,0,0,1
2026-01-01 14:17:00,318,high,client_3,server_1,router_1,2,client-router-server,2.27,0.48,50,27.58,81.34,79.05,77.76,3.95,2.27,1.98,1989,1950,39,3,10.16,normal,0,0,0
2026-01-01 14:18:00,319,high,client_1,server_1,router_1,2,client-router-server,2.39,0.4,43,77.44,100.0,91.44,96.09,7.69,2.39,1.94,1394,1367,27,17,11.25,normal,0,0,1
2026-01-01 14:19:00,320,high,client_1,server_1,router_1,2,client-router-server,1.9,0.53,45,52.16,100.0,77.66,75.53,7.03,1.9,2.31,5544,5416,128,70,52.9,normal,0,0,1
2026-01-01 14:20:00,321,high,client_3,server_1,router_1,2,client-router-server,1.58,0.62,52,54.49,100.0,100.0,107.22,9.17,1.58,3.5,1726,1666,60,0,40.66,normal,0,0,1
2026-01-01 14:21:00,322,high,client_3,server_1,router_1,2,client-router-server,2.49,0.66,44,55.57,100.0,62.93,98.79,10.88,2.49,4.67,5187,4945,242,44,22.11,normal,0,0,1
2026-01-01 14:22:00,323,high,client_1,server_1,router_1,2,client-router-server,1.52,0.68,53,75.46,100.0,71.64,104.02,10.26,1.52,2.16,4380,4286,94,28,21.52,normal,0,0,1
2026-01-01 14:23:00,324,high,client_1,server_1,router_1,2,client-router-server,1.95,0.57,52,21.6,56.53,57.17,52.99,4.09,1.95,0.35,1731,1725,6,5,9.77,normal,0,0,0
2026-01-01 14:24:00,325,high,client_1,server_1,router_1,2,client-router-server,1.89,0.54,40,53.25,100.0,77.1,130.51,10.05,1.89,4.0,4389,4214,175,79,48.79,normal,0,0,1
2026-01-01 14:25:00,326,high,client_1,server_1,router_1,2,client-router-server,2.1,0.43,52,68.07,100.0,87.17,121.22,14.74,2.1,3.8,5702,5486,216,100,38.24,normal,0,0,1
2026-01-01 14:26:00,327,high,client_2,server_1,router_1,2,client-router-server,1.87,0.6,44,87.26,100.0,100.0,104.89,6.73,1.87,2.5,2605,2540,65,51,13.4,normal,0,0,1
2026-01-01 14:27:00,328,high,client_3,server_1,router_1,2,client-router-server,2.47,0.59,41,50.61,100.0,100.0,136.65,10.54,2.47,5.39,1234,1168,66,8,29.14,normal,0,0,1
2026-01-01 14:28:00,329,high,client_2,server_1,router_1,2,client-router-server,1.88,0.67,46,94.15,100.0,59.39,110.71,13.28,1.88,4.09,5207,4995,212,64,44.97,normal,0,0,1
2026-01-01 14:29:00,330,high,client_3,server_1,router_1,2,client-router-server,1.54,0.59,40,80.5,100.0,75.63,97.09,13.61,1.54,5.24,3838,3637,201,98,52.13,normal,0,0,1
2026-01-01 14:30:00,331,high,client_1,server_1,router_1,2,client-router-server,1.92,0.59,50,52.13,91.78,75.34,112.71,4.08,1.92,1.7,5048,4963,85,2,10.75,normal,0,0,1
2026-01-01 14:31:00,332,high,client_1,server_1,router_1,2,client-router-server,2.07,0.4,51,45.32,100.0,89.88,102.31,8.24,2.07,5.77,3961,3733,228,184,52.93,normal,0,0,1
2026-01-01 14:32:00,333,high,client_2,server_1,router_1,2,client-router-server,2.21,0.5,46,25.86,74.73,83.25,66.35,11.32,2.21,2.14,5386,5271,115,6,51.23,normal,0,0,0
2026-01-01 14:33:00,334,high,client_3,server_1,router_1,2,client-router-server,2.14,0.4,46,70.42,100.0,63.38,63.38,6.45,2.14,2.15,5063,4955,108,69,25.55,normal,0,0,1
2026-01-01 14:34:00,335,high,client_1,server_1,router_1,2,client-router-server,1.74,0.64,51,71.74,100.0,88.09,125.47,3.15,1.74,1.53,4443,4376,67,44,35.48,normal,0,0,1
2026-01-01 14:35:00,336,high,client_3,server_1,router_1,2,client-router-server,2.39,0.56,49,69.6,92.3,68.06,82.04,7.47,2.39,2.98,5897,5722,175,11,38.59,normal,0,0,1
2026-01-01 14:36:00,337,high,client_1,server_1,router_1,2,client-router-server,2.06,0.66,50,88.78,100.0,63.5,105.02,7.05,2.06,4.09,2580,2475,105,98,33.69,normal,0,0,1
2026-01-01 14:37:00,338,high,client_3,server_1,router_1,2,client-router-server,1.91,0.51,52,60.56,100.0,79.03,94.72,10.08,1.91,4.52,1544,1475,69,58,55.44,normal,0,0,1
2026-01-01 14:38:00,339,high,client_1,server_1,router_1,2,client-router-server,2.07,0.44,49,50.83,100.0,97.13,82.02,6.29,2.07,5.35,4785,4530,255,45,41.94,normal,0,0,1
2026-01-01 14:39:00,340,high,client_3,server_1,router_1,2,client-router-server,2.29,0.44,42,39.34,100.0,83.06,91.93,13.38,2.29,3.63,1335,1287,48,20,28.65,normal,0,0,1
2026-01-01 14:40:00,341,high,client_3,server_1,router_1,2,client-router-server,2.37,0.66,41,60.76,100.0,100.0,107.3,11.06,2.37,3.82,4014,3861,153,6,10.58,normal,0,0,1
2026-01-01 14:41:00,342,high,client_1,server_1,router_1,2,client-router-server,1.94,0.69,49,35.07,74.36,74.41,70.18,4.12,1.94,1.34,5406,5334,72,39,16.65,normal,0,0,0
2026-01-01 14:42:00,343,high,client_3,server_1,router_1,2,client-router-server,1.58,0.41,42,60.94,100.0,51.17,87.56,8.38,1.58,4.59,3930,3750,180,112,55.98,normal,0,0,1
2026-01-01 14:43:00,344,high,client_2,server_1,router_1,2,client-router-server,1.73,0.69,50,32.19,93.15,83.77,79.79,6.75,1.73,2.84,3039,2953,86,22,50.93,normal,0,0,1
2026-01-01 14:44:00,345,high,client_1,server_1,router_1,2,client-router-server,2.46,0.38,53,88.65,100.0,79.3,99.96,12.61,2.46,1.76,5638,5539,99,0,36.51,normal,0,0,1
2026-01-01 14:45:00,346,high,client_3,server_1,router_1,2,client-router-server,2.13,0.48,49,65.81,100.0,100.0,129.16,14.11,2.13,3.29,4812,4654,158,4,37.82,normal,0,0,1
2026-01-01 14:46:00,347,high,client_1,server_1,router_1,2,client-router-server,1.85,0.36,52,22.97,73.46,45.11,73.21,5.56,1.85,2.77,5874,5712,162,8,12.84,normal,0,0,0
2026-01-01 14:47:00,348,high,client_2,server_1,router_1,2,client-router-server,2.2,0.68,52,88.65,100.0,51.68,64.17,6.44,2.2,3.05,4131,4006,125,87,18.1,normal,0,0,1
2026-01-01 14:48:00,349,high,client_2,server_1,router_1,2,client-router-server,1.87,0.36,51,53.66,100.0,100.0,130.93,3.83,1.87,2.94,5598,5434,164,54,36.04,normal,0,0,1
2026-01-01 14:49:00,350,high,client_1,server_1,router_1,2,client-router-server,2.14,0.56,47,22.19,60.51,60.01,47.43,10.47,2.14,0.32,2250,2243,7,4,33.57,normal,0,0,0
2026-01-01 14:50:00,351,high,client_1,server_1,router_1,2,client-router-server,1.98,0.62,43,68.6,100.0,84.41,109.68,7.15,1.98,5.39,2525,2389,136,70,11.42,normal,0,0,1
2026-01-01 14:51:00,352,high,client_3,server_1,router_1,2,client-router-server,2.06,0.59,44,31.72,77.5,68.6,56.63,7.63,2.06,2.97,4581,4445,136,88,34.13,normal,0,0,0
2026-01-01 14:52:00,353,high,client_2,server_1,router_1,2,client-router-server,1.87,0.47,48,47.88,100.0,90.72,87.54,7.59,1.87,3.24,5583,5403,180,92,10.02,normal,0,0,1
2026-01-01 14:53:00,354,high,client_1,server_1,router_1,2,client-router-server,1.71,0.52,50,59.1,100.0,88.55,101.35,7.31,1.71,4.32,5585,5344,241,230,31.31,normal,0,0,1
2026-01-01 14:54:00,355,high,client_2,server_1,router_1,2,client-router-server,2.08,0.55,47,90.56,100.0,55.41,128.91,3.53,2.08,3.92,2466,2370,96,63,31.75,normal,0,0,1
2026-01-01 14:55:00,356,high,client_2,server_1,router_1,2,client-router-server,2.01,0.46,40,85.62,100.0,76.74,112.08,12.86,2.01,2.29,1249,1221,28,21,50.13,normal,0,0,1
2026-01-01 14:56:00,357,high,client_3,server_1,router_1,2,client-router-server,1.57,0.45,44,50.26,100.0,100.0,93.13,9.15,1.57,2.93,2906,2821,85,10,12.3,normal,0,0,1
2026-01-01 14:57:00,358,high,client_1,server_1,router_1,2,client-router-server,1.63,0.67,50,84.4,100.0,94.91,102.88,7.82,1.63,4.79,4499,4284,215,80,48.33,normal,0,0,1
2026-01-01 14:58:00,359,high,client_2,server_1,router_1,2,client-router-server,2.28,0.41,46,82.86,100.0,50.99,113.84,6.87,2.28,3.37,3742,3616,126,47,43.06,normal,0,0,1
2026-01-01 14:59:00,360,high,client_2,server_1,router_1,2,client-router-server,2.49,0.68,44,25.84,70.85,53.98,56.78,10.15,2.49,1.3,4705,4644,61,61,48.67,normal,0,0,0
2026-01-01 15:00:00,361,high,client_2,server_1,router_1,2,client-router-server,1.51,0.45,41,48.45,100.0,61.14,124.08,8.51,1.51,4.44,1490,1424,66,18,9.52,normal,0,0,1
2026-01-01 15:01:00,362,high,client_3,server_1,router_1,2,client-router-server,2.03,0.43,40,22.39,52.63,51.58,71.41,5.79,2.03,0.19,2774,2769,5,1,35.82,normal,0,0,0
2026-01-01 15:02:00,363,high,client_3,server_1,router_1,2,client-router-server,2.21,0.53,41,34.12,50.41,53.15,63.19,6.67,2.21,0.04,5239,5237,2,0,24.71,normal,0,0,0
2026-01-01 15:03:00,364,high,client_1,server_1,router_1,2,client-router-server,2.31,0.58,48,40.37,87.19,52.03,115.12,7.57,2.31,2.03,2160,2117,43,30,10.89,normal,0,0,1
2026-01-01 15:04:00,365,high,client_2,server_1,router_1,2,client-router-server,1.8,0.51,40,66.88,100.0,86.77,91.69,10.48,1.8,1.63,4270,4201,69,3,36.55,normal,0,0,1
2026-01-01 15:05:00,366,high,client_1,server_1,router_1,2,client-router-server,2.34,0.49,40,81.23,100.0,100.0,93.21,14.8,2.34,4.16,3192,3060,132,68,46.75,normal,0,0,1
2026-01-01 15:06:00,367,high,client_1,server_1,router_1,2,client-router-server,1.78,0.38,41,30.67,61.33,70.54,73.51,4.56,1.78,0.59,1362,1354,8,8,10.06,normal,0,0,0
2026-01-01 15:07:00,368,high,client_1,server_1,router_1,2,client-router-server,1.84,0.49,40,33.63,61.88,36.94,71.8,5.5,1.84,0.9,3381,3351,30,26,10.95,normal,0,0,0
2026-01-01 15:08:00,369,high,client_2,server_1,router_1,2,client-router-server,1.5,0.52,42,94.72,100.0,100.0,104.87,9.29,1.5,4.88,2297,2185,112,92,28.7,normal,0,0,1
2026-01-01 15:09:00,370,high,client_2,server_1,router_1,2,client-router-server,1.79,0.69,52,85.43,100.0,82.74,84.51,9.26,1.79,5.98,1506,1416,90,26,12.72,normal,0,0,1
2026-01-01 15:10:00,371,high,client_3,server_1,router_1,2,client-router-server,1.74,0.56,50,80.6,100.0,100.0,103.68,5.52,1.74,3.04,4463,4328,135,71,46.91,normal,0,0,1
2026-01-01 15:11:00,372,high,client_3,server_1,router_1,2,client-router-server,1.71,0.41,46,60.91,100.0,97.62,131.07,9.76,1.71,3.15,5257,5092,165,50,45.45,normal,0,0,1
2026-01-01 15:12:00,373,high,client_1,server_1,router_1,2,client-router-server,1.61,0.6,40,55.79,100.0,100.0,102.72,10.34,1.61,1.76,2527,2483,44,19,18.95,normal,0,0,1
2026-01-01 15:13:00,374,high,client_2,server_1,router_1,2,client-router-server,1.83,0.59,44,75.21,100.0,80.67,73.35,11.12,1.83,4.9,5312,5052,260,249,16.6,normal,0,0,1
2026-01-01 15:14:00,375,high,client_1,server_1,router_1,2,client-router-server,1.82,0.35,44,31.8,100.0,80.05,82.17,15.42,1.82,3.88,2750,2644,106,90,10.48,normal,0,0,1
2026-01-01 15:15:00,376,high,client_3,server_1,router_1,2,client-router-server,2.18,0.56,40,34.43,79.18,65.99,75.82,10.65,2.18,2.12,2534,2481,53,31,39.86,normal,0,0,0
2026-01-01 15:16:00,377,high,client_2,server_1,router_1,2,client-router-server,1.67,0.66,44,33.82,100.0,80.72,77.51,14.71,1.67,3.96,4561,4381,180,106,56.36,normal,0,0,1
2026-01-01 15:17:00,378,high,client_3,server_1,router_1,2,client-router-server,1.54,0.44,50,43.07,100.0,100.0,110.52,11.71,1.54,4.57,4315,4118,197,169,39.68,normal,0,0,1
2026-01-01 15:18:00,379,high,client_3,server_1,router_1,2,client-router-server,1.91,0.37,50,94.63,100.0,73.33,66.53,3.98,1.91,2.04,5167,5062,105,60,5.3,normal,0,0,1
2026-01-01 15:19:00,380,high,client_1,server_1,router_1,2,client-router-server,1.63,0.36,40,60.32,100.0,66.51,115.79,6.82,1.63,4.09,1403,1346,57,33,36.42,normal,0,0,1
2026-01-01 15:20:00,381,high,client_2,server_1,router_1,2,client-router-server,2.34,0.67,46,25.32,33.13,18.7,37.9,5.94,2.34,0.01,5630,5629,1,0,47.29,normal,0,0,0
2026-01-01 15:21:00,382,high,client_1,server_1,router_1,2,client-router-server,1.82,0.36,49,23.3,76.11,65.49,87.08,8.15,1.82,1.79,4808,4722,86,25,11.66,normal,0,0,1
2026-01-01 15:22:00,383,high,client_2,server_1,router_1,2,client-router-server,2.37,0.45,40,31.53,40.74,43.82,62.21,3.83,2.37,0.01,3862,3861,1,0,51.44,normal,0,0,0
2026-01-01 15:23:00,384,high,client_1,server_1,router_1,2,client-router-server,2.31,0.68,50,92.79,100.0,94.5,90.88,11.57,2.31,3.37,3083,2980,103,52,38.77,normal,0,0,1
2026-01-01 15:24:00,385,high,client_2,server_1,router_1,2,client-router-server,1.52,0.61,42,73.57,100.0,100.0,128.58,8.33,1.52,5.83,4664,4393,271,261,19.92,normal,0,0,1
2026-01-01 15:25:00,386,high,client_1,server_1,router_1,2,client-router-server,1.68,0.41,52,55.6,100.0,60.31,121.36,13.7,1.68,4.6,4502,4295,207,199,47.38,normal,0,0,1
2026-01-01 15:26:00,387,high,client_3,server_1,router_1,2,client-router-server,1.74,0.58,42,85.32,100.0,58.09,80.93,8.72,1.74,3.58,4580,4417,163,20,7.33,normal,0,0,1
2026-01-01 15:27:00,388,high,client_1,server_1,router_1,2,client-router-server,2.35,0.55,40,86.54,100.0,100.0,81.39,11.12,2.35,4.88,2688,2557,131,77,32.95,normal,0,0,1
2026-01-01 15:28:00,389,high,client_2,server_1,router_1,2,client-router-server,2.14,0.53,40,29.63,63.08,72.12,59.6,12.65,2.14,0.8,5306,5264,42,3,40.67,normal,0,0,0
2026-01-01 15:29:00,390,high,client_2,server_1,router_1,2,client-router-server,1.6,0.45,47,77.92,100.0,57.68,126.56,8.91,1.6,2.11,1444,1414,30,21,45.81,normal,0,0,1
2026-01-01 15:30:00,391,high,client_2,server_1,router_1,2,client-router-server,1.52,0.41,46,60.2,100.0,94.17,74.97,10.84,1.52,5.58,1894,1789,105,70,56.75,normal,0,0,1
2026-01-01 15:31:00,392,high,client_1,server_1,router_1,2,client-router-server,2.49,0.5,42,91.33,100.0,54.6,121.25,15.48,2.49,2.62,4990,4860,130,9,8.67,normal,0,0,1
2026-01-01 15:32:00,393,high,client_1,server_1,router_1,2,client-router-server,2.22,0.5,46,23.32,55.25,30.83,56.56,5.81,2.22,0.41,2351,2342,9,7,30.73,normal,0,0,0
2026-01-01 15:33:00,394,high,client_3,server_1,router_1,2,client-router-server,1.5,0.61,49,65.41,100.0,71.05,99.59,9.64,1.5,4.25,4300,4118,182,25,9.67,normal,0,0,1
2026-01-01 15:34:00,395,high,client_3,server_1,router_1,2,client-router-server,1.59,0.42,42,61.3,100.0,83.66,101.92,7.3,1.59,5.14,5039,4780,259,164,17.28,normal,0,0,1
2026-01-01 15:35:00,396,high,client_2,server_1,router_1,2,client-router-server,2.36,0.54,43,28.47,81.76,69.59,90.49,10.02,2.36,2.91,4890,4748,142,81,40.57,normal,0,0,1
2026-01-01 15:36:00,397,high,client_1,server_1,router_1,2,client-router-server,2.3,0.47,44,87.6,100.0,100.0,116.73,4.36,2.3,5.14,5697,5405,292,78,23.61,normal,0,0,1
2026-01-01 15:37:00,398,high,client_1,server_1,router_1,2,client-router-server,1.85,0.65,40,20.81,36.4,36.11,45.84,5.83,1.85,0.01,3374,3373,1,0,44.55,normal,0,0,0
2026-01-01 15:38:00,399,high,client_3,server_1,router_1,2,client-router-server,2.48,0.63,48,46.1,100.0,66.8,69.34,11.78,2.48,2.34,2340,2286,54,28,51.51,normal,0,0,1
2026-01-01 15:39:00,400,high,client_2,server_1,router_1,2,client-router-server,2.0,0.52,48,78.75,100.0,93.84,81.92,12.59,2.0,5.72,4881,4602,279,44,54.42,normal,0,0,1
2026-01-01 15:40:00,401,high,client_3,server_1,router_1,2,client-router-server,1.54,0.56,41,28.94,60.38,68.92,84.78,7.07,1.54,0.61,3143,3124,19,3,31.05,normal,0,0,1
2026-01-01 15:41:00,402,high,client_3,server_1,router_1,2,client-router-server,2.29,0.56,44,67.91,92.32,47.15,109.75,4.77,2.29,4.46,1962,1875,87,35,50.35,normal,0,0,1
2026-01-01 15:42:00,403,high,client_2,server_1,router_1,2,client-router-server,2.4,0.62,40,25.98,68.62,71.33,79.13,5.85,2.4,1.49,1639,1615,24,18,13.25,normal,0,0,0
2026-01-01 15:43:00,404,high,client_1,server_1,router_1,2,client-router-server,2.21,0.59,44,41.64,100.0,72.56,69.8,12.57,2.21,5.64,5697,5376,321,50,25.53,normal,0,0,1
2026-01-01 15:44:00,405,high,client_3,server_1,router_1,2,client-router-server,1.9,0.7,51,82.14,100.0,100.0,91.67,14.77,1.9,4.33,3387,3241,146,131,30.38,normal,0,0,1
2026-01-01 15:45:00,406,high,client_1,server_1,router_1,2,client-router-server,2.25,0.57,49,33.88,97.32,100.0,84.1,7.37,2.25,4.6,1993,1902,91,72,30.86,normal,0,0,1
2026-01-01 15:46:00,407,high,client_3,server_1,router_1,2,client-router-server,1.88,0.59,46,60.76,100.0,93.19,76.91,11.55,1.88,4.05,4748,4556,192,115,42.07,normal,0,0,1
2026-01-01 15:47:00,408,high,client_3,server_1,router_1,2,client-router-server,1.88,0.51,52,67.55,100.0,100.0,90.75,9.32,1.88,5.28,3619,3428,191,153,54.97,normal,0,0,1
2026-01-01 15:48:00,409,high,client_2,server_1,router_1,2,client-router-server,2.31,0.67,47,36.05,78.46,41.38,75.05,6.64,2.31,2.2,3033,2967,66,60,17.93,normal,0,0,0
2026-01-01 15:49:00,410,high,client_3,server_1,router_1,2,client-router-server,2.19,0.67,43,40.93,100.0,100.0,100.38,9.36,2.19,3.02,3014,2923,91,82,50.05,normal,0,0,1
2026-01-01 15:50:00,411,high,client_2,server_1,router_1,2,client-router-server,2.24,0.59,44,83.01,100.0,55.7,93.33,10.41,2.24,1.8,3721,3655,66,65,48.9,normal,0,0,1
2026-01-01 15:51:00,412,high,client_3,server_1,router_1,2,client-router-server,2.39,0.43,42,79.92,100.0,100.0,124.3,13.13,2.39,5.18,5095,4832,263,203,39.02,normal,0,0,1
2026-01-01 15:52:00,413,high,client_3,server_1,router_1,2,client-router-server,2.18,0.58,48,60.31,100.0,100.0,120.79,12.86,2.18,5.03,2043,1941,102,24,42.67,normal,0,0,1
2026-01-01 15:53:00,414,high,client_2,server_1,router_1,2,client-router-server,1.79,0.39,51,41.15,76.21,82.2,73.48,8.49,1.79,2.07,5433,5321,112,95,26.84,normal,0,0,0
2026-01-01 15:54:00,415,high,client_3,server_1,router_1,2,client-router-server,2.11,0.68,47,76.59,100.0,100.0,96.4,7.33,2.11,5.24,1385,1313,72,32,10.74,normal,0,0,1
2026-01-01 15:55:00,416,high,client_3,server_1,router_1,2,client-router-server,2.46,0.48,51,78.45,100.0,50.76,102.63,8.14,2.46,1.76,3020,2967,53,9,51.59,normal,0,0,1
2026-01-01 15:56:00,417,high,client_2,server_1,router_1,2,client-router-server,2.37,0.37,46,53.66,74.86,61.8,76.66,6.08,2.37,2.35,5903,5765,138,40,44.4,normal,0,0,0
2026-01-01 15:57:00,418,high,client_1,server_1,router_1,2,client-router-server,2.17,0.65,48,84.98,100.0,62.07,79.37,13.44,2.17,3.29,2563,2479,84,39,26.16,normal,0,0,1
2026-01-01 15:58:00,419,high,client_3,server_1,router_1,2,client-router-server,2.44,0.69,41,55.53,100.0,99.47,133.68,9.96,2.44,3.05,1703,1652,51,51,59.23,normal,0,0,1
2026-01-01 15:59:00,420,high,client_1,server_1,router_1,2,client-router-server,2.29,0.6,45,47.31,100.0,100.0,76.1,10.03,2.29,1.61,2636,2594,42,14,33.19,normal,0,0,1
2026-01-01 16:00:00,421,high,client_3,server_1,router_1,2,client-router-server,2.44,0.44,46,44.96,74.58,54.29,97.64,7.63,2.44,0.88,4385,4347,38,23,17.71,normal,0,0,1
2026-01-01 16:01:00,422,high,client_1,server_1,router_1,2,client-router-server,1.93,0.68,52,49.46,100.0,100.0,103.59,7.15,1.93,5.31,3530,3343,187,87,13.23,normal,0,0,1
2026-01-01 16:02:00,423,high,client_2,server_1,router_1,2,client-router-server,2.08,0.68,48,90.24,100.0,72.14,88.65,3.28,2.08,2.69,1621,1578,43,33,20.25,normal,0,0,1
2026-01-01 16:03:00,424,high,client_2,server_1,router_1,2,client-router-server,1.76,0.5,43,64.89,100.0,75.48,119.67,9.94,1.76,1.89,5774,5665,109,13,52.61,normal,0,0,1
2026-01-01 16:04:00,425,high,client_2,server_1,router_1,2,client-router-server,2.26,0.65,52,37.66,97.4,98.67,106.94,7.9,2.26,1.5,5961,5872,89,12,59.66,normal,0,0,1
2026-01-01 16:05:00,426,high,client_1,server_1,router_1,2,client-router-server,2.16,0.59,49,70.71,100.0,100.0,78.9,8.4,2.16,5.42,5010,4739,271,61,11.11,normal,0,0,1
2026-01-01 16:06:00,427,high,client_3,server_1,router_1,2,client-router-server,2.24,0.67,42,73.12,100.0,100.0,133.71,9.79,2.24,3.42,5358,5175,183,28,33.18,normal,0,0,1
2026-01-01 16:07:00,428,high,client_3,server_1,router_1,2,client-router-server,1.91,0.56,49,32.75,90.57,76.58,86.9,10.7,1.91,1.25,1699,1678,21,3,30.98,normal,0,0,1
2026-01-01 16:08:00,429,high,client_1,server_1,router_1,2,client-router-server,1.83,0.6,43,37.13,70.84,71.7,70.6,4.58,1.83,1.29,5451,5381,70,58,44.57,normal,0,0,0
2026-01-01 16:09:00,430,high,client_2,server_1,router_1,2,client-router-server,1.77,0.58,51,82.17,100.0,100.0,71.96,6.37,1.77,3.51,4515,4357,158,140,14.12,normal,0,0,1
2026-01-01 16:10:00,431,high,client_3,server_1,router_1,2,client-router-server,1.79,0.45,42,25.81,65.53,40.15,86.32,6.59,1.79,1.3,5285,5217,68,55,51.93,normal,0,0,1
2026-01-01 16:11:00,432,high,client_3,server_1,router_1,2,client-router-server,1.73,0.61,50,67.93,100.0,61.37,125.71,11.22,1.73,5.35,5556,5259,297,109,26.6,normal,0,0,1
2026-01-01 16:12:00,433,high,client_1,server_1,router_1,2,client-router-server,2.5,0.5,45,38.85,100.0,100.0,135.9,9.65,2.5,4.25,4814,4610,204,72,43.31,normal,0,0,1
2026-01-01 16:13:00,434,high,client_2,server_1,router_1,2,client-router-server,1.84,0.45,43,40.48,100.0,96.74,71.7,8.93,1.84,3.07,3021,2929,92,80,12.05,normal,0,0,1
2026-01-01 16:14:00,435,high,client_2,server_1,router_1,2,client-router-server,2.23,0.44,50,60.32,93.99,100.0,91.88,13.56,2.23,3.9,4955,4762,193,81,55.72,normal,0,0,1
2026-01-01 16:15:00,436,high,client_1,server_1,router_1,2,client-router-server,1.82,0.42,51,60.78,100.0,100.0,99.65,9.7,1.82,1.97,2419,2372,47,11,6.45,normal,0,0,1
2026-01-01 16:16:00,437,high,client_2,server_1,router_1,2,client-router-server,2.37,0.43,47,94.17,100.0,83.31,86.38,10.55,2.37,3.43,5250,5070,180,175,58.79,normal,0,0,1
2026-01-01 16:17:00,438,high,client_2,server_1,router_1,2,client-router-server,1.55,0.41,52,51.87,100.0,100.0,105.61,5.99,1.55,3.76,5108,4916,192,131,54.37,normal,0,0,1
2026-01-01 16:18:00,439,high,client_1,server_1,router_1,2,client-router-server,2.13,0.61,49,82.04,100.0,99.24,111.38,9.54,2.13,3.05,5627,5456,171,20,16.64,normal,0,0,1
2026-01-01 16:19:00,440,high,client_2,server_1,router_1,2,client-router-server,2.35,0.65,53,78.39,100.0,61.73,68.43,7.14,2.35,2.26,5599,5473,126,118,48.89,normal,0,0,1
2026-01-01 16:20:00,441,high,client_2,server_1,router_1,2,client-router-server,2.01,0.41,49,93.18,100.0,73.31,107.53,12.67,2.01,5.68,1278,1206,72,29,14.8,normal,0,0,1
2026-01-01 16:21:00,442,high,client_1,server_1,router_1,2,client-router-server,1.97,0.48,48,20.33,32.28,21.4,44.64,2.58,1.97,0.01,5440,5439,1,1,13.16,normal,0,0,0
2026-01-01 16:22:00,443,high,client_3,server_1,router_1,2,client-router-server,2.09,0.48,48,86.81,100.0,61.32,109.49,7.49,2.09,3.11,2149,2083,66,65,27.92,normal,0,0,1
2026-01-01 16:23:00,444,high,client_1,server_1,router_1,2,client-router-server,2.22,0.64,40,92.28,100.0,70.28,83.7,8.44,2.22,1.99,1511,1481,30,7,27.32,normal,0,0,1
2026-01-01 16:24:00,445,high,client_3,server_1,router_1,2,client-router-server,2.2,0.44,51,56.63,100.0,100.0,124.41,9.16,2.2,4.21,3287,3149,138,133,42.93,normal,0,0,1
2026-01-01 16:25:00,446,high,client_1,server_1,router_1,2,client-router-server,2.19,0.59,51,30.15,65.62,75.12,70.86,7.06,2.19,1.84,2508,2462,46,46,50.2,normal,0,0,0
2026-01-01 16:26:00,447,high,client_2,server_1,router_1,2,client-router-server,2.26,0.38,50,66.56,100.0,83.94,121.92,9.14,2.26,4.45,4831,4617,214,22,38.01,normal,0,0,1
2026-01-01 16:27:00,448,high,client_3,server_1,router_1,2,client-router-server,1.87,0.61,51,75.84,100.0,100.0,133.19,8.05,1.87,5.7,3176,2995,181,2,57.67,normal,0,0,1
2026-01-01 16:28:00,449,high,client_1,server_1,router_1,2,client-router-server,2.43,0.39,45,44.04,100.0,80.37,83.41,15.41,2.43,4.42,5439,5199,240,119,8.11,normal,0,0,1
2026-01-01 16:29:00,450,high,client_2,server_1,router_1,2,client-router-server,1.62,0.6,44,30.93,100.0,98.78,122.95,9.37,1.62,2.66,1939,1888,51,39,13.14,normal,0,0,1
2026-01-01 16:30:00,451,high,client_2,server_1,router_1,2,client-router-server,1.71,0.61,50,63.55,100.0,77.3,86.84,5.18,1.71,2.48,3161,3083,78,2,59.52,normal,0,0,1
2026-01-01 16:31:00,452,high,client_3,server_1,router_1,2,client-router-server,1.62,0.67,41,62.51,100.0,100.0,87.36,5.79,1.62,2.72,3845,3741,104,98,19.6,normal,0,0,1
2026-01-01 16:32:00,453,high,client_3,server_1,router_1,2,client-router-server,2.13,0.66,45,26.02,61.13,58.03,66.9,8.01,2.13,0.66,5899,5861,38,7,24.05,normal,0,0,0
2026-01-01 16:33:00,454,high,client_2,server_1,router_1,2,client-router-server,2.39,0.53,49,61.85,100.0,68.88,105.95,10.53,2.39,2.42,3323,3243,80,78,20.0,normal,0,0,1
2026-01-01 16:34:00,455,high,client_3,server_1,router_1,2,client-router-server,2.09,0.69,41,22.51,49.57,43.55,59.46,7.46,2.09,0.01,1702,1701,1,1,30.89,normal,0,0,0
2026-01-01 16:35:00,456,high,client_1,server_1,router_1,2,client-router-server,2.26,0.39,46,79.94,100.0,66.64,66.7,7.45,2.26,5.18,4527,4293,234,71,6.13,normal,0,0,1
2026-01-01 16:36:00,457,high,client_2,server_1,router_1,2,client-router-server,1.94,0.52,47,28.27,65.62,37.31,80.66,11.65,1.94,1.63,4133,4066,67,42,16.83,normal,0,0,1
2026-01-01 16:37:00,458,high,client_3,server_1,router_1,2,client-router-server,2.03,0.51,44,46.54,100.0,55.96,86.69,11.5,2.03,4.8,5626,5356,270,125,19.07,normal,0,0,1
2026-01-01 16:38:00,459,high,client_3,server_1,router_1,2,client-router-server,1.91,0.56,41,79.48,100.0,100.0,70.51,12.18,1.91,4.84,2952,2810,142,45,8.24,normal,0,0,1
2026-01-01 16:39:00,460,high,client_1,server_1,router_1,2,client-router-server,2.13,0.61,50,81.16,100.0,82.5,96.17,9.06,2.13,2.97,5458,5296,162,29,9.67,normal,0,0,1
2026-01-01 16:40:00,461,high,client_3,server_1,router_1,2,client-router-server,1.96,0.62,50,28.72,49.73,37.49,40.71,5.18,1.96,0.01,3156,3155,1,1,30.76,normal,0,0,0
2026-01-01 16:41:00,462,high,client_1,server_1,router_1,2,client-router-server,1.64,0.69,40,39.05,100.0,92.58,130.23,5.76,1.64,3.02,3867,3751,116,69,21.57,normal,0,0,1
2026-01-01 16:42:00,463,high,client_3,server_1,router_1,2,client-router-server,2.1,0.56,50,93.37,100.0,90.16,131.17,8.2,2.1,5.94,3167,2979,188,7,43.1,normal,0,0,1
2026-01-01 16:43:00,464,high,client_1,server_1,router_1,2,client-router-server,1.81,0.69,45,42.76,100.0,61.9,114.43,10.59,1.81,3.39,4741,4581,160,55,48.68,normal,0,0,1
2026-01-01 16:44:00,465,high,client_3,server_1,router_1,2,client-router-server,2.24,0.52,40,54.31,100.0,99.11,129.1,8.6,2.24,5.85,3627,3415,212,123,37.41,normal,0,0,1
2026-01-01 16:45:00,466,high,client_2,server_1,router_1,2,client-router-server,2.5,0.66,45,78.77,100.0,100.0,125.7,7.47,2.5,2.51,4453,4342,111,94,33.14,normal,0,0,1
2026-01-01 16:46:00,467,high,client_3,server_1,router_1,2,client-router-server,2.26,0.69,42,94.38,100.0,61.99,122.36,8.62,2.26,2.31,1695,1656,39,29,59.86,normal,0,0,1
2026-01-01 16:47:00,468,high,client_1,server_1,router_1,2,client-router-server,1.57,0.35,53,51.25,100.0,58.9,129.67,5.7,1.57,5.07,4706,4468,238,235,51.49,normal,0,0,1
2026-01-01 16:48:00,469,high,client_3,server_1,router_1,2,client-router-server,2.15,0.46,53,61.31,100.0,95.06,132.51,5.31,2.15,5.63,3256,3073,183,102,30.91,normal,0,0,1
2026-01-01 16:49:00,470,high,client_2,server_1,router_1,2,client-router-server,2.22,0.68,41,60.84,100.0,66.27,116.47,7.15,2.22,3.78,4397,4231,166,45,57.3,normal,0,0,1
2026-01-01 16:50:00,471,high,client_3,server_1,router_1,2,client-router-server,2.28,0.68,47,45.46,80.44,92.79,108.51,5.66,2.28,1.33,5808,5731,77,53,18.94,normal,0,0,1
2026-01-01 16:51:00,472,high,client_2,server_1,router_1,2,client-router-server,2.15,0.38,52,24.73,44.13,23.52,63.08,4.16,2.15,0.01,5206,5205,1,0,30.65,normal,0,0,0
2026-01-01 16:52:00,473,high,client_1,server_1,router_1,2,client-router-server,2.32,0.54,53,94.5,100.0,73.41,98.94,14.72,2.32,1.89,4012,3937,75,12,14.81,normal,0,0,1
2026-01-01 16:53:00,474,high,client_1,server_1,router_1,2,client-router-server,2.15,0.67,51,34.63,78.55,78.5,89.72,9.38,2.15,2.68,4878,4748,130,111,45.53,normal,0,0,1
2026-01-01 16:54:00,475,high,client_3,server_1,router_1,2,client-router-server,1.95,0.69,46,31.29,54.77,46.0,69.85,3.4,1.95,0.3,3198,3189,9,1,39.76,normal,0,0,0
2026-01-01 16:55:00,476,high,client_2,server_1,router_1,2,client-router-server,2.12,0.48,46,45.84,100.0,64.57,63.32,10.65,2.12,5.9,4687,4411,276,46,27.13,normal,0,0,1
2026-01-01 16:56:00,477,high,client_1,server_1,router_1,2,client-router-server,2.3,0.4,43,69.66,100.0,74.89,70.89,10.92,2.3,4.32,1536,1470,66,8,8.78,normal,0,0,1
2026-01-01 16:57:00,478,high,client_3,server_1,router_1,2,client-router-server,2.34,0.6,42,53.14,100.0,100.0,110.49,10.61,2.34,3.62,2029,1956,73,6,39.89,normal,0,0,1
2026-01-01 16:58:00,479,high,client_1,server_1,router_1,2,client-router-server,2.26,0.64,51,77.98,100.0,100.0,75.26,7.22,2.26,2.02,3149,3086,63,50,6.97,normal,0,0,1
2026-01-01 16:59:00,480,high,client_1,server_1,router_1,2,client-router-server,1.84,0.57,50,89.26,100.0,79.23,122.6,8.5,1.84,2.4,3935,3841,94,26,30.97,normal,0,0,1
2026-01-01 17:00:00,481,high,client_1,server_1,router_1,2,client-router-server,1.73,0.36,47,77.94,100.0,62.79,104.59,8.9,1.73,2.32,5454,5328,126,69,52.68,normal,0,0,1
2026-01-01 17:01:00,482,high,client_2,server_1,router_1,2,client-router-server,1.86,0.62,49,81.28,100.0,77.92,87.41,12.78,1.86,5.8,1819,1714,105,32,28.3,normal,0,0,1
2026-01-01 17:02:00,483,high,client_1,server_1,router_1,2,client-router-server,2.18,0.51,53,69.21,100.0,68.31,112.9,15.0,2.18,5.77,5172,4874,298,135,42.35,normal,0,0,1
2026-01-01 17:03:00,484,high,client_3,server_1,router_1,2,client-router-server,1.71,0.47,41,61.85,100.0,97.53,113.91,10.26,1.71,5.05,3474,3299,175,137,21.71,normal,0,0,1
2026-01-01 17:04:00,485,high,client_3,server_1,router_1,2,client-router-server,2.24,0.48,46,78.37,100.0,73.0,113.58,8.02,2.24,3.59,5803,5595,208,23,19.12,normal,0,0,1
2026-01-01 17:05:00,486,high,client_1,server_1,router_1,2,client-router-server,2.08,0.47,47,24.82,48.68,55.13,44.92,5.62,2.08,0.01,2083,2082,1,0,45.33,normal,0,0,0
2026-01-01 17:06:00,487,high,client_2,server_1,router_1,2,client-router-server,2.42,0.57,45,75.48,100.0,100.0,124.48,11.5,2.42,5.27,4385,4154,231,203,30.77,normal,0,0,1
2026-01-01 17:07:00,488,high,client_3,server_1,router_1,2,client-router-server,2.18,0.68,43,24.52,59.01,39.47,66.76,8.16,2.18,0.72,4922,4887,35,21,58.27,normal,0,0,0
2026-01-01 17:08:00,489,high,client_3,server_1,router_1,2,client-router-server,2.16,0.5,41,81.26,100.0,100.0,108.43,9.72,2.16,4.04,2726,2616,110,92,22.63,normal,0,0,1
2026-01-01 17:09:00,490,high,client_3,server_1,router_1,2,client-router-server,1.82,0.69,48,42.75,71.49,37.59,71.61,7.79,1.82,1.16,5114,5055,59,21,26.74,normal,0,0,0
2026-01-01 17:10:00,491,high,client_2,server_1,router_1,2,client-router-server,2.21,0.49,42,25.35,52.43,32.16,54.36,8.03,2.21,0.25,3498,3490,8,4,52.95,normal,0,0,0
2026-01-01 17:11:00,492,high,client_2,server_1,router_1,2,client-router-server,2.09,0.63,41,73.21,100.0,64.25,65.3,7.38,2.09,2.46,3633,3544,89,41,20.62,normal,0,0,1
2026-01-01 17:12:00,493,high,client_1,server_1,router_1,2,client-router-server,2.41,0.44,42,69.16,100.0,100.0,115.29,9.88,2.41,2.42,1439,1405,34,22,53.18,normal,0,0,1
2026-01-01 17:13:00,494,high,client_3,server_1,router_1,2,client-router-server,1.52,0.67,49,59.03,100.0,60.64,126.69,4.3,1.52,4.73,1565,1491,74,63,28.47,normal,0,0,1
2026-01-01 17:14:00,495,high,client_3,server_1,router_1,2,client-router-server,2.32,0.56,47,23.42,46.59,40.6,59.48,3.5,2.32,0.01,1494,1493,1,0,41.64,normal,0,0,0
2026-01-01 17:15:00,496,high,client_3,server_1,router_1,2,client-router-server,2.35,0.67,47,56.58,100.0,78.67,91.31,10.9,2.35,1.58,1743,1716,27,6,25.03,normal,0,0,1
2026-01-01 17:16:00,497,high,client_1,server_1,router_1,2,client-router-server,2.18,0.42,41,32.13,55.92,56.49,58.89,7.75,2.18,0.4,4560,4542,18,9,20.98,normal,0,0,0
2026-01-01 17:17:00,498,high,client_1,server_1,router_1,2,client-router-server,1.57,0.43,44,58.63,100.0,100.0,93.13,13.87,1.57,2.31,3842,3754,88,47,22.61,normal,0,0,1
2026-01-01 17:18:00,499,high,client_1,server_1,router_1,2,client-router-server,2.24,0.35,46,80.79,100.0,100.0,108.61,10.23,2.24,2.93,5880,5708,172,72,48.92,normal,0,0,1
2026-01-01 17:19:00,500,high,client_3,server_1,router_1,2,client-router-server,1.96,0.61,53,35.64,65.37,58.33,60.71,7.14,1.96,1.78,5358,5263,95,81,58.23,normal,0,0,0
2026-01-01 17:20:00,501,high,client_3,server_1,router_1,2,client-router-server,2.03,0.36,46,137.18,100.0,77.99,113.09,14.92,2.03,4.76,3335,3177,158,79,45.38,traffic_spike,0,0,1
2026-01-01 17:21:00,502,high,client_1,server_1,router_1,2,client-router-server,1.6,0.67,50,57.36,100.0,100.0,76.69,14.4,1.6,2.55,4772,4651,121,81,13.9,traffic_spike,0,0,1
2026-01-01 17:22:00,503,high,client_3,server_1,router_1,2,client-router-server,2.48,0.43,42,139.53,100.0,94.61,93.39,8.01,2.48,5.12,4625,4389,236,145,38.76,traffic_spike,0,0,1
2026-01-01 17:23:00,504,high,client_2,server_1,router_1,2,client-router-server,1.58,0.45,47,120.1,100.0,85.55,108.11,14.2,1.58,1.61,3172,3121,51,10,53.51,traffic_spike,0,0,1
2026-01-01 17:24:00,505,high,client_2,server_1,router_1,2,client-router-server,1.6,0.38,48,65.91,100.0,100.0,88.22,12.92,1.6,5.58,4997,4719,278,178,51.59,traffic_spike,0,0,1
2026-01-01 17:25:00,506,high,client_3,server_1,router_1,2,client-router-server,1.63,0.59,46,105.19,100.0,95.21,100.97,8.58,1.63,1.78,3309,3251,58,43,5.76,traffic_spike,0,0,1
2026-01-01 17:26:00,507,high,client_2,server_1,router_1,2,client-router-server,2.12,0.66,51,60.28,100.0,90.73,101.11,8.09,2.12,1.96,5722,5610,112,23,47.19,traffic_spike,0,0,1
2026-01-01 17:27:00,508,high,client_2,server_1,router_1,2,client-router-server,1.88,0.54,42,88.07,100.0,81.97,73.57,10.02,1.88,2.76,4072,3960,112,97,57.95,traffic_spike,0,0,1
2026-01-01 17:28:00,509,high,client_2,server_1,router_1,2,client-router-server,1.8,0.67,43,114.06,100.0,95.71,118.56,6.09,1.8,3.83,4043,3889,154,35,22.09,traffic_spike,0,0,1
2026-01-01 17:29:00,510,high,client_1,server_1,router_1,2,client-router-server,2.05,0.67,46,94.66,100.0,94.67,88.04,9.22,2.05,1.9,1670,1639,31,1,14.1,traffic_spike,0,0,1
2026-01-01 17:30:00,511,high,client_3,server_1,router_1,2,client-router-server,1.77,0.6,48,56.37,100.0,54.73,66.31,8.04,1.77,1.7,4713,4633,80,39,30.71,traffic_spike,0,0,1
2026-01-01 17:31:00,512,high,client_1,server_1,router_1,2,client-router-server,1.6,0.54,45,114.39,100.0,100.0,132.03,7.33,1.6,2.34,3109,3037,72,41,49.2,traffic_spike,0,0,1
2026-01-01 17:32:00,513,high,client_2,server_1,router_1,2,client-router-server,2.01,0.41,53,125.56,100.0,84.86,107.9,10.09,2.01,3.13,2581,2501,80,52,43.17,traffic_spike,0,0,1
2026-01-01 17:33:00,514,high,client_2,server_1,router_1,2,client-router-server,1.56,0.65,42,113.22,100.0,93.72,76.31,9.99,1.56,2.81,5968,5801,167,160,12.24,traffic_spike,0,0,1
2026-01-01 17:34:00,515,high,client_2,server_1,router_1,2,client-router-server,1.65,0.69,52,115.88,100.0,100.0,119.06,11.18,1.65,3.47,4360,4209,151,61,16.44,traffic_spike,0,0,1
2026-01-01 17:35:00,516,high,client_3,server_1,router_1,2,client-router-server,2.45,0.56,44,74.05,100.0,53.28,72.72,9.38,2.45,2.41,3639,3552,87,49,43.53,traffic_spike,0,0,1
2026-01-01 17:36:00,517,high,client_1,server_1,router_1,2,client-router-server,2.43,0.39,42,98.85,100.0,86.23,96.64,6.19,2.43,5.86,3260,3069,191,158,54.32,traffic_spike,0,0,1
2026-01-01 17:37:00,518,high,client_3,server_1,router_1,2,client-router-server,1.56,0.66,44,128.92,100.0,72.84,88.8,13.07,1.56,2.25,1146,1121,25,24,28.72,traffic_spike,0,0,1
2026-01-01 17:38:00,519,high,client_1,server_1,router_1,2,client-router-server,2.46,0.5,43,114.01,100.0,97.74,81.61,6.36,2.46,4.37,5524,5283,241,35,39.42,traffic_spike,0,0,1
2026-01-01 17:39:00,520,high,client_3,server_1,router_1,2,client-router-server,1.65,0.67,45,56.3,100.0,58.47,97.68,7.47,1.65,2.42,5395,5265,130,55,47.55,traffic_spike,0,0,1
2026-01-01 17:40:00,521,high,client_3,server_1,router_1,2,client-router-server,1.73,0.55,42,59.32,100.0,68.75,126.65,14.26,1.73,3.82,1667,1604,63,32,46.66,traffic_spike,0,0,1
2026-01-01 17:41:00,522,high,client_3,server_1,router_1,2,client-router-server,2.49,0.55,44,97.03,100.0,98.0,83.01,9.87,2.49,2.85,4237,4117,120,15,38.09,traffic_spike,0,0,1
2026-01-01 17:42:00,523,high,client_1,server_1,router_1,2,client-router-server,2.01,0.47,40,93.0,100.0,100.0,133.49,6.04,2.01,5.72,2462,2322,140,20,47.85,traffic_spike,0,0,1
2026-01-01 17:43:00,524,high,client_2,server_1,router_1,2,client-router-server,1.65,0.44,53,68.23,100.0,53.59,79.21,10.27,1.65,4.57,5033,4803,230,205,19.49,traffic_spike,0,0,1
2026-01-01 17:44:00,525,high,client_1,server_1,router_1,2,client-router-server,1.95,0.4,50,73.19,100.0,84.41,102.94,12.53,1.95,3.86,4587,4410,177,68,51.56,traffic_spike,0,0,1
2026-01-01 17:45:00,526,high,client_1,server_1,router_1,2,client-router-server,1.55,0.48,52,140.55,100.0,100.0,124.73,8.56,1.55,3.55,4561,4400,161,97,31.56,traffic_spike,0,0,1
2026-01-01 17:46:00,527,high,client_3,server_1,router_1,2,client-router-server,1.99,0.69,45,101.79,100.0,100.0,121.45,7.68,1.99,2.55,5108,4978,130,54,32.43,traffic_spike,0,0,1
2026-01-01 17:47:00,528,high,client_1,server_1,router_1,2,client-router-server,2.49,0.68,42,61.6,100.0,100.0,124.69,6.01,2.49,4.79,4756,4529,227,97,46.91,traffic_spike,0,0,1
2026-01-01 17:48:00,529,high,client_1,server_1,router_1,2,client-router-server,1.62,0.58,47,144.69,100.0,100.0,102.3,8.35,1.62,3.93,3893,3741,152,40,13.79,traffic_spike,0,0,1
2026-01-01 17:49:00,530,high,client_2,server_1,router_1,2,client-router-server,2.22,0.47,45,83.2,100.0,81.26,70.06,10.69,2.22,5.24,1920,1820,100,57,22.66,traffic_spike,0,0,1
2026-01-01 17:50:00,531,high,client_3,server_1,router_1,2,client-router-server,1.98,0.36,46,86.56,100.0,53.02,89.91,13.21,1.98,2.67,5960,5801,159,130,36.0,traffic_spike,0,0,1
2026-01-01 17:51:00,532,high,client_3,server_1,router_1,2,client-router-server,1.99,0.59,47,145.9,100.0,100.0,121.7,8.02,1.99,5.15,5715,5421,294,69,17.05,traffic_spike,0,0,1
2026-01-01 17:52:00,533,high,client_1,server_1,router_1,2,client-router-server,1.62,0.37,40,99.21,100.0,100.0,78.43,7.12,1.62,4.58,2605,2486,119,78,39.4,traffic_spike,0,0,1
2026-01-01 17:53:00,534,high,client_1,server_1,router_1,2,client-router-server,1.69,0.36,48,145.18,100.0,64.41,120.76,9.16,1.69,1.99,5679,5566,113,47,48.78,traffic_spike,0,0,1
2026-01-01 17:54:00,535,high,client_2,server_1,router_1,2,client-router-server,2.47,0.57,48,139.91,100.0,57.58,104.67,8.68,2.47,5.31,2870,2718,152,35,43.18,traffic_spike,0,0,1
2026-01-01 17:55:00,536,high,client_1,server_1,router_1,2,client-router-server,2.12,0.5,53,132.03,100.0,86.54,129.09,11.35,2.12,3.93,5734,5509,225,24,39.6,traffic_spike,0,0,1
2026-01-01 17:56:00,537,high,client_1,server_1,router_1,2,client-router-server,2.06,0.51,44,146.15,100.0,100.0,123.79,11.91,2.06,4.1,3108,2981,127,100,31.38,traffic_spike,0,0,1
2026-01-01 17:57:00,538,high,client_2,server_1,router_1,2,client-router-server,1.91,0.5,51,105.48,100.0,67.95,121.37,7.83,1.91,3.08,3810,3693,117,33,41.79,traffic_spike,0,0,1
2026-01-01 17:58:00,539,high,client_1,server_1,router_1,2,client-router-server,1.51,0.61,45,72.11,100.0,85.29,70.31,8.49,1.51,2.86,1135,1103,32,8,13.87,traffic_spike,0,0,1
2026-01-01 17:59:00,540,high,client_1,server_1,router_1,2,client-router-server,1.66,0.6,47,114.96,100.0,100.0,81.76,12.83,1.66,5.7,2977,2808,169,17,52.59,traffic_spike,0,0,1
2026-01-01 18:00:00,541,high,client_1,server_1,router_1,2,client-router-server,2.46,0.53,44,55.93,89.48,54.68,85.67,12.36,2.46,2.74,4818,4686,132,28,40.94,traffic_spike,1,0,1
2026-01-01 18:01:00,542,high,client_2,server_1,router_1,2,client-router-server,2.42,0.44,46,48.02,100.0,100.0,93.2,11.06,2.42,4.92,4121,3919,202,202,34.6,traffic_spike,1,0,1
2026-01-01 18:02:00,543,high,client_3,server_1,router_1,2,client-router-server,2.1,0.49,48,168.25,100.0,79.9,86.3,14.57,2.1,4.26,5075,4859,216,122,46.35,traffic_spike,1,0,1
2026-01-01 18:03:00,544,high,client_1,server_1,router_1,2,client-router-server,1.5,0.39,45,83.38,100.0,88.06,72.12,8.61,1.5,3.67,5427,5228,199,60,58.5,traffic_spike,1,0,1
2026-01-01 18:04:00,545,high,client_3,server_1,router_1,2,client-router-server,1.7,0.42,53,170.64,100.0,54.95,98.79,8.04,1.7,5.6,1463,1382,81,65,9.87,traffic_spike,1,0,1
2026-01-01 18:05:00,546,high,client_3,server_1,router_1,2,client-router-server,2.37,0.67,50,67.13,100.0,100.0,88.56,12.21,2.37,2.78,4950,4813,137,41,29.4,traffic_spike,1,0,1
2026-01-01 18:06:00,547,high,client_3,server_1,router_1,2,client-router-server,2.3,0.62,49,146.72,100.0,100.0,102.18,11.44,2.3,1.61,5571,5482,89,49,29.71,traffic_spike,1,0,1
2026-01-01 18:07:00,548,high,client_3,server_1,router_1,2,client-router-server,2.27,0.6,44,57.17,87.71,72.86,97.06,7.35,2.27,2.67,5594,5445,149,33,22.44,traffic_spike,1,0,1
2026-01-01 18:08:00,549,high,client_1,server_1,router_1,2,client-router-server,2.27,0.67,40,115.12,100.0,92.01,80.78,10.94,2.27,1.87,4324,4244,80,27,22.38,traffic_spike,1,0,1
2026-01-01 18:09:00,550,high,client_3,server_1,router_1,2,client-router-server,1.98,0.4,52,114.13,100.0,100.0,97.21,6.14,1.98,5.27,2636,2498,138,49,22.43,traffic_spike,1,0,1
2026-01-01 18:10:00,551,high,client_3,server_1,router_1,2,client-router-server,2.17,0.44,53,80.02,100.0,62.85,126.47,9.12,2.17,1.95,2086,2046,40,3,7.37,traffic_spike,1,0,1
2026-01-01 18:11:00,552,high,client_1,server_1,router_1,2,client-router-server,2.0,0.42,49,167.74,100.0,60.74,95.85,11.28,2.0,3.44,4821,4656,165,131,16.34,traffic_spike,1,0,1
2026-01-01 18:12:00,553,high,client_1,server_1,router_1,2,client-router-server,1.55,0.61,47,73.52,100.0,100.0,103.29,6.48,1.55,5.49,3112,2942,170,135,11.18,traffic_spike,1,0,1
2026-01-01 18:13:00,554,high,client_1,server_1,router_1,2,client-router-server,2.06,0.63,51,119.17,100.0,100.0,108.96,9.1,2.06,2.19,3226,3156,70,54,24.27,traffic_spike,1,0,1
2026-01-01 18:14:00,555,high,client_2,server_1,router_1,2,client-router-server,1.87,0.51,41,154.73,100.0,70.3,111.9,12.92,1.87,5.31,1446,1370,76,12,7.59,traffic_spike,1,0,1
2026-01-01 18:15:00,556,high,client_1,server_1,router_1,2,client-router-server,2.11,0.44,48,108.54,100.0,59.74,129.53,10.09,2.11,4.46,2054,1963,91,22,23.5,traffic_spike,1,0,1
2026-01-01 18:16:00,557,high,client_3,server_1,router_1,2,client-router-server,2.27,0.51,52,58.47,100.0,61.81,81.2,9.67,2.27,5.14,1097,1041,56,15,42.45,traffic_spike,1,0,1
2026-01-01 18:17:00,558,high,client_2,server_1,router_1,2,client-router-server,1.93,0.49,48,61.67,100.0,60.4,105.39,9.0,1.93,2.36,4635,4526,109,40,54.17,traffic_spike,1,0,1
2026-01-01 18:18:00,559,high,client_3,server_1,router_1,2,client-router-server,2.25,0.6,40,92.79,100.0,70.93,106.81,12.19,2.25,1.67,2115,2080,35,10,38.95,traffic_spike,1,0,1
2026-01-01 18:19:00,560,high,client_2,server_1,router_1,2,client-router-server,1.9,0.58,46,75.13,100.0,96.75,94.26,8.83,1.9,2.32,3966,3874,92,48,23.31,traffic_spike,1,0,1
2026-01-01 18:20:00,561,high,client_2,server_1,router_1,2,client-router-server,1.57,0.43,51,113.12,100.0,89.94,124.54,11.79,1.57,4.71,2095,1997,98,17,51.06,traffic_spike,1,0,1
2026-01-01 18:21:00,562,high,client_2,server_1,router_1,2,client-router-server,1.8,0.36,41,59.16,100.0,85.77,95.58,7.36,1.8,3.93,5414,5202,212,64,26.54,traffic_spike,1,0,1
2026-01-01 18:22:00,563,high,client_1,server_1,router_1,2,client-router-server,1.73,0.44,50,168.18,100.0,57.34,87.69,6.97,1.73,3.4,1273,1230,43,34,42.03,traffic_spike,1,0,1
2026-01-01 18:23:00,564,high,client_2,server_1,router_1,2,client-router-server,2.38,0.7,43,154.06,100.0,91.42,96.08,10.9,2.38,1.73,5986,5883,103,77,31.75,traffic_spike,1,0,1
2026-01-01 18:24:00,565,high,client_3,server_1,router_1,2,client-router-server,2.09,0.55,53,93.72,100.0,100.0,135.32,11.43,2.09,3.39,4314,4168,146,84,9.29,traffic_spike,1,0,1
2026-01-01 18:25:00,566,high,client_3,server_1,router_1,2,client-router-server,2.21,0.51,48,105.11,100.0,62.65,95.76,9.22,2.21,2.95,3336,3238,98,61,55.8,traffic_spike,1,0,1
2026-01-01 18:26:00,567,high,client_2,server_1,router_1,2,client-router-server,1.84,0.6,40,114.08,100.0,100.0,116.89,9.93,1.84,5.38,2897,2742,155,42,51.94,traffic_spike,1,0,1
2026-01-01 18:27:00,568,high,client_2,server_1,router_1,2,client-router-server,2.32,0.66,41,159.96,100.0,60.52,93.88,14.98,2.32,3.05,4136,4010,126,20,26.44,traffic_spike,1,0,1
2026-01-01 18:28:00,569,high,client_3,server_1,router_1,2,client-router-server,2.32,0.62,49,114.63,100.0,100.0,111.15,6.54,2.32,2.65,1835,1787,48,27,44.55,traffic_spike,1,0,1
2026-01-01 18:29:00,570,high,client_3,server_1,router_1,2,client-router-server,1.9,0.63,46,61.32,100.0,100.0,130.35,6.68,1.9,4.63,5220,4979,241,133,16.09,traffic_spike,1,0,1
2026-01-01 18:30:00,571,high,client_1,server_1,router_1,2,client-router-server,2.15,0.68,50,61.39,100.0,69.99,86.73,8.03,2.15,5.11,2424,2301,123,95,5.44,traffic_spike,1,0,1
2026-01-01 18:31:00,572,high,client_2,server_1,router_1,2,client-router-server,2.0,0.66,46,97.29,100.0,98.85,75.91,7.1,2.0,5.3,1000,947,53,2,6.08,traffic_spike,1,0,1
2026-01-01 18:32:00,573,high,client_3,server_1,router_1,2,client-router-server,1.97,0.4,46,102.64,100.0,100.0,127.75,10.42,1.97,4.31,1569,1502,67,50,58.51,traffic_spike,1,0,1
2026-01-01 18:33:00,574,high,client_2,server_1,router_1,2,client-router-server,1.5,0.42,51,106.56,100.0,92.62,89.17,10.48,1.5,4.91,5701,5422,279,59,24.89,traffic_spike,1,0,1
2026-01-01 18:34:00,575,high,client_1,server_1,router_1,2,client-router-server,2.39,0.63,47,90.11,100.0,55.11,102.49,13.52,2.39,5.59,3364,3176,188,34,38.33,traffic_spike,1,0,1
2026-01-01 18:35:00,576,high,client_1,server_1,router_1,2,client-router-server,1.55,0.55,48,57.29,100.0,100.0,73.11,10.6,1.55,5.58,1161,1097,64,28,21.28,traffic_spike,1,0,1
2026-01-01 18:36:00,577,high,client_2,server_1,router_1,2,client-router-server,1.82,0.56,44,118.25,100.0,100.0,134.32,4.46,1.82,2.42,3612,3525,87,87,17.44,traffic_spike,1,0,1
2026-01-01 18:37:00,578,high,client_2,server_1,router_1,2,client-router-server,1.57,0.55,42,61.72,100.0,100.0,114.61,6.8,1.57,1.98,4345,4259,86,49,34.05,traffic_spike,1,0,1
2026-01-01 18:38:00,579,high,client_1,server_1,router_1,2,client-router-server,2.37,0.48,43,121.95,100.0,95.34,100.24,6.71,2.37,3.87,4384,4215,169,55,53.79,traffic_spike,1,0,1
2026-01-01 18:39:00,580,high,client_2,server_1,router_1,2,client-router-server,1.64,0.67,50,122.22,100.0,96.96,109.06,9.11,1.64,4.16,2058,1973,85,41,15.52,traffic_spike,1,0,1
2026-01-01 18:40:00,581,high,client_3,server_1,router_1,2,client-router-server,2.27,0.56,45,70.51,100.0,69.01,114.93,8.16,2.27,4.31,3098,2965,133,92,42.29,traffic_spike,1,0,1
2026-01-01 18:41:00,582,high,client_1,server_1,router_1,2,client-router-server,1.57,0.68,44,91.12,100.0,94.79,83.3,9.67,1.57,4.34,4518,4322,196,5,51.62,traffic_spike,1,0,1
2026-01-01 18:42:00,583,high,client_1,server_1,router_1,2,client-router-server,2.38,0.45,42,158.23,100.0,78.51,99.66,7.17,2.38,1.68,3329,3274,55,35,28.74,traffic_spike,1,0,1
2026-01-01 18:43:00,584,high,client_2,server_1,router_1,2,client-router-server,2.44,0.36,50,165.61,100.0,100.0,82.8,13.04,2.44,4.4,3320,3174,146,24,30.3,traffic_spike,1,0,1
2026-01-01 18:44:00,585,high,client_2,server_1,router_1,2,client-router-server,2.12,0.52,47,78.76,100.0,100.0,98.8,7.21,2.12,5.95,3057,2876,181,173,33.4,traffic_spike,1,0,1
2026-01-01 18:45:00,586,high,client_3,server_1,router_1,2,client-router-server,2.28,0.57,43,90.0,100.0,100.0,136.29,10.88,2.28,5.49,1676,1584,92,59,53.21,traffic_spike,1,0,1
2026-01-01 18:46:00,587,high,client_1,server_1,router_1,2,client-router-server,1.81,0.51,44,98.11,100.0,50.51,126.54,8.51,1.81,2.62,3808,3709,99,27,35.04,traffic_spike,1,0,1
2026-01-01 18:47:00,588,high,client_3,server_1,router_1,2,client-router-server,2.2,0.61,44,71.43,100.0,100.0,130.63,7.91,2.2,5.03,2727,2590,137,116,17.96,traffic_spike,1,0,1
2026-01-01 18:48:00,589,high,client_3,server_1,router_1,2,client-router-server,1.5,0.61,42,152.92,100.0,100.0,87.96,11.94,1.5,5.77,1460,1376,84,77,58.78,traffic_spike,1,0,1
2026-01-01 18:49:00,590,high,client_1,server_1,router_1,2,client-router-server,1.71,0.37,48,82.33,100.0,100.0,126.99,9.43,1.71,2.74,2784,2708,76,4,25.0,traffic_spike,1,0,1
2026-01-01 18:50:00,591,high,client_3,server_1,router_1,2,client-router-server,2.3,0.53,40,148.93,100.0,52.87,101.17,5.98,2.3,4.78,4311,4105,206,128,21.05,traffic_spike,1,0,1
2026-01-01 18:51:00,592,high,client_2,server_1,router_1,2,client-router-server,1.66,0.55,45,109.12,100.0,82.51,93.81,7.48,1.66,4.62,3402,3245,157,79,58.29,traffic_spike,1,0,1
2026-01-01 18:52:00,593,high,client_2,server_1,router_1,2,client-router-server,1.71,0.37,47,84.25,100.0,59.13,90.37,9.75,1.71,2.12,2417,2366,51,5,28.34,traffic_spike,1,0,1
2026-01-01 18:53:00,594,high,client_2,server_1,router_1,2,client-router-server,2.48,0.51,42,76.79,100.0,81.51,114.54,4.4,2.48,5.62,3606,3404,202,116,53.47,traffic_spike,1,0,1
2026-01-01 18:54:00,595,high,client_1,server_1,router_1,2,client-router-server,2.09,0.51,41,63.98,100.0,99.78,84.88,5.4,2.09,1.81,3877,3807,70,26,17.0,traffic_spike,1,0,1
2026-01-01 18:55:00,596,high,client_3,server_1,router_1,2,client-router-server,2.15,0.63,44,166.29,100.0,100.0,120.2,11.9,2.15,3.1,4531,4391,140,91,21.5,traffic_spike,1,0,1
2026-01-01 18:56:00,597,high,client_2,server_1,router_1,2,client-router-server,2.49,0.68,53,167.45,100.0,94.57,107.71,10.24,2.49,4.38,5179,4953,226,82,59.97,traffic_spike,1,0,1
2026-01-01 18:57:00,598,high,client_2,server_1,router_1,2,client-router-server,2.14,0.46,50,145.25,100.0,58.88,101.45,10.18,2.14,3.89,1172,1127,45,29,22.23,traffic_spike,1,0,1
2026-01-01 18:58:00,599,high,client_1,server_1,router_1,2,client-router-server,2.27,0.66,41,158.77,100.0,56.78,95.92,8.66,2.27,3.95,4288,4119,169,155,53.01,traffic_spike,1,0,1
2026-01-01 18:59:00,600,high,client_1,server_1,router_1,2,client-router-server,1.56,0.39,45,117.7,100.0,85.2,125.41,12.57,1.56,5.21,4396,4167,229,129,16.76,traffic_spike,1,0,1
2026-01-01 19:00:00,601,high,client_2,server_1,router_1,2,client-router-server,1.56,0.44,42,123.69,100.0,94.73,137.36,10.87,1.56,4.96,5997,5700,297,5,23.88,traffic_spike,1,0,1
2026-01-01 19:01:00,602,high,client_1,server_1,router_1,2,client-router-server,1.63,0.52,53,98.93,100.0,54.7,118.32,7.77,1.63,4.12,2073,1988,85,85,18.6,traffic_spike,1,0,1
2026-01-01 19:02:00,603,high,client_1,server_1,router_1,2,client-router-server,2.28,0.56,40,165.34,100.0,100.0,95.58,9.55,2.28,2.31,2661,2600,61,55,21.46,traffic_spike,1,0,1
2026-01-01 19:03:00,604,high,client_3,server_1,router_1,2,client-router-server,2.46,0.63,40,91.65,100.0,100.0,75.71,9.64,2.46,4.82,3292,3134,158,101,16.52,traffic_spike,1,0,1
2026-01-01 19:04:00,605,high,client_1,server_1,router_1,2,client-router-server,2.23,0.48,48,136.46,100.0,95.64,108.77,12.1,2.23,2.44,3617,3529,88,38,55.71,traffic_spike,1,0,1
2026-01-01 19:05:00,606,high,client_1,server_1,router_1,2,client-router-server,1.6,0.63,41,111.0,100.0,100.0,70.25,13.0,1.6,2.37,2933,2864,69,45,40.82,traffic_spike,1,0,1
2026-01-01 19:06:00,607,high,client_2,server_1,router_1,2,client-router-server,2.35,0.59,44,131.84,100.0,100.0,77.67,10.99,2.35,4.61,3211,3063,148,49,27.5,traffic_spike,1,0,1
2026-01-01 19:07:00,608,high,client_1,server_1,router_1,2,client-router-server,2.44,0.61,41,82.46,100.0,93.1,107.32,5.87,2.44,2.1,4609,4513,96,68,51.76,traffic_spike,1,0,1
2026-01-01 19:08:00,609,high,client_2,server_1,router_1,2,client-router-server,2.04,0.66,50,165.19,100.0,59.25,92.89,8.66,2.04,1.53,1445,1423,22,13,46.66,traffic_spike,1,0,1
2026-01-01 19:09:00,610,high,client_1,server_1,router_1,2,client-router-server,2.25,0.57,45,72.08,100.0,69.86,127.13,11.09,2.25,4.7,4322,4119,203,112,31.88,traffic_spike,1,0,1
2026-01-01 19:10:00,611,high,client_1,server_1,router_1,2,client-router-server,2.47,0.51,51,154.89,100.0,79.11,116.49,10.07,2.47,3.7,5250,5056,194,65,14.19,traffic_spike,1,0,1
2026-01-01 19:11:00,612,high,client_3,server_1,router_1,2,client-router-server,1.73,0.58,45,164.48,100.0,73.63,112.91,9.7,1.73,5.9,4435,4174,261,260,51.16,traffic_spike,1,0,1
2026-01-01 19:12:00,613,high,client_3,server_1,router_1,2,client-router-server,2.35,0.42,43,75.37,100.0,65.48,64.93,10.79,2.35,5.7,4240,3999,241,163,36.85,traffic_spike,1,0,1
2026-01-01 19:13:00,614,high,client_3,server_1,router_1,2,client-router-server,2.43,0.59,44,102.72,100.0,73.76,126.47,13.43,2.43,4.78,2494,2375,119,100,9.54,traffic_spike,1,0,1
2026-01-01 19:14:00,615,high,client_3,server_1,router_1,2,client-router-server,1.55,0.54,50,72.07,100.0,50.85,70.69,9.32,1.55,5.85,2537,2389,148,57,42.28,traffic_spike,1,0,1
2026-01-01 19:15:00,616,high,client_3,server_1,router_1,2,client-router-server,2.27,0.55,43,113.96,100.0,100.0,125.57,5.76,2.27,4.77,2624,2499,125,51,25.77,traffic_spike,1,0,1
2026-01-01 19:16:00,617,high,client_3,server_1,router_1,2,client-router-server,2.01,0.66,52,77.72,100.0,100.0,113.14,10.12,2.01,4.63,1935,1846,89,28,44.04,traffic_spike,1,0,1
2026-01-01 19:17:00,618,high,client_2,server_1,router_1,2,client-router-server,2.2,0.54,52,84.63,100.0,84.86,80.26,12.46,2.2,5.42,2712,2566,146,22,32.69,traffic_spike,1,0,1
2026-01-01 19:18:00,619,high,client_3,server_1,router_1,2,client-router-server,1.9,0.45,46,69.31,100.0,70.96,119.7,12.29,1.9,1.94,1920,1883,37,24,33.09,traffic_spike,1,0,1
2026-01-01 19:19:00,620,high,client_2,server_1,router_1,2,client-router-server,2.49,0.49,47,48.03,100.0,57.97,126.3,11.09,2.49,1.64,4041,3975,66,34,59.31,traffic_spike,1,0,1
2026-01-01 19:20:00,621,high,client_1,server_1,router_1,2,client-router-server,2.18,0.68,42,159.75,100.0,100.0,138.33,11.99,2.18,5.12,2640,2505,135,131,18.65,traffic_spike,1,0,1
2026-01-01 19:21:00,622,high,client_2,server_1,router_1,2,client-router-server,1.8,0.64,42,143.83,100.0,79.54,89.06,8.53,1.8,2.2,2750,2690,60,54,7.9,traffic_spike,1,0,1
2026-01-01 19:22:00,623,high,client_2,server_1,router_1,2,client-router-server,1.93,0.45,47,95.27,100.0,100.0,95.48,8.84,1.93,2.73,2789,2713,76,29,47.55,traffic_spike,1,0,1
2026-01-01 19:23:00,624,high,client_1,server_1,router_1,2,client-router-server,2.34,0.68,44,99.81,100.0,100.0,84.33,9.34,2.34,2.24,3345,3271,74,28,55.92,traffic_spike,1,0,1
2026-01-01 19:24:00,625,high,client_2,server_1,router_1,2,client-router-server,1.55,0.62,50,122.65,100.0,55.88,112.52,12.04,1.55,3.82,3162,3042,120,113,50.43,traffic_spike,1,0,1
2026-01-01 19:25:00,626,high,client_2,server_1,router_1,2,client-router-server,2.42,0.49,48,172.93,100.0,50.23,64.48,4.19,2.42,4.28,1939,1857,82,70,59.18,traffic_spike,1,0,1
2026-01-01 19:26:00,627,high,client_3,server_1,router_1,2,client-router-server,2.0,0.38,47,165.09,100.0,98.06,119.56,9.72,2.0,4.0,1171,1125,46,22,46.33,traffic_spike,1,0,1
2026-01-01 19:27:00,628,high,client_1,server_1,router_1,2,client-router-server,2.08,0.46,49,150.15,100.0,98.88,107.17,9.96,2.08,5.31,3364,3186,178,43,26.48,traffic_spike,1,0,1
2026-01-01 19:28:00,629,high,client_1,server_1,router_1,2,client-router-server,1.58,0.55,47,83.69,100.0,61.65,109.91,14.05,1.58,3.76,2791,2687,104,83,30.31,traffic_spike,1,0,1
2026-01-01 19:29:00,630,high,client_1,server_1,router_1,2,client-router-server,1.78,0.62,51,77.1,100.0,88.96,136.46,5.13,1.78,5.41,3090,2923,167,102,7.01,traffic_spike,1,0,1
2026-01-01 19:30:00,631,high,client_1,server_1,router_1,2,client-router-server,2.15,0.35,48,121.1,100.0,100.0,114.78,11.71,2.15,5.42,3743,3541,202,13,33.16,traffic_spike,1,0,1
2026-01-01 19:31:00,632,high,client_2,server_1,router_1,2,client-router-server,2.43,0.61,46,95.87,100.0,100.0,95.13,11.4,2.43,5.88,1377,1297,80,49,19.9,traffic_spike,1,0,1
2026-01-01 19:32:00,633,high,client_3,server_1,router_1,2,client-router-server,2.35,0.68,42,74.06,100.0,87.3,131.2,9.53,2.35,1.85,4429,4348,81,36,58.13,traffic_spike,1,0,1
2026-01-01 19:33:00,634,high,client_3,server_1,router_1,2,client-router-server,1.65,0.47,44,53.74,100.0,76.57,89.83,10.49,1.65,3.75,2197,2115,82,59,12.88,traffic_spike,1,0,1
2026-01-01 19:34:00,635,high,client_2,server_1,router_1,2,client-router-server,1.88,0.57,44,139.3,100.0,100.0,139.05,11.77,1.88,1.76,1840,1808,32,27,13.89,traffic_spike,1,0,1
2026-01-01 19:35:00,636,high,client_2,server_1,router_1,2,client-router-server,2.0,0.63,47,143.68,100.0,100.0,73.69,8.49,2.0,2.7,3290,3202,88,65,18.46,traffic_spike,1,0,1
2026-01-01 19:36:00,637,high,client_3,server_1,router_1,2,client-router-server,2.22,0.61,53,154.38,100.0,100.0,105.21,11.44,2.22,3.55,5314,5126,188,154,23.31,traffic_spike,1,0,1
2026-01-01 19:37:00,638,high,client_2,server_1,router_1,2,client-router-server,1.72,0.67,49,101.1,100.0,65.89,90.53,7.2,1.72,4.03,1176,1129,47,15,48.16,traffic_spike,1,0,1
2026-01-01 19:38:00,639,high,client_3,server_1,router_1,2,client-router-server,1.87,0.61,51,91.32,100.0,94.95,138.61,15.09,1.87,5.28,4219,3997,222,136,15.98,traffic_spike,1,0,1
2026-01-01 19:39:00,640,high,client_1,server_1,router_1,2,client-router-server,1.57,0.47,50,69.42,100.0,87.67,105.65,11.93,1.57,5.02,1322,1256,66,32,51.02,traffic_spike,1,0,1
2026-01-01 19:40:00,641,high,client_2,server_1,router_1,2,client-router-server,2.19,0.66,46,85.95,100.0,64.68,76.59,11.95,2.19,2.01,2171,2128,43,42,49.6,traffic_spike,1,0,1
2026-01-01 19:41:00,642,high,client_1,server_1,router_1,2,client-router-server,2.26,0.55,53,53.24,79.8,52.8,85.69,12.13,2.26,3.08,3475,3368,107,82,34.54,traffic_spike,1,0,1
2026-01-01 19:42:00,643,high,client_3,server_1,router_1,2,client-router-server,2.42,0.47,51,78.63,100.0,66.22,86.7,10.34,2.42,5.15,5049,4789,260,241,43.96,traffic_spike,1,0,1
2026-01-01 19:43:00,644,high,client_1,server_1,router_1,2,client-router-server,2.33,0.58,41,65.39,100.0,93.34,130.83,4.73,2.33,1.57,4885,4809,76,34,44.24,traffic_spike,1,0,1
2026-01-01 19:44:00,645,high,client_2,server_1,router_1,2,client-router-server,2.21,0.46,40,166.93,100.0,55.48,128.9,13.5,2.21,3.92,4370,4199,171,148,28.24,traffic_spike,1,0,1
2026-01-01 19:45:00,646,high,client_1,server_1,router_1,2,client-router-server,2.06,0.61,48,154.42,100.0,88.42,115.82,9.31,2.06,2.62,2926,2850,76,55,46.23,traffic_spike,1,0,1
2026-01-01 19:46:00,647,high,client_1,server_1,router_1,2,client-router-server,2.44,0.39,51,95.04,100.0,97.13,74.78,7.21,2.44,5.56,3617,3416,201,137,10.92,traffic_spike,1,0,1
2026-01-01 19:47:00,648,high,client_1,server_1,router_1,2,client-router-server,2.1,0.67,40,104.09,100.0,60.58,128.62,9.66,2.1,5.69,5017,4732,285,258,36.87,traffic_spike,1,0,1
2026-01-01 19:48:00,649,high,client_2,server_1,router_1,2,client-router-server,1.71,0.43,51,138.04,100.0,52.93,124.05,7.35,1.71,4.2,1614,1547,67,0,31.44,traffic_spike,1,0,1
2026-01-01 19:49:00,650,high,client_3,server_1,router_1,2,client-router-server,2.35,0.53,52,72.42,100.0,84.84,136.73,7.5,2.35,1.66,3531,3473,58,17,11.8,traffic_spike,1,0,1
2026-01-01 19:50:00,651,high,client_3,server_1,router_1,2,client-router-server,1.75,0.52,43,92.95,100.0,84.0,76.51,8.99,1.75,5.13,5496,5215,281,134,31.16,traffic_spike,1,0,1
2026-01-01 19:51:00,652,high,client_1,server_1,router_1,2,client-router-server,2.14,0.62,43,81.39,100.0,92.21,94.63,12.97,2.14,1.92,2966,2910,56,47,37.6,normal,1,0,1
2026-01-01 19:52:00,653,high,client_3,server_1,router_1,2,client-router-server,2.47,0.37,52,57.46,100.0,51.97,112.72,9.17,2.47,2.15,5971,5843,128,99,16.18,normal,1,0,1
2026-01-01 19:53:00,654,high,client_2,server_1,router_1,2,client-router-server,1.79,0.67,52,54.42,100.0,100.0,102.8,13.21,1.79,5.25,4399,4169,230,22,42.94,normal,1,0,1
2026-01-01 19:54:00,655,high,client_3,server_1,router_1,2,client-router-server,2.46,0.59,48,65.65,93.44,100.0,87.09,11.01,2.46,4.4,1721,1646,75,7,57.21,normal,1,0,1
2026-01-01 19:55:00,656,high,client_2,server_1,router_1,2,client-router-server,2.23,0.46,41,33.96,54.83,62.76,68.87,4.85,2.23,0.19,5567,5557,10,2,51.47,normal,1,0,0
2026-01-01 19:56:00,657,high,client_1,server_1,router_1,2,client-router-server,2.33,0.37,45,109.94,100.0,100.0,91.7,15.02,2.33,5.21,5619,5327,292,12,25.54,normal,1,0,1
2026-01-01 19:57:00,658,high,client_2,server_1,router_1,2,client-router-server,2.16,0.5,50,89.38,100.0,100.0,71.01,9.66,2.16,4.92,1179,1121,58,56,33.8,normal,1,0,1
2026-01-01 19:58:00,659,high,client_3,server_1,router_1,2,client-router-server,1.89,0.59,53,77.02,100.0,100.0,106.55,5.47,1.89,2.54,5521,5381,140,13,52.39,normal,1,0,1
2026-01-01 19:59:00,660,high,client_1,server_1,router_1,2,client-router-server,1.52,0.38,40,57.41,100.0,100.0,92.24,5.96,1.52,5.36,2424,2295,129,119,22.06,normal,1,0,1
2026-01-01 20:00:00,661,high,client_2,server_1,router_1,2,client-router-server,2.44,0.45,47,110.71,100.0,87.16,79.15,15.08,2.44,2.69,3552,3457,95,28,23.79,normal,1,0,1
2026-01-01 20:01:00,662,high,client_3,server_1,router_1,2,client-router-server,2.25,0.42,44,75.55,100.0,90.06,126.86,12.76,2.25,3.54,4446,4289,157,75,44.79,normal,1,0,1
2026-01-01 20:02:00,663,high,client_1,server_1,router_1,2,client-router-server,2.4,0.35,40,50.66,67.05,64.74,92.86,7.84,2.4,1.28,5206,5140,66,44,17.99,normal,1,0,1
2026-01-01 20:03:00,664,high,client_2,server_1,router_1,2,client-router-server,2.34,0.42,42,80.58,100.0,100.0,111.76,10.85,2.34,5.84,3060,2882,178,61,29.38,normal,1,0,1
2026-01-01 20:04:00,665,high,client_1,server_1,router_1,2,client-router-server,2.11,0.35,41,58.05,100.0,87.13,119.3,11.01,2.11,4.99,1485,1411,74,20,54.03,normal,1,0,1
2026-01-01 20:05:00,666,high,client_3,server_1,router_1,2,client-router-server,1.8,0.49,40,66.23,100.0,100.0,117.27,10.05,1.8,4.17,2508,2404,104,99,45.87,normal,1,0,1
2026-01-01 20:06:00,667,high,client_1,server_1,router_1,2,client-router-server,2.44,0.35,48,49.71,69.22,55.68,79.32,5.73,2.44,0.65,5148,5115,33,14,20.1,normal,1,0,0
2026-01-01 20:07:00,668,high,client_2,server_1,router_1,2,client-router-server,1.92,0.6,52,45.97,77.57,78.75,87.27,9.21,1.92,1.1,2979,2947,32,19,50.78,normal,1,0,1
2026-01-01 20:08:00,669,high,client_2,server_1,router_1,2,client-router-server,1.72,0.63,43,48.65,100.0,100.0,125.03,10.97,1.72,1.96,2075,2035,40,34,25.66,normal,1,0,1
2026-01-01 20:09:00,670,high,client_3,server_1,router_1,2,client-router-server,2.4,0.57,42,49.5,100.0,52.3,82.36,9.42,2.4,3.0,5366,5206,160,58,23.9,normal,1,0,1
2026-01-01 20:10:00,671,high,client_1,server_1,router_1,2,client-router-server,1.77,0.57,42,86.34,100.0,87.14,101.8,12.8,1.77,4.66,2117,2019,98,29,24.05,normal,1,0,1
2026-01-01 20:11:00,672,high,client_3,server_1,router_1,2,client-router-server,1.93,0.52,40,85.47,100.0,94.52,109.88,13.36,1.93,2.84,2904,2822,82,35,53.14,normal,1,0,1
2026-01-01 20:12:00,673,high,client_3,server_1,router_1,2,client-router-server,2.12,0.63,49,107.02,100.0,100.0,122.06,8.42,2.12,5.19,4020,3812,208,20,50.97,normal,1,0,1
2026-01-01 20:13:00,674,high,client_3,server_1,router_1,2,client-router-server,2.31,0.53,50,76.75,100.0,63.21,114.42,4.39,2.31,4.31,3962,3792,170,145,35.93,normal,1,0,1
2026-01-01 20:14:00,675,high,client_1,server_1,router_1,2,client-router-server,1.79,0.37,51,66.24,100.0,84.47,133.52,5.36,1.79,5.66,1172,1106,66,29,58.92,normal,1,0,1
2026-01-01 20:15:00,676,high,client_1,server_1,router_1,2,client-router-server,2.11,0.67,52,81.64,100.0,95.0,69.87,11.26,2.11,3.61,2378,2293,85,9,51.85,normal,1,0,1
2026-01-01 20:16:00,677,high,client_2,server_1,router_1,2,client-router-server,1.79,0.4,48,63.97,100.0,73.35,85.75,9.34,1.79,5.56,3904,3687,217,5,48.6,normal,1,0,1
2026-01-01 20:17:00,678,high,client_1,server_1,router_1,2,client-router-server,2.06,0.64,48,50.44,100.0,55.61,127.45,11.06,2.06,2.97,1236,1200,36,31,17.42,normal,1,0,1
2026-01-01 20:18:00,679,high,client_1,server_1,router_1,2,client-router-server,1.85,0.42,47,44.87,100.0,87.38,97.91,9.12,1.85,4.92,5448,5180,268,227,14.75,normal,1,0,1
2026-01-01 20:19:00,680,high,client_1,server_1,router_1,2,client-router-server,2.25,0.54,43,80.86,100.0,71.85,82.68,9.98,2.25,5.85,2310,2175,135,97,24.39,normal,1,0,1
2026-01-01 20:20:00,681,high,client_3,server_1,router_1,2,client-router-server,1.55,0.59,42,58.07,100.0,100.0,78.45,9.58,1.55,4.41,1195,1143,52,52,22.92,normal,1,0,1
2026-01-01 20:21:00,682,high,client_1,server_1,router_1,2,client-router-server,2.21,0.54,44,55.42,100.0,84.17,121.03,8.34,2.21,4.14,3294,3158,136,127,59.58,normal,1,0,1
2026-01-01 20:22:00,683,high,client_3,server_1,router_1,2,client-router-server,2.22,0.44,52,110.72,100.0,60.1,115.19,11.15,2.22,4.75,1777,1693,84,29,16.91,normal,1,0,1
2026-01-01 20:23:00,684,high,client_1,server_1,router_1,2,client-router-server,1.67,0.58,52,91.37,100.0,72.55,117.36,10.6,1.67,2.81,3172,3083,89,14,52.01,normal,1,0,1
2026-01-01 20:24:00,685,high,client_2,server_1,router_1,2,client-router-server,1.56,0.54,47,94.73,100.0,67.62,72.98,12.13,1.56,5.94,4512,4244,268,212,24.84,normal,1,0,1
2026-01-01 20:25:00,686,high,client_2,server_1,router_1,2,client-router-server,2.09,0.55,51,41.77,100.0,100.0,82.64,11.52,2.09,4.46,4370,4176,194,89,52.11,normal,1,0,1
2026-01-01 20:26:00,687,high,client_3,server_1,router_1,2,client-router-server,1.93,0.38,42,104.95,100.0,65.88,121.4,11.08,1.93,5.31,2889,2736,153,126,11.17,normal,1,0,1
2026-01-01 20:27:00,688,high,client_2,server_1,router_1,2,client-router-server,2.36,0.37,43,34.88,80.27,58.6,65.41,3.58,2.36,2.95,4215,4091,124,27,13.21,normal,1,0,0
2026-01-01 20:28:00,689,high,client_1,server_1,router_1,2,client-router-server,2.5,0.44,46,61.72,100.0,68.49,84.09,6.76,2.5,2.53,1814,1769,45,25,5.89,normal,1,0,1
2026-01-01 20:29:00,690,high,client_1,server_1,router_1,2,client-router-server,1.96,0.63,42,105.99,100.0,50.26,74.88,12.38,1.96,2.7,4204,4091,113,35,31.15,normal,1,0,1
2026-01-01 20:30:00,691,high,client_1,server_1,router_1,2,client-router-server,2.37,0.68,45,57.08,100.0,61.47,69.66,6.17,2.37,5.11,4388,4164,224,116,51.49,normal,1,0,1
2026-01-01 20:31:00,692,high,client_3,server_1,router_1,2,client-router-server,2.43,0.58,49,105.43,100.0,54.31,75.46,4.01,2.43,3.24,2166,2096,70,15,43.61,normal,1,0,1
2026-01-01 20:32:00,693,high,client_3,server_1,router_1,2,client-router-server,2.09,0.49,52,113.37,100.0,70.89,98.24,8.3,2.09,2.76,2833,2755,78,56,45.22,normal,1,0,1
2026-01-01 20:33:00,694,high,client_2,server_1,router_1,2,client-router-server,1.96,0.68,49,44.12,81.07,86.69,73.65,9.89,1.96,3.04,1316,1276,40,29,37.42,normal,1,0,0
2026-01-01 20:34:00,695,high,client_1,server_1,router_1,2,client-router-server,2.32,0.39,43,92.74,100.0,100.0,103.17,7.66,2.32,4.32,2810,2689,121,79,15.18,normal,1,0,1
2026-01-01 20:35:00,696,high,client_2,server_1,router_1,2,client-router-server,1.88,0.63,48,98.89,100.0,100.0,110.15,7.66,1.88,4.83,1392,1325,67,45,51.47,normal,1,0,1
2026-01-01 20:36:00,697,high,client_3,server_1,router_1,2,client-router-server,2.28,0.65,49,69.15,100.0,74.02,134.28,5.02,2.28,4.27,5852,5603,249,41,37.2,normal,1,0,1
2026-01-01 20:37:00,698,high,client_2,server_1,router_1,2,client-router-server,1.6,0.66,52,117.31,100.0,100.0,133.54,11.57,1.6,1.68,2087,2052,35,25,34.68,normal,1,0,1
2026-01-01 20:38:00,699,high,client_1,server_1,router_1,2,client-router-server,2.24,0.51,50,96.9,100.0,79.94,109.63,10.88,2.24,2.08,1093,1071,22,0,48.47,normal,1,0,1
2026-01-01 20:39:00,700,high,client_2,server_1,router_1,2,client-router-server,1.78,0.35,40,59.03,100.0,100.0,86.2,6.81,1.78,1.8,2222,2183,39,34,40.51,normal,1,0,1
2026-01-01 20:40:00,701,high,client_3,server_1,router_1,2,client-router-server,1.98,0.49,47,89.57,100.0,90.65,103.31,12.17,1.98,2.06,4061,3978,83,53,43.84,normal,1,0,1
2026-01-01 20:41:00,702,high,client_2,server_1,router_1,2,client-router-server,1.5,0.49,40,104.85,100.0,89.27,77.99,10.42,1.5,2.85,4548,4419,129,21,58.48,normal,1,0,1
2026-01-01 20:42:00,703,high,client_1,server_1,router_1,2,client-router-server,1.93,0.55,47,87.81,100.0,62.82,90.8,14.7,1.93,2.84,5341,5190,151,51,15.84,normal,1,0,1
2026-01-01 20:43:00,704,high,client_1,server_1,router_1,2,client-router-server,2.12,0.66,50,88.73,100.0,63.11,90.3,9.92,2.12,4.95,3992,3795,197,114,29.44,normal,1,0,1
2026-01-01 20:44:00,705,high,client_1,server_1,router_1,2,client-router-server,2.05,0.61,47,50.45,99.61,53.66,108.14,11.95,2.05,4.71,3457,3295,162,119,13.49,normal,1,0,1
2026-01-01 20:45:00,706,high,client_1,server_1,router_1,2,client-router-server,2.19,0.49,46,63.21,100.0,91.1,97.12,12.95,2.19,5.56,5949,5619,330,39,43.59,normal,1,0,1
2026-01-01 20:46:00,707,high,client_1,server_1,router_1,2,client-router-server,2.23,0.36,47,58.15,83.03,95.26,115.6,8.98,2.23,2.13,1429,1399,30,5,13.81,normal,1,0,1
2026-01-01 20:47:00,708,high,client_1,server_1,router_1,2,client-router-server,1.63,0.49,51,87.14,100.0,59.55,85.97,4.44,1.63,2.9,3129,3039,90,43,41.0,normal,1,0,1
2026-01-01 20:48:00,709,high,client_3,server_1,router_1,2,client-router-server,2.39,0.44,50,49.26,75.79,51.57,93.76,10.88,2.39,1.02,5662,5605,57,50,27.15,normal,1,0,1
2026-01-01 20:49:00,710,high,client_1,server_1,router_1,2,client-router-server,2.28,0.49,45,83.55,100.0,100.0,109.23,11.04,2.28,5.73,5910,5572,338,335,53.13,normal,1,0,1
2026-01-01 20:50:00,711,high,client_3,server_1,router_1,2,client-router-server,2.47,0.43,49,96.23,100.0,100.0,116.45,9.74,2.47,2.79,1082,1052,30,12,10.56,normal,1,0,1
2026-01-01 20:51:00,712,high,client_1,server_1,router_1,2,client-router-server,2.03,0.4,48,73.02,100.0,81.7,108.32,13.07,2.03,3.37,5482,5298,184,29,35.36,normal,1,0,1
2026-01-01 20:52:00,713,high,client_2,server_1,router_1,2,client-router-server,1.56,0.53,41,39.04,84.7,48.55,92.7,7.22,1.56,2.96,4153,4031,122,90,34.29,normal,1,0,1
2026-01-01 20:53:00,714,high,client_3,server_1,router_1,2,client-router-server,2.1,0.6,45,70.8,100.0,100.0,125.72,11.11,2.1,3.01,5434,5271,163,127,23.31,normal,1,0,1
2026-01-01 20:54:00,715,high,client_3,server_1,router_1,2,client-router-server,2.23,0.52,51,97.52,100.0,62.64,121.12,11.87,2.23,2.53,4789,4668,121,93,46.89,normal,1,0,1
2026-01-01 20:55:00,716,high,client_1,server_1,router_1,2,client-router-server,2.4,0.39,48,30.7,51.48,60.12,49.6,9.38,2.4,0.14,6000,5992,8,4,39.96,normal,1,0,0
2026-01-01 20:56:00,717,high,client_1,server_1,router_1,2,client-router-server,1.71,0.59,53,51.8,100.0,50.98,122.75,11.97,1.71,5.9,4073,3833,240,44,43.3,normal,1,0,1
2026-01-01 20:57:00,718,high,client_1,server_1,router_1,2,client-router-server,2.12,0.46,44,79.99,100.0,61.71,68.87,11.92,2.12,2.77,4984,4846,138,56,14.29,normal,1,0,1
2026-01-01 20:58:00,719,high,client_3,server_1,router_1,2,client-router-server,1.92,0.63,50,53.77,100.0,63.29,68.69,5.86,1.92,4.78,2260,2152,108,32,58.97,normal,1,0,1
2026-01-01 20:59:00,720,high,client_3,server_1,router_1,2,client-router-server,1.55,0.42,46,111.24,100.0,99.85,119.51,5.27,1.55,3.23,2014,1949,65,57,13.58,normal,1,0,1
2026-01-01 21:00:00,721,high,client_1,server_1,router_1,2,client-router-server,2.31,0.46,46,85.95,100.0,65.9,117.33,10.0,2.31,1.53,1842,1814,28,25,48.42,normal,1,0,1
2026-01-01 21:01:00,722,high,client_1,server_1,router_1,2,client-router-server,1.63,0.36,48,112.33,100.0,64.15,104.16,8.6,1.63,2.43,3072,2998,74,41,48.34,normal,1,0,1
2026-01-01 21:02:00,723,high,client_3,server_1,router_1,2,client-router-server,1.66,0.5,48,60.97,100.0,52.44,70.25,10.83,1.66,3.01,4024,3903,121,105,11.43,normal,1,0,1
2026-01-01 21:03:00,724,high,client_3,server_1,router_1,2,client-router-server,2.04,0.6,42,75.31,100.0,100.0,78.36,9.57,2.04,5.75,4482,4225,257,100,58.33,normal,1,0,1
2026-01-01 21:04:00,725,high,client_3,server_1,router_1,2,client-router-server,1.86,0.41,47,102.81,100.0,100.0,76.69,7.04,1.86,5.94,3855,3627,228,81,48.14,normal,1,0,1
2026-01-01 21:05:00,726,high,client_1,server_1,router_1,2,client-router-server,2.26,0.44,41,45.02,76.66,59.67,58.5,7.01,2.26,2.52,4634,4518,116,96,10.75,normal,1,0,0
2026-01-01 21:06:00,727,high,client_1,server_1,router_1,2,client-router-server,2.04,0.46,53,41.99,100.0,54.7,79.84,12.26,2.04,4.52,3076,2937,139,115,39.1,normal,1,0,1
2026-01-01 21:07:00,728,high,client_2,server_1,router_1,2,client-router-server,2.0,0.46,44,103.02,100.0,87.85,129.56,12.34,2.0,5.78,1359,1281,78,49,36.56,normal,1,0,1
2026-01-01 21:08:00,729,high,client_3,server_1,router_1,2,client-router-server,2.04,0.63,52,78.87,100.0,90.46,111.6,14.03,2.04,2.87,1009,981,28,12,7.13,normal,1,0,1
2026-01-01 21:09:00,730,high,client_3,server_1,router_1,2,client-router-server,1.87,0.42,52,108.4,100.0,74.18,109.9,7.13,1.87,4.08,1007,966,41,31,30.57,normal,1,0,1
2026-01-01 21:10:00,731,high,client_3,server_1,router_1,2,client-router-server,1.52,0.47,48,100.87,100.0,65.43,77.28,11.15,1.52,3.52,5623,5426,197,126,36.8,normal,1,0,1
2026-01-01 21:11:00,732,high,client_3,server_1,router_1,2,client-router-server,2.44,0.53,44,49.26,100.0,91.16,75.51,6.81,2.44,5.65,3928,3707,221,133,46.64,normal,1,0,1
2026-01-01 21:12:00,733,high,client_2,server_1,router_1,2,client-router-server,1.52,0.46,52,93.15,100.0,79.57,99.95,4.82,1.52,4.52,3671,3506,165,77,40.83,normal,1,0,1
2026-01-01 21:13:00,734,high,client_3,server_1,router_1,2,client-router-server,1.8,0.52,52,58.48,100.0,55.12,108.53,8.49,1.8,1.92,1837,1802,35,15,53.95,normal,1,0,1
2026-01-01 21:14:00,735,high,client_3,server_1,router_1,2,client-router-server,2.44,0.36,53,89.25,100.0,73.44,71.36,10.82,2.44,3.27,5042,4878,164,44,8.14,normal,1,0,1
2026-01-01 21:15:00,736,high,client_3,server_1,router_1,2,client-router-server,1.51,0.42,42,112.39,100.0,51.44,71.36,8.17,1.51,3.41,2681,2590,91,83,46.6,normal,1,0,1
2026-01-01 21:16:00,737,high,client_1,server_1,router_1,2,client-router-server,1.58,0.45,44,67.65,100.0,67.59,69.32,9.98,1.58,3.91,4745,4560,185,112,23.99,normal,1,0,1
2026-01-01 21:17:00,738,high,client_3,server_1,router_1,2,client-router-server,1.7,0.55,52,102.78,100.0,100.0,80.55,10.12,1.7,1.93,3905,3830,75,24,9.7,normal,1,0,1
2026-01-01 21:18:00,739,high,client_3,server_1,router_1,2,client-router-server,1.97,0.43,50,85.06,100.0,52.33,113.4,11.23,1.97,3.61,2340,2256,84,60,43.36,normal,1,0,1
2026-01-01 21:19:00,740,high,client_3,server_1,router_1,2,client-router-server,2.04,0.62,42,55.84,100.0,71.34,112.56,6.66,2.04,4.97,5237,4977,260,89,18.08,normal,1,0,1
2026-01-01 21:20:00,741,high,client_3,server_1,router_1,2,client-router-server,1.93,0.66,43,89.33,100.0,71.36,114.58,11.06,1.93,2.46,5031,4908,123,20,19.06,normal,1,0,1
2026-01-01 21:21:00,742,high,client_3,server_1,router_1,2,client-router-server,1.59,0.56,51,44.84,100.0,71.4,64.65,8.86,1.59,4.58,4311,4114,197,5,24.67,normal,1,0,1
2026-01-01 21:22:00,743,high,client_1,server_1,router_1,2,client-router-server,2.42,0.69,47,54.49,100.0,78.47,90.79,8.96,2.42,5.58,5775,5453,322,48,15.98,normal,1,0,1
2026-01-01 21:23:00,744,high,client_3,server_1,router_1,2,client-router-server,1.66,0.45,52,80.45,100.0,100.0,82.98,10.07,1.66,4.2,4570,4379,191,12,21.49,normal,1,0,1
2026-01-01 21:24:00,745,high,client_2,server_1,router_1,2,client-router-server,2.19,0.51,42,54.31,100.0,76.26,94.82,9.42,2.19,3.32,1221,1181,40,28,13.81,normal,1,0,1
2026-01-01 21:25:00,746,high,client_2,server_1,router_1,2,client-router-server,2.42,0.6,46,103.04,100.0,65.25,121.88,10.2,2.42,3.88,4913,4723,190,96,25.89,normal,1,0,1
2026-01-01 21:26:00,747,high,client_1,server_1,router_1,2,client-router-server,2.29,0.62,47,72.65,100.0,100.0,132.62,7.24,2.29,5.02,5413,5142,271,251,40.22,normal,1,0,1
2026-01-01 21:27:00,748,high,client_1,server_1,router_1,2,client-router-server,1.93,0.64,42,94.13,100.0,69.57,113.89,12.32,1.93,3.58,5917,5706,211,73,41.23,normal,1,0,1
2026-01-01 21:28:00,749,high,client_3,server_1,router_1,2,client-router-server,1.54,0.64,41,84.11,100.0,58.52,120.99,11.21,1.54,4.76,1301,1240,61,35,28.4,normal,1,0,1
2026-01-01 21:29:00,750,high,client_1,server_1,router_1,2,client-router-server,1.89,0.57,42,62.09,100.0,86.44,69.4,10.61,1.89,1.83,3846,3776,70,50,38.86,normal,1,0,1
2026-01-01 21:30:00,751,high,client_3,server_1,router_1,2,client-router-server,2.39,0.45,52,99.79,100.0,62.77,86.09,8.53,2.39,3.76,5105,4914,191,107,53.42,normal,1,0,1
2026-01-01 21:31:00,752,high,client_2,server_1,router_1,2,client-router-server,1.88,0.59,40,52.71,99.65,50.98,112.02,8.79,1.88,2.05,4277,4190,87,47,47.26,normal,1,0,1
2026-01-01 21:32:00,753,high,client_1,server_1,router_1,2,client-router-server,1.83,0.54,43,99.03,100.0,59.63,76.04,6.42,1.83,4.42,5820,5563,257,9,22.13,normal,1,0,1
2026-01-01 21:33:00,754,high,client_3,server_1,router_1,2,client-router-server,1.85,0.63,52,71.79,100.0,75.47,85.4,11.05,1.85,1.68,3588,3528,60,50,9.82,normal,1,0,1
2026-01-01 21:34:00,755,high,client_1,server_1,router_1,2,client-router-server,1.91,0.53,51,65.66,100.0,85.95,107.7,10.83,1.91,2.45,5127,5002,125,10,23.53,normal,1,0,1
2026-01-01 21:35:00,756,high,client_3,server_1,router_1,2,client-router-server,2.33,0.65,43,56.43,78.09,45.1,72.76,9.69,2.33,2.52,5415,5279,136,46,33.86,normal,1,0,0
2026-01-01 21:36:00,757,high,client_2,server_1,router_1,2,client-router-server,1.85,0.54,49,73.85,100.0,96.0,115.53,7.94,1.85,3.98,3996,3837,159,66,42.17,normal,1,0,1
2026-01-01 21:37:00,758,high,client_1,server_1,router_1,2,client-router-server,1.57,0.45,46,101.34,100.0,65.43,129.48,9.56,1.57,4.98,2611,2481,130,72,30.65,normal,1,0,1
2026-01-01 21:38:00,759,high,client_1,server_1,router_1,2,client-router-server,2.44,0.49,43,54.21,100.0,100.0,88.78,7.76,2.44,4.79,1892,1802,90,42,56.34,normal,1,0,1
2026-01-01 21:39:00,760,high,client_3,server_1,router_1,2,client-router-server,2.1,0.41,41,110.85,100.0,97.02,95.31,11.68,2.1,3.38,1623,1569,54,30,56.29,normal,1,0,1
2026-01-01 21:40:00,761,high,client_3,server_1,router_1,2,client-router-server,1.78,0.39,46,106.98,100.0,65.93,94.86,13.76,1.78,2.17,2096,2051,45,31,16.13,normal,1,0,1
2026-01-01 21:41:00,762,high,client_3,server_1,router_1,2,client-router-server,2.08,0.59,49,73.9,100.0,76.11,119.98,6.92,2.08,5.44,3574,3380,194,142,37.01,normal,1,0,1
2026-01-01 21:42:00,763,high,client_3,server_1,router_1,2,client-router-server,2.06,0.55,44,52.94,100.0,100.0,118.2,5.51,2.06,3.85,3487,3353,134,95,30.64,normal,1,0,1
2026-01-01 21:43:00,764,high,client_2,server_1,router_1,2,client-router-server,2.29,0.68,51,101.74,100.0,100.0,93.96,8.68,2.29,5.73,2073,1955,118,67,9.42,normal,1,0,1
2026-01-01 21:44:00,765,high,client_1,server_1,router_1,2,client-router-server,2.29,0.69,43,80.55,100.0,61.28,95.93,11.04,2.29,5.53,3327,3144,183,154,32.46,normal,1,0,1
2026-01-01 21:45:00,766,high,client_3,server_1,router_1,2,client-router-server,2.19,0.44,47,66.45,100.0,100.0,90.68,9.67,2.19,5.06,4951,4701,250,91,58.38,normal,1,0,1
2026-01-01 21:46:00,767,high,client_3,server_1,router_1,2,client-router-server,2.4,0.37,46,47.58,100.0,100.0,128.67,8.61,2.4,2.92,3319,3223,96,35,8.22,normal,1,0,1
2026-01-01 21:47:00,768,high,client_1,server_1,router_1,2,client-router-server,2.31,0.69,40,87.42,100.0,80.33,95.14,15.27,2.31,2.23,5131,5017,114,89,50.88,normal,1,0,1
2026-01-01 21:48:00,769,high,client_1,server_1,router_1,2,client-router-server,2.42,0.37,42,93.39,100.0,63.96,102.31,9.62,2.42,2.37,1584,1547,37,8,53.82,normal,1,0,1
2026-01-01 21:49:00,770,high,client_2,server_1,router_1,2,client-router-server,1.92,0.64,48,88.36,100.0,75.93,94.73,5.41,1.92,4.71,1121,1069,52,4,13.67,normal,1,0,1
2026-01-01 21:50:00,771,high,client_3,server_1,router_1,2,client-router-server,2.25,0.57,43,112.92,100.0,74.97,70.5,10.13,2.25,1.62,3876,3814,62,2,5.06,normal,1,0,1
2026-01-01 21:51:00,772,high,client_3,server_1,router_1,2,client-router-server,1.83,0.4,46,58.53,100.0,52.21,83.39,10.21,1.83,5.48,3749,3544,205,158,15.03,normal,1,0,1
2026-01-01 21:52:00,773,high,client_1,server_1,router_1,2,client-router-server,2.27,0.38,53,86.22,100.0,74.25,112.38,13.2,2.27,2.88,3229,3137,92,17,40.12,normal,1,0,1
2026-01-01 21:53:00,774,high,client_3,server_1,router_1,2,client-router-server,1.64,0.5,40,50.09,100.0,100.0,135.1,11.81,1.64,1.8,3298,3239,59,53,44.84,normal,1,0,1
2026-01-01 21:54:00,775,high,client_2,server_1,router_1,2,client-router-server,2.3,0.44,50,103.73,100.0,89.06,123.77,8.12,2.3,1.86,1890,1855,35,9,17.94,normal,1,0,1
2026-01-01 21:55:00,776,high,client_3,server_1,router_1,2,client-router-server,1.9,0.39,45,82.76,100.0,92.64,68.69,11.99,1.9,1.93,3932,3857,75,69,49.9,normal,1,0,1
2026-01-01 21:56:00,777,high,client_1,server_1,router_1,2,client-router-server,1.67,0.6,46,100.43,100.0,100.0,130.19,5.53,1.67,1.78,1823,1791,32,15,52.18,normal,1,0,1
2026-01-01 21:57:00,778,high,client_2,server_1,router_1,2,client-router-server,2.33,0.59,40,109.41,100.0,68.22,102.19,12.43,2.33,1.82,1051,1032,19,17,13.0,normal,1,0,1
2026-01-01 21:58:00,779,high,client_2,server_1,router_1,2,client-router-server,2.19,0.69,40,111.34,100.0,64.53,84.72,12.61,2.19,3.6,4516,4354,162,98,9.91,normal,1,0,1
2026-01-01 21:59:00,780,high,client_2,server_1,router_1,2,client-router-server,2.48,0.42,42,39.12,84.15,52.71,76.2,6.9,2.48,3.64,4150,3999,151,21,7.19,normal,1,0,0
2026-01-01 22:00:00,781,high,client_1,server_1,router_1,2,client-router-server,2.21,0.53,46,45.48,100.0,82.17,92.93,6.54,2.21,4.63,1937,1848,89,79,17.34,normal,0,0,1
2026-01-01 22:01:00,782,high,client_1,server_1,router_1,2,client-router-server,1.84,0.69,50,24.64,67.52,52.41,89.77,10.65,1.84,0.66,1080,1073,7,4,12.1,normal,0,0,1
2026-01-01 22:02:00,783,high,client_1,server_1,router_1,2,client-router-server,1.85,0.4,48,47.42,100.0,57.77,115.1,8.43,1.85,5.41,2521,2385,136,47,20.1,normal,0,0,1
2026-01-01 22:03:00,784,high,client_2,server_1,router_1,2,client-router-server,2.46,0.55,45,74.57,100.0,58.74,68.46,9.86,2.46,5.46,2529,2391,138,40,14.97,normal,0,0,1
2026-01-01 22:04:00,785,high,client_3,server_1,router_1,2,client-router-server,1.53,0.52,44,39.11,100.0,80.25,129.36,5.67,1.53,4.33,2099,2009,90,6,53.16,normal,0,0,1
2026-01-01 22:05:00,786,high,client_2,server_1,router_1,2,client-router-server,1.89,0.63,51,70.64,100.0,100.0,109.26,10.72,1.89,4.6,2797,2669,128,45,49.28,normal,0,0,1
2026-01-01 22:06:00,787,high,client_3,server_1,router_1,2,client-router-server,2.24,0.53,47,32.78,89.55,49.61,66.7,6.69,2.24,2.66,4701,4576,125,120,33.23,normal,0,0,0
2026-01-01 22:07:00,788,high,client_1,server_1,router_1,2,client-router-server,2.22,0.5,43,45.51,97.77,62.32,128.83,4.39,2.22,5.26,4803,4551,252,15,46.07,normal,0,0,1
2026-01-01 22:08:00,789,high,client_3,server_1,router_1,2,client-router-server,1.98,0.68,52,48.05,100.0,63.08,124.56,13.35,1.98,2.21,3144,3075,69,55,46.02,normal,0,0,1
2026-01-01 22:09:00,790,high,client_3,server_1,router_1,2,client-router-server,1.57,0.48,48,76.72,100.0,100.0,120.99,4.52,1.57,5.95,2483,2336,147,110,44.82,normal,0,0,1
2026-01-01 22:10:00,791,high,client_1,server_1,router_1,2,client-router-server,2.32,0.64,46,88.34,100.0,60.15,82.5,4.26,2.32,2.23,2691,2631,60,0,35.23,normal,0,0,1
2026-01-01 22:11:00,792,high,client_1,server_1,router_1,2,client-router-server,1.59,0.59,52,78.87,100.0,94.61,127.53,9.51,1.59,5.54,3699,3495,204,63,59.41,normal,0,0,1
2026-01-01 22:12:00,793,high,client_3,server_1,router_1,2,client-router-server,1.98,0.68,48,64.56,100.0,66.13,95.61,10.09,1.98,5.17,4779,4532,247,18,16.57,normal,0,0,1
2026-01-01 22:13:00,794,high,client_3,server_1,router_1,2,client-router-server,2.01,0.6,40,42.7,100.0,85.3,68.63,7.2,2.01,5.72,4759,4487,272,218,20.49,normal,0,0,1
2026-01-01 22:14:00,795,high,client_2,server_1,router_1,2,client-router-server,2.03,0.43,51,22.58,49.75,37.87,66.8,9.22,2.03,0.01,3643,3642,1,1,57.17,normal,0,0,0
2026-01-01 22:15:00,796,high,client_3,server_1,router_1,2,client-router-server,2.04,0.41,47,67.03,100.0,100.0,78.5,8.59,2.04,5.75,2680,2526,154,66,19.05,normal,0,0,1
2026-01-01 22:16:00,797,high,client_3,server_1,router_1,2,client-router-server,2.29,0.54,48,68.94,100.0,50.65,96.88,8.96,2.29,3.5,5286,5101,185,170,29.92,normal,0,0,1
2026-01-01 22:17:00,798,high,client_1,server_1,router_1,2,client-router-server,2.29,0.65,41,45.47,100.0,91.68,88.46,12.96,2.29,4.02,2103,2019,84,43,18.8,normal,0,0,1
2026-01-01 22:18:00,799,high,client_2,server_1,router_1,2,client-router-server,2.49,0.58,45,37.71,52.6,42.87,55.63,4.22,2.49,0.14,1917,1915,2,0,51.59,normal,0,0,0
2026-01-01 22:19:00,800,high,client_1,server_1,router_1,2,client-router-server,2.11,0.63,52,52.03,100.0,100.0,87.88,12.52,2.11,4.96,4432,4213,219,143,43.08,normal,0,0,1
2026-01-01 22:20:00,801,high,client_3,server_1,router_1,2,client-router-server,1.79,0.66,45,70.84,100.0,93.02,103.15,12.85,1.79,3.04,4086,3962,124,36,50.75,normal,0,0,1
2026-01-01 22:21:00,802,high,client_1,server_1,router_1,2,client-router-server,1.93,0.41,51,21.87,72.53,84.22,56.55,6.98,1.93,1.73,3403,3345,58,10,58.37,normal,0,0,0
2026-01-01 22:22:00,803,high,client_2,server_1,router_1,2,client-router-server,2.1,0.52,53,88.72,100.0,100.0,137.95,13.56,2.1,3.69,5751,5539,212,6,47.37,normal,0,0,1
2026-01-01 22:23:00,804,high,client_1,server_1,router_1,2,client-router-server,1.7,0.37,45,60.01,100.0,100.0,93.06,12.61,1.7,5.21,1929,1829,100,30,15.49,normal,0,0,1
2026-01-01 22:24:00,805,high,client_3,server_1,router_1,2,client-router-server,1.77,0.52,46,75.71,100.0,62.84,91.64,6.67,1.77,3.38,5231,5055,176,49,41.13,normal,0,0,1
2026-01-01 22:25:00,806,high,client_2,server_1,router_1,2,client-router-server,1.81,0.57,47,79.75,100.0,100.0,129.93,9.81,1.81,2.73,1910,1858,52,47,25.68,normal,0,0,1
2026-01-01 22:26:00,807,high,client_2,server_1,router_1,2,client-router-server,2.23,0.48,46,41.14,100.0,100.0,81.36,10.07,2.23,5.75,5897,5558,339,205,21.49,normal,0,0,1
2026-01-01 22:27:00,808,high,client_2,server_1,router_1,2,client-router-server,2.02,0.58,53,42.97,100.0,100.0,80.46,7.61,2.02,3.29,5532,5350,182,7,9.04,normal,0,0,1
2026-01-01 22:28:00,809,high,client_3,server_1,router_1,2,client-router-server,2.07,0.41,47,33.11,94.49,95.45,127.75,3.31,2.07,2.75,3797,3693,104,57,53.74,normal,0,0,1
2026-01-01 22:29:00,810,high,client_1,server_1,router_1,2,client-router-server,2.23,0.59,48,52.16,77.3,83.1,61.32,7.26,2.23,3.13,4532,4391,141,69,58.68,normal,0,0,0
2026-01-01 22:30:00,811,high,client_3,server_1,router_1,2,client-router-server,2.47,0.53,45,90.93,100.0,55.27,118.39,7.19,2.47,5.59,1293,1221,72,30,49.41,normal,0,0,1
2026-01-01 22:31:00,812,high,client_3,server_1,router_1,2,client-router-server,1.56,0.65,44,64.04,100.0,61.55,99.16,10.63,1.56,5.6,2885,2724,161,108,27.42,normal,0,0,1
2026-01-01 22:32:00,813,high,client_3,server_1,router_1,2,client-router-server,1.72,0.54,40,91.56,100.0,100.0,125.13,9.93,1.72,2.1,1964,1923,41,35,14.59,normal,0,0,1
2026-01-01 22:33:00,814,high,client_1,server_1,router_1,2,client-router-server,1.57,0.6,43,22.05,50.84,28.48,36.66,9.91,1.57,0.05,5709,5707,2,1,41.73,normal,0,0,0
2026-01-01 22:34:00,815,high,client_2,server_1,router_1,2,client-router-server,1.54,0.58,42,38.24,99.88,90.26,131.84,12.18,1.54,3.81,3178,3057,121,25,19.36,normal,0,0,1
2026-01-01 22:35:00,816,high,client_2,server_1,router_1,2,client-router-server,1.76,0.48,45,57.95,100.0,100.0,129.34,5.77,1.76,1.54,1056,1040,16,8,30.1,normal,0,0,1
2026-01-01 22:36:00,817,high,client_2,server_1,router_1,2,client-router-server,2.5,0.35,52,86.11,100.0,67.32,108.65,4.05,2.5,2.07,1730,1695,35,18,5.66,normal,0,0,1
2026-01-01 22:37:00,818,high,client_1,server_1,router_1,2,client-router-server,1.99,0.52,42,64.08,100.0,57.15,96.08,8.18,1.99,3.24,4421,4278,143,60,29.78,normal,0,0,1
2026-01-01 22:38:00,819,high,client_3,server_1,router_1,2,client-router-server,2.16,0.61,44,77.54,100.0,100.0,119.27,4.98,2.16,5.82,3879,3654,225,189,19.45,normal,0,0,1
2026-01-01 22:39:00,820,high,client_1,server_1,router_1,2,client-router-server,1.8,0.67,42,71.08,100.0,78.32,68.15,9.12,1.8,5.58,1011,955,56,36,57.24,normal,0,0,1
2026-01-01 22:40:00,821,high,client_3,server_1,router_1,2,client-router-server,1.87,0.7,42,48.55,88.08,50.28,61.24,10.22,1.87,3.97,1472,1414,58,19,57.45,normal,0,0,0
2026-01-01 22:41:00,822,high,client_2,server_1,router_1,2,client-router-server,1.89,0.5,45,52.6,100.0,96.92,111.21,7.46,1.89,4.65,4824,4600,224,118,24.83,normal,0,0,1
2026-01-01 22:42:00,823,high,client_1,server_1,router_1,2,client-router-server,2.48,0.6,42,38.44,93.3,68.06,72.61,4.69,2.48,3.75,4954,4769,185,110,14.07,normal,0,0,1
2026-01-01 22:43:00,824,high,client_2,server_1,router_1,2,client-router-server,1.61,0.54,42,21.74,47.89,30.16,55.04,4.02,1.61,0.01,3433,3432,1,0,42.03,normal,0,0,0
2026-01-01 22:44:00,825,high,client_2,server_1,router_1,2,client-router-server,1.71,0.49,47,54.17,100.0,100.0,137.21,4.28,1.71,4.66,5038,4804,234,25,40.06,normal,0,0,1
2026-01-01 22:45:00,826,high,client_1,server_1,router_1,2,client-router-server,2.0,0.63,48,53.35,100.0,91.46,82.91,13.17,2.0,5.58,5370,5071,299,163,52.75,normal,0,0,1
2026-01-01 22:46:00,827,high,client_2,server_1,router_1,2,client-router-server,1.62,0.54,50,75.27,100.0,100.0,87.37,11.24,1.62,3.96,3350,3218,132,60,5.13,normal,0,0,1
2026-01-01 22:47:00,828,high,client_2,server_1,router_1,2,client-router-server,1.93,0.44,48,76.76,100.0,58.32,127.63,6.03,1.93,4.86,1408,1340,68,48,36.84,normal,0,0,1
2026-01-01 22:48:00,829,high,client_2,server_1,router_1,2,client-router-server,1.55,0.35,45,72.46,100.0,74.88,66.15,12.03,1.55,2.41,3361,3280,81,42,19.94,normal,0,0,1
2026-01-01 22:49:00,830,high,client_2,server_1,router_1,2,client-router-server,2.41,0.68,51,69.52,100.0,66.73,66.56,10.59,2.41,3.35,1504,1454,50,38,35.4,normal,0,0,1
2026-01-01 22:50:00,831,high,client_2,server_1,router_1,2,client-router-server,1.86,0.41,48,37.66,100.0,66.6,84.88,5.96,1.86,3.13,1433,1389,44,7,55.15,normal,0,0,1
2026-01-01 22:51:00,832,high,client_3,server_1,router_1,2,client-router-server,1.93,0.64,45,21.54,44.4,39.11,44.88,3.24,1.93,0.01,5674,5673,1,0,39.54,normal,0,0,0
2026-01-01 22:52:00,833,high,client_3,server_1,router_1,2,client-router-server,1.69,0.65,44,49.17,100.0,90.57,69.56,11.16,1.69,5.6,5943,5611,332,63,27.84,normal,0,0,1
2026-01-01 22:53:00,834,high,client_2,server_1,router_1,2,client-router-server,1.69,0.57,51,44.24,100.0,52.79,85.67,8.62,1.69,6.0,2580,2426,154,20,38.03,normal,0,0,1
2026-01-01 22:54:00,835,high,client_1,server_1,router_1,2,client-router-server,2.22,0.68,41,72.35,100.0,58.23,129.14,6.54,2.22,3.62,5490,5292,198,6,53.85,normal,0,0,1
2026-01-01 22:55:00,836,high,client_3,server_1,router_1,2,client-router-server,2.28,0.5,47,78.69,100.0,100.0,118.39,12.41,2.28,5.63,4410,4162,248,220,26.21,normal,0,0,1
2026-01-01 22:56:00,837,high,client_3,server_1,router_1,2,client-router-server,1.7,0.61,48,42.38,83.61,60.56,90.52,8.68,1.7,1.21,2149,2123,26,25,21.14,normal,0,0,1
2026-01-01 22:57:00,838,high,client_1,server_1,router_1,2,client-router-server,1.8,0.46,53,88.46,100.0,66.11,89.58,10.96,1.8,2.69,5220,5080,140,72,18.65,normal,0,0,1
2026-01-01 22:58:00,839,high,client_1,server_1,router_1,2,client-router-server,2.22,0.41,53,56.54,77.7,83.4,76.05,8.54,2.22,2.13,2251,2204,47,1,6.94,normal,0,0,0
2026-01-01 22:59:00,840,high,client_1,server_1,router_1,2,client-router-server,2.22,0.48,40,32.18,51.35,49.27,74.89,8.25,2.22,0.05,3906,3905,1,1,42.93,normal,0,0,0
2026-01-01 23:00:00,841,high,client_1,server_1,router_1,2,client-router-server,2.33,0.43,45,27.14,78.39,64.79,91.43,9.3,2.33,1.62,4434,4363,71,17,21.27,normal,0,0,1
2026-01-01 23:01:00,842,high,client_2,server_1,router_1,2,client-router-server,1.76,0.46,47,77.16,100.0,56.29,62.37,7.07,1.76,2.3,3257,3183,74,13,16.16,normal,0,0,1
2026-01-01 23:02:00,843,high,client_3,server_1,router_1,2,client-router-server,2.03,0.62,47,39.4,86.11,67.44,66.35,5.52,2.03,1.78,5785,5683,102,8,5.37,normal,0,0,0
2026-01-01 23:03:00,844,high,client_2,server_1,router_1,2,client-router-server,1.88,0.64,42,94.36,100.0,84.77,133.82,6.18,1.88,3.99,1495,1436,59,1,46.8,normal,0,0,1
2026-01-01 23:04:00,845,high,client_1,server_1,router_1,2,client-router-server,2.41,0.51,40,32.64,44.55,26.41,47.52,8.47,2.41,0.01,4057,4056,1,1,58.7,normal,0,0,0
2026-01-01 23:05:00,846,high,client_2,server_1,router_1,2,client-router-server,2.23,0.57,44,42.37,80.61,56.5,58.82,10.27,2.23,3.09,2216,2148,68,9,58.98,normal,0,0,0
2026-01-01 23:06:00,847,high,client_1,server_1,router_1,2,client-router-server,2.36,0.62,50,75.62,100.0,89.43,134.79,6.2,2.36,2.0,4420,4332,88,67,58.53,normal,0,0,1
2026-01-01 23:07:00,848,high,client_3,server_1,router_1,2,client-router-server,2.07,0.47,53,57.78,100.0,94.3,95.73,7.84,2.07,5.15,5869,5567,302,157,9.76,normal,0,0,1
2026-01-01 23:08:00,849,high,client_2,server_1,router_1,2,client-router-server,2.27,0.54,40,64.29,100.0,53.22,125.21,7.67,2.27,5.64,3244,3062,182,43,55.07,normal,0,0,1
2026-01-01 23:09:00,850,high,client_3,server_1,router_1,2,client-router-server,1.95,0.55,42,57.22,100.0,69.44,127.56,11.95,1.95,2.44,4137,4037,100,33,31.45,normal,0,0,1
2026-01-01 23:10:00,851,high,client_2,server_1,router_1,2,client-router-server,1.51,0.54,49,29.09,100.0,76.06,123.83,13.91,1.51,4.31,5791,5542,249,90,56.57,normal,0,0,1
2026-01-01 23:11:00,852,high,client_1,server_1,router_1,2,client-router-server,2.06,0.47,43,51.92,100.0,52.32,106.47,11.25,2.06,2.57,1585,1545,40,15,41.11,normal,0,0,1
2026-01-01 23:12:00,853,high,client_1,server_1,router_1,2,client-router-server,2.18,0.41,42,44.2,84.03,68.46,69.6,8.72,2.18,1.34,1709,1687,22,20,16.8,normal,0,0,0
2026-01-01 23:13:00,854,high,client_2,server_1,router_1,2,client-router-server,2.01,0.39,40,83.71,100.0,69.42,130.29,8.7,2.01,2.74,3243,3155,88,47,52.48,normal,0,0,1
2026-01-01 23:14:00,855,high,client_2,server_1,router_1,2,client-router-server,1.69,0.68,52,91.04,100.0,73.71,133.63,11.62,1.69,3.16,4043,3916,127,18,28.14,normal,0,0,1
2026-01-01 23:15:00,856,high,client_2,server_1,router_1,2,client-router-server,2.29,0.67,45,67.7,100.0,89.04,85.35,4.84,2.29,1.74,1762,1732,30,9,56.61,normal,0,0,1
2026-01-01 23:16:00,857,high,client_1,server_1,router_1,2,client-router-server,2.46,0.66,42,81.17,100.0,100.0,93.14,13.01,2.46,4.68,4149,3955,194,72,48.59,normal,0,0,1
2026-01-01 23:17:00,858,high,client_1,server_1,router_1,2,client-router-server,1.77,0.62,48,69.64,100.0,86.33,118.11,11.47,1.77,1.56,3238,3188,50,49,13.77,normal,0,0,1
2026-01-01 23:18:00,859,high,client_2,server_1,router_1,2,client-router-server,2.2,0.54,52,66.19,100.0,100.0,113.09,11.9,2.2,3.42,1653,1597,56,14,10.54,normal,0,0,1
2026-01-01 23:19:00,860,high,client_2,server_1,router_1,2,client-router-server,2.02,0.46,40,93.24,100.0,55.35,92.41,8.33,2.02,4.57,4981,4754,227,17,28.3,normal,0,0,1
2026-01-01 23:20:00,861,high,client_2,server_1,router_1,2,client-router-server,1.93,0.53,40,70.66,100.0,100.0,107.45,6.38,1.93,2.3,5560,5433,127,94,13.03,normal,0,0,1
2026-01-01 23:21:00,862,high,client_2,server_1,router_1,2,client-router-server,2.37,0.39,49,42.42,77.84,89.04,109.81,4.86,2.37,0.88,5793,5743,50,35,23.7,normal,0,0,1
2026-01-01 23:22:00,863,high,client_3,server_1,router_1,2,client-router-server,2.28,0.49,50,26.83,75.2,89.41,86.13,6.21,2.28,0.88,1956,1939,17,8,38.81,normal,0,0,1
2026-01-01 23:23:00,864,high,client_2,server_1,router_1,2,client-router-server,2.2,0.55,47,48.09,98.86,71.33,65.49,10.18,2.2,5.75,3352,3160,192,47,42.75,normal,0,0,1
2026-01-01 23:24:00,865,high,client_3,server_1,router_1,2,client-router-server,2.12,0.45,50,78.43,100.0,100.0,126.92,11.12,2.12,3.09,1871,1814,57,27,35.09,normal,0,0,1
2026-01-01 23:25:00,866,high,client_1,server_1,router_1,2,client-router-server,2.38,0.67,50,30.94,87.98,54.72,88.11,10.81,2.38,3.24,1362,1318,44,12,34.55,normal,0,0,1
2026-01-01 23:26:00,867,high,client_3,server_1,router_1,2,client-router-server,1.77,0.55,47,49.43,100.0,100.0,131.37,10.7,1.77,5.57,2233,2109,124,44,47.94,normal,0,0,1
2026-01-01 23:27:00,868,high,client_3,server_1,router_1,2,client-router-server,1.62,0.48,45,35.23,65.72,58.87,87.46,6.53,1.62,0.65,1329,1321,8,6,26.83,normal,0,0,1
2026-01-01 23:28:00,869,high,client_2,server_1,router_1,2,client-router-server,2.08,0.53,49,68.56,100.0,51.16,92.21,10.5,2.08,2.65,1497,1458,39,32,47.24,normal,0,0,1
2026-01-01 23:29:00,870,high,client_1,server_1,router_1,2,client-router-server,2.06,0.6,51,50.05,100.0,100.0,134.62,9.02,2.06,4.6,5782,5517,265,152,12.46,normal,0,0,1
2026-01-01 23:30:00,871,high,client_1,server_1,router_1,2,client-router-server,2.45,0.61,49,90.27,100.0,81.64,109.43,8.64,2.45,2.71,2197,2138,59,0,14.16,normal,0,0,1
2026-01-01 23:31:00,872,high,client_3,server_1,router_1,2,client-router-server,2.08,0.66,48,73.28,100.0,100.0,104.17,14.02,2.08,3.48,1566,1512,54,20,41.72,normal,0,0,1
2026-01-01 23:32:00,873,high,client_2,server_1,router_1,2,client-router-server,1.75,0.44,50,32.97,59.87,69.96,73.95,4.23,1.75,0.32,4309,4296,13,7,40.92,normal,0,0,0
2026-01-01 23:33:00,874,high,client_1,server_1,router_1,2,client-router-server,1.84,0.37,40,64.15,100.0,100.0,80.29,6.7,1.84,2.47,5211,5083,128,31,56.92,normal,0,0,1
2026-01-01 23:34:00,875,high,client_2,server_1,router_1,2,client-router-server,1.8,0.57,43,22.2,63.7,56.41,56.45,3.83,1.8,1.63,5500,5411,89,16,55.85,normal,0,0,0
2026-01-01 23:35:00,876,high,client_3,server_1,router_1,2,client-router-server,2.02,0.4,49,60.85,100.0,56.78,128.55,8.27,2.02,4.66,4599,4385,214,66,35.07,normal,0,0,1
2026-01-01 23:36:00,877,high,client_1,server_1,router_1,2,client-router-server,2.49,0.48,42,79.32,100.0,73.43,85.88,7.72,2.49,5.69,4976,4693,283,149,12.63,normal,0,0,1
2026-01-01 23:37:00,878,high,client_3,server_1,router_1,2,client-router-server,1.55,0.57,48,87.34,100.0,80.48,72.04,6.12,1.55,1.88,1309,1285,24,3,13.63,normal,0,0,1
2026-01-01 23:38:00,879,high,client_3,server_1,router_1,2,client-router-server,1.61,0.38,53,94.36,100.0,53.69,88.54,8.32,1.61,5.72,2335,2202,133,104,45.36,normal,0,0,1
2026-01-01 23:39:00,880,high,client_3,server_1,router_1,2,client-router-server,1.66,0.67,44,55.17,100.0,54.86,82.81,14.14,1.66,2.09,2491,2439,52,37,24.65,normal,0,0,1
2026-01-01 23:40:00,881,high,client_2,server_1,router_1,2,client-router-server,2.36,0.4,40,69.83,100.0,69.98,130.45,13.13,2.36,4.69,3269,3116,153,117,54.91,normal,0,0,1
2026-01-01 23:41:00,882,high,client_2,server_1,router_1,2,client-router-server,2.06,0.38,50,35.65,85.89,69.05,61.03,5.32,2.06,1.76,3359,3300,59,46,24.46,normal,0,0,0
2026-01-01 23:42:00,883,high,client_3,server_1,router_1,2,client-router-server,1.7,0.69,41,70.02,100.0,100.0,75.18,4.56,1.7,2.75,5573,5420,153,19,52.49,normal,0,0,1
2026-01-01 23:43:00,884,high,client_3,server_1,router_1,2,client-router-server,2.33,0.52,46,81.6,100.0,54.01,97.04,7.93,2.33,2.28,2803,2740,63,33,12.86,normal,0,0,1
2026-01-01 23:44:00,885,high,client_2,server_1,router_1,2,client-router-server,2.07,0.53,50,87.48,100.0,58.95,110.46,13.15,2.07,3.4,1406,1359,47,1,20.41,normal,0,0,1
2026-01-01 23:45:00,886,high,client_3,server_1,router_1,2,client-router-server,1.62,0.38,49,47.0,100.0,69.66,122.2,12.08,1.62,3.43,4232,4087,145,55,38.19,normal,0,0,1
2026-01-01 23:46:00,887,high,client_3,server_1,router_1,2,client-router-server,2.42,0.49,40,83.05,100.0,66.87,128.76,10.28,2.42,4.26,3237,3100,137,119,22.35,normal,0,0,1
2026-01-01 23:47:00,888,high,client_2,server_1,router_1,2,client-router-server,2.0,0.62,46,41.02,94.08,76.09,79.68,7.43,2.0,2.52,4219,4113,106,74,47.04,normal,0,0,1
2026-01-01 23:48:00,889,high,client_2,server_1,router_1,2,client-router-server,1.64,0.39,40,35.94,75.44,90.2,71.73,8.16,1.64,2.76,3350,3258,92,88,39.91,normal,0,0,0
2026-01-01 23:49:00,890,high,client_2,server_1,router_1,2,client-router-server,2.01,0.62,41,20.99,44.5,41.59,62.18,5.57,2.01,0.01,2572,2571,1,1,25.11,normal,0,0,0
2026-01-01 23:50:00,891,high,client_2,server_1,router_1,2,client-router-server,1.59,0.38,49,24.3,100.0,83.69,91.48,10.8,1.59,1.65,5414,5325,89,27,47.11,normal,0,0,1
2026-01-01 23:51:00,892,high,client_3,server_1,router_1,2,client-router-server,2.4,0.6,40,57.35,100.0,96.05,136.26,11.63,2.4,5.83,4520,4257,263,140,7.06,normal,0,0,1
2026-01-01 23:52:00,893,high,client_3,server_1,router_1,2,client-router-server,2.19,0.55,44,33.14,48.04,46.81,49.76,6.93,2.19,0.01,1792,1791,1,1,23.53,normal,0,0,0
2026-01-01 23:53:00,894,high,client_3,server_1,router_1,2,client-router-server,2.07,0.39,49,83.38,100.0,68.76,106.28,8.68,2.07,3.02,2775,2692,83,48,49.56,normal,0,0,1
2026-01-01 23:54:00,895,high,client_1,server_1,router_1,2,client-router-server,1.7,0.39,41,68.44,100.0,96.94,79.97,8.71,1.7,3.29,3191,3087,104,89,43.98,normal,0,0,1
2026-01-01 23:55:00,896,high,client_3,server_1,router_1,2,client-router-server,1.84,0.41,42,81.74,100.0,100.0,108.18,9.72,1.84,5.77,4345,4095,250,141,32.43,normal,0,0,1
2026-01-01 23:56:00,897,high,client_1,server_1,router_1,2,client-router-server,1.67,0.43,41,57.02,100.0,88.15,121.11,5.05,1.67,2.42,5784,5645,139,101,55.98,normal,0,0,1
2026-01-01 23:57:00,898,high,client_1,server_1,router_1,2,client-router-server,2.3,0.64,50,28.04,76.0,41.96,87.22,9.95,2.3,1.38,4109,4053,56,44,26.35,normal,0,0,1
2026-01-01 23:58:00,899,high,client_1,server_1,router_1,2,client-router-server,2.47,0.59,43,89.16,100.0,65.89,82.5,9.11,2.47,3.23,3387,3278,109,53,45.03,normal,0,0,1
2026-01-01 23:59:00,900,high,client_1,server_1,router_1,2,client-router-server,2.1,0.65,45,73.9,100.0,100.0,96.06,9.89,2.1,1.78,5224,5132,92,13,55.68,normal,0,0,1
2026-01-02 00:00:00,901,high,client_1,server_1,router_1,2,client-router-server,1.74,0.4,45,37.67,100.0,93.53,73.12,6.77,1.74,1.63,3865,3803,62,24,25.21,normal,0,0,1
2026-01-02 00:01:00,902,high,client_2,server_1,router_1,2,client-router-server,1.93,0.67,44,58.3,100.0,100.0,130.1,6.48,1.93,5.51,5269,4979,290,249,38.54,normal,0,0,1
2026-01-02 00:02:00,903,high,client_1,server_1,router_1,2,client-router-server,2.24,0.5,47,80.9,100.0,100.0,109.59,13.73,2.24,2.91,3034,2946,88,49,28.43,normal,0,0,1
2026-01-02 00:03:00,904,high,client_1,server_1,router_1,2,client-router-server,2.25,0.42,43,76.73,100.0,77.76,79.85,9.05,2.25,3.7,1650,1589,61,11,9.59,normal,0,0,1
2026-01-02 00:04:00,905,high,client_3,server_1,router_1,2,client-router-server,1.69,0.47,45,65.59,100.0,89.9,79.26,7.14,1.69,5.22,5363,5084,279,261,11.62,normal,0,0,1
2026-01-02 00:05:00,906,high,client_2,server_1,router_1,2,client-router-server,1.88,0.47,45,75.74,100.0,62.3,108.5,7.73,1.88,5.61,5447,5142,305,40,16.31,normal,0,0,1
2026-01-02 00:06:00,907,high,client_3,server_1,router_1,2,client-router-server,1.66,0.63,42,66.34,100.0,69.88,73.12,13.88,1.66,3.33,2763,2671,92,75,18.63,normal,0,0,1
2026-01-02 00:07:00,908,high,client_3,server_1,router_1,2,client-router-server,1.89,0.59,53,81.23,100.0,60.15,91.59,7.69,1.89,4.29,5794,5546,248,75,30.86,normal,0,0,1
2026-01-02 00:08:00,909,high,client_3,server_1,router_1,2,client-router-server,2.29,0.64,50,69.29,100.0,79.37,113.47,13.8,2.29,4.49,5444,5200,244,105,32.74,normal,0,0,1
2026-01-02 00:09:00,910,high,client_2,server_1,router_1,2,client-router-server,2.1,0.66,49,33.72,68.12,58.68,88.07,6.22,2.1,1.02,3331,3298,33,33,50.88,normal,0,0,1
2026-01-02 00:10:00,911,high,client_2,server_1,router_1,2,client-router-server,1.85,0.55,47,29.37,52.75,49.79,64.09,6.52,1.85,0.26,3541,3532,9,7,30.89,normal,0,0,0
2026-01-02 00:11:00,912,high,client_1,server_1,router_1,2,client-router-server,1.81,0.58,48,57.69,100.0,58.14,79.53,8.47,1.81,2.3,5845,5711,134,96,11.06,normal,0,0,1
2026-01-02 00:12:00,913,high,client_2,server_1,router_1,2,client-router-server,2.16,0.56,48,84.19,100.0,68.37,115.01,15.51,2.16,4.38,1238,1184,54,16,24.86,normal,0,0,1
2026-01-02 00:13:00,914,high,client_1,server_1,router_1,2,client-router-server,2.11,0.69,42,89.47,100.0,61.28,106.78,10.58,2.11,2.88,3525,3424,101,56,56.14,normal,0,0,1
2026-01-02 00:14:00,915,high,client_3,server_1,router_1,2,client-router-server,2.35,0.48,51,37.19,61.26,63.94,48.3,8.04,2.35,0.53,2008,1998,10,10,42.84,normal,0,0,0
2026-01-02 00:15:00,916,high,client_2,server_1,router_1,2,client-router-server,2.46,0.38,52,58.22,71.7,82.49,104.29,11.53,2.46,2.18,4641,4540,101,79,41.34,normal,0,0,1
2026-01-02 00:16:00,917,high,client_3,server_1,router_1,2,client-router-server,1.87,0.69,46,67.55,100.0,75.62,100.57,7.66,1.87,4.94,5655,5376,279,262,49.18,normal,0,0,1
2026-01-02 00:17:00,918,high,client_2,server_1,router_1,2,client-router-server,2.11,0.41,42,83.68,100.0,52.33,86.01,10.41,2.11,3.1,3575,3465,110,107,20.67,normal,0,0,1
2026-01-02 00:18:00,919,high,client_1,server_1,router_1,2,client-router-server,2.23,0.44,45,42.08,90.74,56.66,107.46,8.99,2.23,3.42,5613,5422,191,102,29.64,normal,0,0,1
2026-01-02 00:19:00,920,high,client_2,server_1,router_1,2,client-router-server,1.53,0.52,50,84.89,100.0,100.0,80.23,7.12,1.53,3.48,3898,3763,135,91,53.14,normal,0,0,1
2026-01-02 00:20:00,921,high,client_2,server_1,router_1,2,client-router-server,2.15,0.45,43,29.94,48.43,53.16,44.28,10.1,2.15,0.01,3211,3210,1,1,16.28,normal,0,0,0
2026-01-02 00:21:00,922,high,client_2,server_1,router_1,2,client-router-server,1.91,0.68,40,37.76,78.55,86.49,82.22,8.11,1.91,2.47,1954,1906,48,43,30.1,normal,0,0,1
2026-01-02 00:22:00,923,high,client_2,server_1,router_1,2,client-router-server,1.57,0.45,40,45.03,100.0,78.46,103.93,7.32,1.57,4.37,2008,1921,87,57,13.63,normal,0,0,1
2026-01-02 00:23:00,924,high,client_2,server_1,router_1,2,client-router-server,1.59,0.56,40,20.78,79.07,87.45,111.27,10.3,1.59,2.05,4055,3972,83,11,31.22,normal,0,0,1
2026-01-02 00:24:00,925,high,client_2,server_1,router_1,2,client-router-server,1.76,0.38,50,76.19,100.0,100.0,71.42,8.9,1.76,5.77,1412,1331,81,60,41.3,normal,0,0,1
2026-01-02 00:25:00,926,high,client_1,server_1,router_1,2,client-router-server,2.47,0.59,50,44.03,61.06,44.42,79.48,7.27,2.47,1.21,2126,2101,25,14,35.81,normal,0,0,0
2026-01-02 00:26:00,927,high,client_1,server_1,router_1,2,client-router-server,1.61,0.57,40,28.52,100.0,100.0,138.21,12.83,1.61,2.36,4552,4445,107,81,39.13,normal,0,0,1
2026-01-02 00:27:00,928,high,client_1,server_1,router_1,2,client-router-server,2.26,0.65,45,80.29,100.0,68.4,119.13,8.27,2.26,4.04,4934,4735,199,19,54.73,normal,0,0,1
2026-01-02 00:28:00,929,high,client_2,server_1,router_1,2,client-router-server,2.31,0.36,53,91.43,100.0,100.0,131.26,5.75,2.31,1.74,1490,1465,25,22,28.09,normal,0,0,1
2026-01-02 00:29:00,930,high,client_1,server_1,router_1,2,client-router-server,2.23,0.39,41,60.53,83.82,82.85,65.8,6.14,2.23,2.4,2655,2592,63,24,22.67,normal,0,0,0
2026-01-02 00:30:00,931,high,client_1,server_1,router_1,2,client-router-server,1.61,0.39,51,30.98,100.0,75.08,75.87,8.04,1.61,2.62,3404,3315,89,70,50.3,normal,0,0,1
2026-01-02 00:31:00,932,high,client_2,server_1,router_1,2,client-router-server,2.32,0.49,51,61.19,100.0,98.69,92.69,10.28,2.32,3.92,4358,4188,170,128,35.04,normal,0,0,1
2026-01-02 00:32:00,933,high,client_3,server_1,router_1,2,client-router-server,1.77,0.56,46,92.7,100.0,85.75,126.5,11.84,1.77,5.33,4070,3854,216,125,36.22,normal,0,0,1
2026-01-02 00:33:00,934,high,client_2,server_1,router_1,2,client-router-server,1.74,0.54,49,27.78,95.63,100.0,123.06,14.21,1.74,3.87,1040,1000,40,29,40.87,normal,0,0,1
2026-01-02 00:34:00,935,high,client_2,server_1,router_1,2,client-router-server,1.75,0.64,47,84.32,100.0,54.34,117.26,10.07,1.75,3.66,1938,1868,70,39,41.06,normal,0,0,1
2026-01-02 00:35:00,936,high,client_3,server_1,router_1,2,client-router-server,1.65,0.67,40,69.02,100.0,100.0,139.9,9.22,1.65,5.26,1258,1192,66,65,9.0,normal,0,0,1
2026-01-02 00:36:00,937,high,client_3,server_1,router_1,2,client-router-server,2.15,0.44,51,65.04,100.0,86.96,75.27,6.06,2.15,3.79,3270,3147,123,89,48.31,normal,0,0,1
2026-01-02 00:37:00,938,high,client_1,server_1,router_1,2,client-router-server,1.85,0.48,52,94.35,100.0,56.26,119.17,11.24,1.85,5.03,1708,1623,85,0,36.25,normal,0,0,1
2026-01-02 00:38:00,939,high,client_3,server_1,router_1,2,client-router-server,2.4,0.54,50,78.96,100.0,100.0,74.96,5.92,2.4,5.12,1089,1034,55,54,5.01,normal,0,0,1
2026-01-02 00:39:00,940,high,client_3,server_1,router_1,2,client-router-server,2.42,0.68,48,76.15,100.0,70.89,119.28,7.91,2.42,3.5,5153,4973,180,94,22.93,normal,0,0,1
2026-01-02 00:40:00,941,high,client_3,server_1,router_1,2,client-router-server,2.26,0.68,51,71.36,100.0,74.85,102.51,3.77,2.26,5.69,4796,4524,272,213,52.39,normal,0,0,1
2026-01-02 00:41:00,942,high,client_1,server_1,router_1,2,client-router-server,1.54,0.46,49,70.64,100.0,83.01,83.9,8.44,1.54,5.18,2582,2449,133,116,59.11,normal,0,0,1
2026-01-02 00:42:00,943,high,client_3,server_1,router_1,2,client-router-server,1.81,0.56,43,35.63,100.0,74.29,69.62,6.71,1.81,4.49,4535,4332,203,121,12.39,normal,0,0,1
2026-01-02 00:43:00,944,high,client_3,server_1,router_1,2,client-router-server,2.04,0.62,53,82.48,100.0,86.73,102.69,9.27,2.04,4.88,1263,1202,61,20,41.64,normal,0,0,1
2026-01-02 00:44:00,945,high,client_2,server_1,router_1,2,client-router-server,2.18,0.4,45,60.15,100.0,53.16,70.72,7.19,2.18,3.61,4329,4173,156,122,44.34,normal,0,0,1
2026-01-02 00:45:00,946,high,client_2,server_1,router_1,2,client-router-server,2.4,0.48,44,64.07,100.0,100.0,82.32,8.73,2.4,4.89,2040,1941,99,26,35.24,normal,0,0,1
2026-01-02 00:46:00,947,high,client_1,server_1,router_1,2,client-router-server,2.24,0.41,42,28.69,80.24,85.95,69.39,9.61,2.24,2.33,2485,2428,57,30,17.59,normal,0,0,0
2026-01-02 00:47:00,948,high,client_3,server_1,router_1,2,client-router-server,1.67,0.47,53,24.4,75.52,76.79,70.96,5.28,1.67,2.27,4303,4206,97,64,33.99,normal,0,0,0
2026-01-02 00:48:00,949,high,client_3,server_1,router_1,2,client-router-server,2.48,0.46,49,65.63,86.83,48.1,104.67,8.9,2.48,1.21,2036,2012,24,3,31.31,normal,0,0,1
2026-01-02 00:49:00,950,high,client_1,server_1,router_1,2,client-router-server,1.85,0.43,44,91.82,100.0,74.5,65.89,6.2,1.85,1.61,3385,3331,54,6,27.26,normal,0,0,1
2026-01-02 00:50:00,951,high,client_2,server_1,router_1,2,client-router-server,1.89,0.39,51,69.51,100.0,100.0,104.08,4.7,1.89,3.48,4610,4450,160,68,48.88,normal,0,0,1
2026-01-02 00:51:00,952,high,client_3,server_1,router_1,2,client-router-server,1.89,0.58,40,51.93,100.0,97.2,104.48,11.07,1.89,2.97,1052,1021,31,8,44.84,normal,0,0,1
2026-01-02 00:52:00,953,high,client_1,server_1,router_1,2,client-router-server,2.01,0.51,50,57.34,86.91,92.74,80.07,11.88,2.01,1.89,5599,5494,105,88,29.46,normal,0,0,1
2026-01-02 00:53:00,954,high,client_1,server_1,router_1,2,client-router-server,2.49,0.6,46,82.59,100.0,81.15,85.75,10.37,2.49,4.63,1508,1439,69,11,45.52,normal,0,0,1
2026-01-02 00:54:00,955,high,client_1,server_1,router_1,2,client-router-server,2.26,0.37,48,47.87,100.0,99.83,118.25,8.07,2.26,3.73,2380,2292,88,14,12.86,normal,0,0,1
2026-01-02 00:55:00,956,high,client_3,server_1,router_1,2,client-router-server,1.98,0.7,53,44.01,100.0,82.92,113.2,7.45,1.98,4.64,4887,4661,226,35,53.51,normal,0,0,1
2026-01-02 00:56:00,957,high,client_2,server_1,router_1,2,client-router-server,2.44,0.65,44,60.6,100.0,67.25,72.84,5.83,2.44,4.13,3077,2950,127,23,17.55,normal,0,0,1
2026-01-02 00:57:00,958,high,client_2,server_1,router_1,2,client-router-server,1.88,0.54,50,92.63,100.0,76.04,129.62,10.98,1.88,2.61,5934,5780,154,61,5.42,normal,0,0,1
2026-01-02 00:58:00,959,high,client_1,server_1,router_1,2,client-router-server,2.42,0.53,48,57.47,71.56,81.99,73.95,2.9,2.42,1.49,1533,1511,22,18,24.12,normal,0,0,0
2026-01-02 00:59:00,960,high,client_1,server_1,router_1,2,client-router-server,1.7,0.54,52,48.18,100.0,98.73,99.92,6.92,1.7,3.23,3921,3795,126,2,41.86,normal,0,0,1
2026-01-02 01:00:00,961,high,client_3,server_1,router_1,2,client-router-server,2.46,0.68,47,61.93,100.0,71.06,114.14,6.14,2.46,3.03,4171,4045,126,112,10.36,normal,0,0,1
2026-01-02 01:01:00,962,high,client_3,server_1,router_1,2,client-router-server,1.56,0.36,49,70.75,100.0,61.2,73.13,13.3,1.56,4.31,2739,2621,118,69,30.01,normal,0,0,1
2026-01-02 01:02:00,963,high,client_3,server_1,router_1,2,client-router-server,1.66,0.61,46,22.92,92.84,79.28,91.84,12.2,1.66,4.94,4781,4545,236,94,28.96,normal,0,0,1
2026-01-02 01:03:00,964,high,client_3,server_1,router_1,2,client-router-server,1.52,0.44,50,88.75,100.0,71.56,73.96,12.16,1.52,3.02,1050,1019,31,12,32.24,normal,0,0,1
2026-01-02 01:04:00,965,high,client_2,server_1,router_1,2,client-router-server,2.44,0.65,51,25.97,71.72,61.59,95.47,5.59,2.44,0.96,4067,4028,39,20,20.97,normal,0,0,1
2026-01-02 01:05:00,966,high,client_3,server_1,router_1,2,client-router-server,1.84,0.65,44,80.69,100.0,54.98,67.38,7.0,1.84,2.41,3582,3496,86,67,47.58,normal,0,0,1
2026-01-02 01:06:00,967,high,client_1,server_1,router_1,2,client-router-server,1.71,0.42,43,75.09,100.0,56.97,124.12,9.95,1.71,2.06,2999,2938,61,31,12.68,normal,0,0,1
2026-01-02 01:07:00,968,high,client_2,server_1,router_1,2,client-router-server,2.01,0.53,47,73.77,100.0,58.73,76.54,13.44,2.01,2.29,1625,1588,37,7,9.21,normal,0,0,1
2026-01-02 01:08:00,969,high,client_1,server_1,router_1,2,client-router-server,1.55,0.56,49,61.2,100.0,89.9,129.94,8.05,1.55,5.2,5953,5644,309,42,39.67,normal,0,0,1
2026-01-02 01:09:00,970,high,client_2,server_1,router_1,2,client-router-server,2.36,0.42,53,89.65,100.0,85.71,106.47,11.37,2.36,4.8,5469,5207,262,61,19.63,normal,0,0,1
2026-01-02 01:10:00,971,high,client_2,server_1,router_1,2,client-router-server,1.92,0.64,50,80.57,100.0,67.37,129.46,9.9,1.92,3.13,4702,4555,147,124,41.24,normal,0,0,1
2026-01-02 01:11:00,972,high,client_2,server_1,router_1,2,client-router-server,1.99,0.45,48,22.72,36.6,25.46,40.46,5.68,1.99,0.01,5338,5337,1,1,19.95,normal,0,0,0
2026-01-02 01:12:00,973,high,client_3,server_1,router_1,2,client-router-server,2.19,0.44,51,90.99,100.0,100.0,110.38,14.1,2.19,2.65,2252,2193,59,59,54.31,normal,0,0,1
2026-01-02 01:13:00,974,high,client_3,server_1,router_1,2,client-router-server,1.89,0.62,48,22.77,63.93,66.67,85.37,8.78,1.89,1.26,3751,3704,47,39,26.54,normal,0,0,1
2026-01-02 01:14:00,975,high,client_2,server_1,router_1,2,client-router-server,1.61,0.66,46,70.79,100.0,67.25,82.43,14.28,1.61,5.83,4451,4192,259,232,36.17,normal,0,0,1
2026-01-02 01:15:00,976,high,client_1,server_1,router_1,2,client-router-server,1.69,0.38,50,76.66,100.0,97.77,73.63,8.12,1.69,3.63,5858,5646,212,96,27.44,normal,0,0,1
2026-01-02 01:16:00,977,high,client_3,server_1,router_1,2,client-router-server,1.87,0.39,44,42.94,100.0,100.0,74.11,12.66,1.87,4.71,1402,1336,66,61,7.38,normal,0,0,1
2026-01-02 01:17:00,978,high,client_2,server_1,router_1,2,client-router-server,2.16,0.62,53,21.06,61.47,45.34,79.75,6.4,2.16,1.3,3882,3832,50,11,14.78,normal,0,0,0
2026-01-02 01:18:00,979,high,client_2,server_1,router_1,2,client-router-server,1.71,0.54,40,64.67,100.0,100.0,107.39,10.41,1.71,4.46,4235,4047,188,184,46.93,normal,0,0,1
2026-01-02 01:19:00,980,high,client_2,server_1,router_1,2,client-router-server,1.94,0.68,44,44.23,100.0,59.1,107.42,12.16,1.94,4.56,5155,4920,235,148,41.23,normal,0,0,1
2026-01-02 01:20:00,981,high,client_1,server_1,router_1,2,client-router-server,1.86,0.55,50,78.98,100.0,100.0,72.45,8.82,1.86,5.14,2598,2465,133,76,56.32,normal,0,0,1
2026-01-02 01:21:00,982,high,client_3,server_1,router_1,2,client-router-server,2.29,0.51,47,24.03,36.11,42.69,53.75,4.94,2.29,0.01,2862,2861,1,0,58.99,normal,0,0,0
2026-01-02 01:22:00,983,high,client_1,server_1,router_1,2,client-router-server,2.44,0.61,50,56.51,100.0,56.76,129.92,9.96,2.44,1.59,2017,1985,32,3,11.73,normal,0,0,1
2026-01-02 01:23:00,984,high,client_2,server_1,router_1,2,client-router-server,1.67,0.45,53,31.41,100.0,53.22,109.83,13.62,1.67,4.32,4880,4670,210,131,42.82,normal,0,0,1
2026-01-02 01:24:00,985,high,client_1,server_1,router_1,2,client-router-server,1.52,0.53,40,47.88,100.0,56.32,90.63,10.16,1.52,2.24,3485,3407,78,5,9.38,normal,0,0,1
2026-01-02 01:25:00,986,high,client_1,server_1,router_1,2,client-router-server,1.94,0.56,44,62.39,100.0,88.48,72.92,11.72,1.94,3.58,1845,1779,66,24,46.25,normal,0,0,1
2026-01-02 01:26:00,987,high,client_3,server_1,router_1,2,client-router-server,1.64,0.54,42,75.51,100.0,65.32,77.76,9.77,1.64,3.17,5358,5189,169,135,27.1,normal,0,0,1
2026-01-02 01:27:00,988,high,client_1,server_1,router_1,2,client-router-server,1.73,0.39,45,94.31,100.0,73.3,72.43,14.71,1.73,3.51,4729,4564,165,152,55.79,normal,0,0,1
2026-01-02 01:28:00,989,high,client_3,server_1,router_1,2,client-router-server,1.94,0.56,50,81.43,100.0,63.31,93.69,4.59,1.94,1.98,2308,2263,45,14,29.14,normal,0,0,1
2026-01-02 01:29:00,990,high,client_3,server_1,router_1,2,client-router-server,1.52,0.44,47,53.91,100.0,67.53,112.56,12.66,1.52,5.57,4234,3999,235,69,15.71,normal,0,0,1
2026-01-02 01:30:00,991,high,client_3,server_1,router_1,2,client-router-server,1.9,0.4,52,86.15,100.0,85.4,98.7,13.96,1.9,4.74,1307,1246,61,53,5.86,normal,0,0,1
2026-01-02 01:31:00,992,high,client_1,server_1,router_1,2,client-router-server,2.09,0.64,52,71.38,100.0,73.37,93.19,7.11,2.09,3.33,4198,4059,139,113,36.48,normal,0,0,1
2026-01-02 01:32:00,993,high,client_3,server_1,router_1,2,client-router-server,2.17,0.59,51,34.05,59.29,56.14,46.27,10.66,2.17,0.69,1340,1331,9,9,31.78,normal,0,0,0
2026-01-02 01:33:00,994,high,client_3,server_1,router_1,2,client-router-server,2.0,0.4,49,67.17,100.0,90.35,137.23,13.82,2.0,3.84,1885,1813,72,24,27.21,normal,0,0,1
2026-01-02 01:34:00,995,high,client_1,server_1,router_1,2,client-router-server,1.83,0.42,48,75.74,100.0,100.0,119.48,7.2,1.83,2.79,3633,3532,101,52,43.01,normal,0,0,1
2026-01-02 01:35:00,996,high,client_3,server_1,router_1,2,client-router-server,2.42,0.64,53,33.35,59.48,44.96,69.79,7.32,2.42,0.73,5102,5065,37,35,51.34,normal,0,0,0
2026-01-02 01:36:00,997,high,client_2,server_1,router_1,2,client-router-server,1.68,0.65,49,44.84,83.11,72.57,90.93,5.22,1.68,3.96,1770,1700,70,37,52.55,normal,0,0,1
2026-01-02 01:37:00,998,high,client_2,server_1,router_1,2,client-router-server,1.56,0.63,43,70.71,100.0,100.0,102.29,13.39,1.56,4.23,3427,3283,144,8,48.03,normal,0,0,1
2026-01-02 01:38:00,999,high,client_2,server_1,router_1,2,client-router-server,1.72,0.65,49,77.75,100.0,73.56,108.63,10.84,1.72,2.29,4971,4858,113,17,9.72,normal,0,0,1
2026-01-02 01:39:00,1000,high,client_3,server_1,router_1,2,client-router-server,1.83,0.61,50,60.76,100.0,100.0,80.51,6.68,1.83,2.26,1688,1650,38,15,47.99,normal,0,0,1
2026-01-02 01:40:00,1001,high,client_1,server_1,router_1,2,client-router-server,1.56,0.5,47,78.11,100.0,50.72,108.26,10.94,1.56,4.08,3966,3805,161,83,25.14,link_degradation,0,1,1
2026-01-02 01:41:00,1002,high,client_3,server_1,router_1,2,client-router-server,2.26,0.57,43,43.09,60.09,59.81,68.3,9.7,2.26,0.57,5853,5820,33,7,17.1,link_degradation,0,0,0
2026-01-02 01:42:00,1003,high,client_1,server_1,router_1,2,client-router-server,2.31,0.69,40,75.9,100.0,58.48,74.88,9.64,2.31,5.47,1807,1709,98,47,51.2,link_degradation,0,1,1
2026-01-02 01:43:00,1004,high,client_1,server_1,router_1,2,client-router-server,1.61,0.61,48,39.31,100.0,100.0,122.15,7.41,1.61,1.61,2594,2553,41,10,44.67,link_degradation,0,1,1
2026-01-02 01:44:00,1005,high,client_1,server_1,router_1,2,client-router-server,1.64,0.38,43,81.49,100.0,72.03,126.5,7.27,1.64,5.91,3596,3384,212,9,14.46,link_degradation,0,1,1
2026-01-02 01:45:00,1006,high,client_2,server_1,router_1,2,client-router-server,1.89,0.52,52,117.31,100.0,98.33,75.57,12.24,1.89,2.51,1752,1709,43,0,23.07,link_degradation,0,1,1
2026-01-02 01:46:00,1007,high,client_3,server_1,router_1,2,client-router-server,2.31,0.58,44,123.5,100.0,96.34,75.48,8.97,2.31,2.61,1987,1936,51,45,40.89,link_degradation,0,1,1
2026-01-02 01:47:00,1008,high,client_3,server_1,router_1,2,client-router-server,1.97,0.63,51,37.91,100.0,87.61,73.59,5.98,1.97,1.98,1840,1804,36,6,24.13,link_degradation,0,1,1
2026-01-02 01:48:00,1009,high,client_1,server_1,router_1,2,client-router-server,1.95,0.36,51,37.11,61.04,59.05,50.91,12.13,1.95,1.29,5586,5514,72,66,12.54,link_degradation,0,0,0
2026-01-02 01:49:00,1010,high,client_2,server_1,router_1,2,client-router-server,2.15,0.56,50,59.92,86.92,45.02,87.06,10.84,2.15,1.74,2188,2150,38,36,58.53,link_degradation,0,1,1
2026-01-02 01:50:00,1011,high,client_1,server_1,router_1,2,client-router-server,1.63,0.38,45,122.15,100.0,94.64,95.44,10.27,1.63,4.28,4486,4294,192,113,57.04,link_degradation,0,1,1
2026-01-02 01:51:00,1012,high,client_1,server_1,router_1,2,client-router-server,2.12,0.41,47,105.71,100.0,99.36,76.66,9.02,2.12,3.53,2655,2562,93,31,40.67,link_degradation,0,1,1
2026-01-02 01:52:00,1013,high,client_3,server_1,router_1,2,client-router-server,2.17,0.64,49,70.32,99.34,88.34,127.67,12.3,2.17,5.21,5705,5408,297,93,56.81,link_degradation,0,1,1
2026-01-02 01:53:00,1014,high,client_3,server_1,router_1,2,client-router-server,2.19,0.59,50,118.93,100.0,74.12,67.98,5.52,2.19,1.92,5258,5158,100,84,19.06,link_degradation,0,1,1
2026-01-02 01:54:00,1015,high,client_1,server_1,router_1,2,client-router-server,1.63,0.5,45,103.68,100.0,87.85,103.86,7.47,1.63,1.56,5995,5902,93,69,15.22,link_degradation,0,1,1
2026-01-02 01:55:00,1016,high,client_1,server_1,router_1,2,client-router-server,1.84,0.46,44,113.78,100.0,71.08,118.52,12.8,1.84,2.16,4278,4186,92,72,33.23,link_degradation,0,1,1
2026-01-02 01:56:00,1017,high,client_1,server_1,router_1,2,client-router-server,1.73,0.69,43,52.39,100.0,100.0,71.46,9.96,1.73,3.54,2615,2523,92,26,11.48,link_degradation,0,1,1
2026-01-02 01:57:00,1018,high,client_1,server_1,router_1,2,client-router-server,2.19,0.5,52,117.89,100.0,75.43,83.2,7.36,2.19,2.35,3790,3701,89,68,49.42,link_degradation,0,1,1
2026-01-02 01:58:00,1019,high,client_3,server_1,router_1,2,client-router-server,2.32,0.55,49,105.39,100.0,98.92,124.12,14.05,2.32,2.63,3464,3373,91,90,59.0,link_degradation,0,1,1
2026-01-02 01:59:00,1020,high,client_1,server_1,router_1,2,client-router-server,1.78,0.55,52,92.91,100.0,100.0,76.08,9.55,1.78,5.26,5672,5374,298,145,56.1,link_degradation,0,1,1
2026-01-02 02:00:00,1021,high,client_2,server_1,router_1,2,client-router-server,1.64,0.35,42,43.92,100.0,73.45,99.76,11.45,1.64,2.2,5912,5782,130,105,45.78,link_degradation,0,1,1
2026-01-02 02:01:00,1022,high,client_2,server_1,router_1,2,client-router-server,1.84,0.64,49,109.66,100.0,100.0,91.29,10.0,1.84,3.21,4557,4411,146,50,35.05,link_degradation,0,1,1
2026-01-02 02:02:00,1023,high,client_3,server_1,router_1,2,client-router-server,2.22,0.48,50,115.52,100.0,100.0,123.13,6.42,2.22,2.04,5842,5723,119,93,53.15,link_degradation,0,1,1
2026-01-02 02:03:00,1024,high,client_1,server_1,router_1,2,client-router-server,2.39,0.42,41,119.76,100.0,100.0,95.82,8.33,2.39,5.41,3419,3235,184,173,49.69,link_degradation,0,1,1
2026-01-02 02:04:00,1025,high,client_3,server_1,router_1,2,client-router-server,1.9,0.49,53,111.05,100.0,82.09,129.11,11.46,1.9,2.98,3340,3241,99,11,19.56,link_degradation,0,1,1
2026-01-02 02:05:00,1026,high,client_3,server_1,router_1,2,client-router-server,2.45,0.58,47,123.26,100.0,85.31,117.6,11.14,2.45,2.17,4745,4643,102,33,43.51,link_degradation,0,1,1
2026-01-02 02:06:00,1027,high,client_1,server_1,router_1,2,client-router-server,2.32,0.39,52,105.87,100.0,77.53,87.59,8.1,2.32,3.29,3929,3800,129,87,32.98,link_degradation,0,1,1
2026-01-02 02:07:00,1028,high,client_1,server_1,router_1,2,client-router-server,1.91,0.42,41,31.43,86.94,79.93,98.24,10.99,1.91,3.05,2264,2195,69,29,22.12,link_degradation,0,1,1
2026-01-02 02:08:00,1029,high,client_3,server_1,router_1,2,client-router-server,1.84,0.44,42,75.07,100.0,86.88,137.32,8.9,1.84,3.51,5093,4915,178,55,17.29,link_degradation,0,1,1
2026-01-02 02:09:00,1030,high,client_3,server_1,router_1,2,client-router-server,2.45,0.64,40,37.29,100.0,83.45,120.77,4.6,2.45,4.86,2678,2548,130,84,56.2,link_degradation,0,1,1
2026-01-02 02:10:00,1031,high,client_1,server_1,router_1,2,client-router-server,2.16,0.46,46,91.57,100.0,92.77,130.61,11.22,2.16,4.32,5188,4964,224,216,22.15,link_degradation,0,1,1
2026-01-02 02:11:00,1032,high,client_2,server_1,router_1,2,client-router-server,2.46,0.45,46,26.61,69.48,78.59,68.39,8.09,2.46,2.08,2660,2605,55,42,14.29,link_degradation,0,0,0
2026-01-02 02:12:00,1033,high,client_3,server_1,router_1,2,client-router-server,2.0,0.7,52,68.03,100.0,100.0,79.92,8.66,2.0,4.87,4565,4343,222,107,30.14,link_degradation,0,1,1
2026-01-02 02:13:00,1034,high,client_1,server_1,router_1,2,client-router-server,1.54,0.44,46,115.01,100.0,61.11,109.86,13.87,1.54,4.5,4655,4446,209,105,9.13,link_degradation,0,1,1
2026-01-02 02:14:00,1035,high,client_3,server_1,router_1,2,client-router-server,2.24,0.67,46,66.1,100.0,94.01,97.97,4.13,2.24,3.28,2041,1975,66,25,19.05,link_degradation,0,1,1
2026-01-02 02:15:00,1036,high,client_3,server_1,router_1,2,client-router-server,1.95,0.57,44,105.41,100.0,68.38,132.62,7.81,1.95,4.73,1789,1705,84,38,48.99,link_degradation,0,1,1
2026-01-02 02:16:00,1037,high,client_1,server_1,router_1,2,client-router-server,2.42,0.61,49,84.06,100.0,100.0,137.46,7.83,2.42,4.92,1102,1048,54,14,39.76,link_degradation,0,1,1
2026-01-02 02:17:00,1038,high,client_2,server_1,router_1,2,client-router-server,1.51,0.37,46,100.51,100.0,67.39,132.2,10.88,1.51,2.98,2632,2554,78,69,42.23,link_degradation,0,1,1
2026-01-02 02:18:00,1039,high,client_3,server_1,router_1,2,client-router-server,2.12,0.53,46,93.25,100.0,75.48,116.98,3.86,2.12,2.37,5819,5682,137,112,53.11,link_degradation,0,1,1
2026-01-02 02:19:00,1040,high,client_1,server_1,router_1,2,client-router-server,2.43,0.49,48,93.54,100.0,70.76,82.91,9.97,2.43,3.33,1800,1741,59,12,48.98,link_degradation,0,1,1
2026-01-02 02:20:00,1041,high,client_2,server_1,router_1,2,client-router-server,2.44,0.58,44,77.3,100.0,100.0,124.74,11.28,2.44,3.82,5603,5389,214,1,22.3,link_degradation,0,1,1
2026-01-02 02:21:00,1042,high,client_2,server_1,router_1,2,client-router-server,2.21,0.43,53,92.29,100.0,99.59,87.63,8.37,2.21,2.85,5109,4964,145,117,8.67,link_degradation,0,1,1
2026-01-02 02:22:00,1043,high,client_3,server_1,router_1,2,client-router-server,2.19,0.5,49,99.93,100.0,69.69,124.38,6.45,2.19,5.04,1190,1131,59,21,52.27,link_degradation,0,1,1
2026-01-02 02:23:00,1044,high,client_1,server_1,router_1,2,client-router-server,2.25,0.49,50,32.06,61.12,47.49,76.73,10.03,2.25,0.78,3417,3391,26,11,45.34,link_degradation,0,0,0
2026-01-02 02:24:00,1045,high,client_1,server_1,router_1,2,client-router-server,1.64,0.42,46,46.89,100.0,78.78,123.91,9.93,1.64,5.46,2985,2823,162,50,46.48,link_degradation,0,1,1
2026-01-02 02:25:00,1046,high,client_3,server_1,router_1,2,client-router-server,1.75,0.42,53,60.33,100.0,94.41,100.2,11.92,1.75,1.77,1277,1255,22,22,18.33,link_degradation,0,1,1
2026-01-02 02:26:00,1047,high,client_2,server_1,router_1,2,client-router-server,1.82,0.46,42,85.42,100.0,100.0,88.33,6.58,1.82,3.51,2417,2333,84,2,53.92,link_degradation,0,1,1
2026-01-02 02:27:00,1048,high,client_2,server_1,router_1,2,client-router-server,2.14,0.44,49,38.56,84.67,64.85,67.92,10.87,2.14,3.5,4678,4515,163,8,12.81,link_degradation,0,1,0
2026-01-02 02:28:00,1049,high,client_2,server_1,router_1,2,client-router-server,2.26,0.55,44,103.84,100.0,97.3,72.97,9.3,2.26,1.75,5728,5628,100,49,7.24,link_degradation,0,1,1
2026-01-02 02:29:00,1050,high,client_2,server_1,router_1,2,client-router-server,1.82,0.58,44,51.73,100.0,100.0,89.44,15.26,1.82,5.64,1925,1817,108,46,53.33,link_degradation,0,1,1
2026-01-02 02:30:00,1051,high,client_2,server_1,router_1,2,client-router-server,2.18,0.52,43,49.97,76.2,78.12,91.98,11.56,2.18,1.29,1176,1161,15,7,53.97,link_degradation,0,1,1
2026-01-02 02:31:00,1052,high,client_2,server_1,router_1,2,client-router-server,2.49,0.53,48,53.61,100.0,78.78,134.26,4.56,2.49,4.76,2048,1951,97,5,27.02,link_degradation,0,1,1
2026-01-02 02:32:00,1053,high,client_3,server_1,router_1,2,client-router-server,1.77,0.41,45,97.21,100.0,100.0,93.11,10.41,1.77,1.85,5573,5470,103,94,17.25,link_degradation,0,1,1
2026-01-02 02:33:00,1054,high,client_1,server_1,router_1,2,client-router-server,2.0,0.49,44,102.99,100.0,81.61,79.91,12.71,2.0,2.69,4952,4819,133,109,56.27,link_degradation,0,1,1
2026-01-02 02:34:00,1055,high,client_1,server_1,router_1,2,client-router-server,2.24,0.47,49,46.25,79.18,40.4,99.67,13.06,2.24,1.64,3201,3149,52,14,32.92,link_degradation,0,1,1
2026-01-02 02:35:00,1056,high,client_3,server_1,router_1,2,client-router-server,1.95,0.57,48,109.1,100.0,100.0,122.96,9.99,1.95,4.01,5193,4985,208,138,57.26,link_degradation,0,1,1
2026-01-02 02:36:00,1057,high,client_1,server_1,router_1,2,client-router-server,2.36,0.39,41,30.58,41.19,42.97,54.85,6.99,2.36,0.01,5185,5184,1,0,5.36,link_degradation,0,0,0
2026-01-02 02:37:00,1058,high,client_2,server_1,router_1,2,client-router-server,2.27,0.62,53,30.83,66.21,69.75,93.98,10.23,2.27,1.51,3954,3895,59,49,25.67,link_degradation,0,0,1
2026-01-02 02:38:00,1059,high,client_2,server_1,router_1,2,client-router-server,2.26,0.59,52,26.87,47.66,39.81,56.71,6.43,2.26,0.01,5305,5304,1,1,39.76,link_degradation,0,0,0
2026-01-02 02:39:00,1060,high,client_1,server_1,router_1,2,client-router-server,1.51,0.44,52,100.48,100.0,65.2,125.89,7.28,1.51,5.62,4172,3938,234,126,32.65,link_degradation,0,1,1
2026-01-02 02:40:00,1061,high,client_2,server_1,router_1,2,client-router-server,1.56,0.35,50,90.86,100.0,100.0,91.7,6.22,1.56,2.27,3146,3075,71,13,20.79,link_degradation,0,1,1
2026-01-02 02:41:00,1062,high,client_2,server_1,router_1,2,client-router-server,2.15,0.48,44,57.82,100.0,56.84,111.22,10.76,2.15,3.25,5926,5734,192,186,19.13,link_degradation,0,1,1
2026-01-02 02:42:00,1063,high,client_3,server_1,router_1,2,client-router-server,2.23,0.49,44,108.45,100.0,57.26,96.38,9.58,2.23,2.9,1969,1912,57,1,22.98,link_degradation,0,1,1
2026-01-02 02:43:00,1064,high,client_1,server_1,router_1,2,client-router-server,1.92,0.65,46,114.17,100.0,52.23,126.17,9.9,1.92,4.57,5446,5198,248,188,27.8,link_degradation,0,1,1
2026-01-02 02:44:00,1065,high,client_2,server_1,router_1,2,client-router-server,1.96,0.5,47,79.79,100.0,100.0,71.97,14.64,1.96,2.0,2363,2316,47,17,22.68,link_degradation,0,1,1
2026-01-02 02:45:00,1066,high,client_2,server_1,router_1,2,client-router-server,2.01,0.52,44,73.04,100.0,100.0,118.25,7.78,2.01,1.8,5200,5107,93,26,42.98,link_degradation,0,1,1
2026-01-02 02:46:00,1067,high,client_2,server_1,router_1,2,client-router-server,2.33,0.56,42,102.98,100.0,54.08,70.88,5.19,2.33,3.18,2346,2272,74,25,17.42,link_degradation,0,1,1
2026-01-02 02:47:00,1068,high,client_1,server_1,router_1,2,client-router-server,1.65,0.38,44,69.46,100.0,100.0,79.02,9.79,1.65,3.7,5426,5226,200,190,44.23,link_degradation,0,1,1
2026-01-02 02:48:00,1069,high,client_2,server_1,router_1,2,client-router-server,2.24,0.39,42,59.53,100.0,100.0,101.24,5.66,2.24,2.04,4618,4524,94,56,30.61,link_degradation,0,1,1
2026-01-02 02:49:00,1070,high,client_1,server_1,router_1,2,client-router-server,1.7,0.55,41,93.07,100.0,100.0,79.96,10.94,1.7,4.88,1911,1818,93,11,33.52,link_degradation,0,1,1
2026-01-02 02:50:00,1071,high,client_3,server_1,router_1,2,client-router-server,1.78,0.47,42,80.46,100.0,99.84,88.76,11.46,1.78,4.71,5201,4957,244,227,54.67,link_degradation,0,1,1
2026-01-02 02:51:00,1072,high,client_3,server_1,router_1,2,client-router-server,1.78,0.35,51,78.86,100.0,76.23,86.62,14.53,1.78,3.79,5494,5286,208,74,13.75,link_degradation,0,1,1
2026-01-02 02:52:00,1073,high,client_3,server_1,router_1,2,client-router-server,2.12,0.46,52,61.33,100.0,77.2,98.17,8.08,2.12,2.52,4350,4241,109,71,33.43,link_degradation,0,1,1
2026-01-02 02:53:00,1074,high,client_2,server_1,router_1,2,client-router-server,1.63,0.64,50,46.72,100.0,56.1,121.54,13.03,1.63,2.41,2418,2360,58,25,41.23,link_degradation,0,1,1
2026-01-02 02:54:00,1075,high,client_3,server_1,router_1,2,client-router-server,1.79,0.68,41,84.57,100.0,54.21,128.39,4.95,1.79,5.08,5998,5694,304,297,11.0,link_degradation,0,1,1
2026-01-02 02:55:00,1076,high,client_1,server_1,router_1,2,client-router-server,1.93,0.46,45,72.46,100.0,99.33,119.67,9.77,1.93,5.75,2374,2238,136,3,48.43,link_degradation,0,1,1
2026-01-02 02:56:00,1077,high,client_3,server_1,router_1,2,client-router-server,2.07,0.49,48,69.62,100.0,100.0,99.87,9.18,2.07,5.96,2032,1911,121,111,13.33,link_degradation,0,1,1
2026-01-02 02:57:00,1078,high,client_2,server_1,router_1,2,client-router-server,1.65,0.37,44,47.34,100.0,60.94,131.57,5.78,1.65,3.08,4396,4261,135,107,48.04,link_degradation,0,1,1
2026-01-02 02:58:00,1079,high,client_1,server_1,router_1,2,client-router-server,1.57,0.66,47,120.7,100.0,100.0,138.27,15.28,1.57,5.46,3894,3682,212,59,54.97,link_degradation,0,1,1
2026-01-02 02:59:00,1080,high,client_3,server_1,router_1,2,client-router-server,1.95,0.59,42,121.88,100.0,64.41,69.39,7.6,1.95,1.82,5557,5456,101,44,51.95,link_degradation,0,1,1
2026-01-02 03:00:00,1081,high,client_2,server_1,router_1,2,client-router-server,2.22,0.39,49,36.42,100.0,88.25,102.74,8.39,2.22,5.09,3944,3744,200,140,37.43,link_degradation,0,1,1
2026-01-02 03:01:00,1082,high,client_3,server_1,router_1,2,client-router-server,1.97,0.37,46,39.55,81.7,69.64,83.08,9.0,1.97,1.93,2448,2401,47,6,5.53,link_degradation,0,1,1
2026-01-02 03:02:00,1083,high,client_1,server_1,router_1,2,client-router-server,1.57,0.67,44,114.12,100.0,70.4,94.47,7.9,1.57,3.03,1451,1408,43,12,54.57,link_degradation,0,1,1
2026-01-02 03:03:00,1084,high,client_3,server_1,router_1,2,client-router-server,2.43,0.53,46,122.93,100.0,100.0,111.23,8.12,2.43,3.57,2779,2680,99,60,48.79,link_degradation,0,1,1
2026-01-02 03:04:00,1085,high,client_2,server_1,router_1,2,client-router-server,1.61,0.69,50,67.3,100.0,69.25,64.14,4.52,1.61,4.58,4333,4135,198,180,43.59,link_degradation,0,1,1
2026-01-02 03:05:00,1086,high,client_3,server_1,router_1,2,client-router-server,2.39,0.36,42,65.29,100.0,53.65,67.3,11.72,2.39,5.41,5173,4894,279,255,29.04,link_degradation,0,1,1
2026-01-02 03:06:00,1087,high,client_3,server_1,router_1,2,client-router-server,2.49,0.47,49,74.8,100.0,88.57,81.86,11.24,2.49,3.94,5832,5603,229,17,15.55,link_degradation,0,1,1
2026-01-02 03:07:00,1088,high,client_3,server_1,router_1,2,client-router-server,2.41,0.54,42,91.67,100.0,81.26,130.55,12.21,2.41,2.14,2020,1977,43,38,33.64,link_degradation,0,1,1
2026-01-02 03:08:00,1089,high,client_3,server_1,router_1,2,client-router-server,1.99,0.62,43,46.8,89.15,52.7,88.58,8.49,1.99,1.82,4747,4661,86,40,21.84,link_degradation,0,1,1
2026-01-02 03:09:00,1090,high,client_3,server_1,router_1,2,client-router-server,1.79,0.64,47,30.83,71.06,75.18,70.15,5.88,1.79,1.0,1923,1904,19,6,28.16,link_degradation,0,0,0
2026-01-02 03:10:00,1091,high,client_1,server_1,router_1,2,client-router-server,1.66,0.53,52,72.49,100.0,90.87,134.61,5.57,1.66,4.61,4866,4642,224,209,35.3,link_degradation,0,1,1
2026-01-02 03:11:00,1092,high,client_2,server_1,router_1,2,client-router-server,2.19,0.48,47,99.21,100.0,50.04,118.36,14.17,2.19,2.87,3309,3215,94,17,32.29,link_degradation,0,1,1
2026-01-02 03:12:00,1093,high,client_2,server_1,router_1,2,client-router-server,1.9,0.48,43,70.34,100.0,90.28,92.23,7.69,1.9,2.73,1986,1932,54,10,55.46,link_degradation,0,1,1
2026-01-02 03:13:00,1094,high,client_3,server_1,router_1,2,client-router-server,2.39,0.65,45,117.23,100.0,79.14,77.18,9.49,2.39,1.93,3833,3760,73,65,25.56,link_degradation,0,1,1
2026-01-02 03:14:00,1095,high,client_3,server_1,router_1,2,client-router-server,1.52,0.7,40,39.11,100.0,74.82,100.5,12.15,1.52,1.6,3129,3079,50,2,9.21,link_degradation,0,1,1
2026-01-02 03:15:00,1096,high,client_2,server_1,router_1,2,client-router-server,2.0,0.57,44,80.06,100.0,79.99,81.58,10.08,2.0,2.68,3710,3611,99,92,55.39,link_degradation,0,1,1
2026-01-02 03:16:00,1097,high,client_3,server_1,router_1,2,client-router-server,1.79,0.56,43,36.89,86.57,72.64,76.43,3.11,1.79,3.53,1847,1782,65,42,37.2,link_degradation,0,1,0
2026-01-02 03:17:00,1098,high,client_2,server_1,router_1,2,client-router-server,1.92,0.39,52,31.92,100.0,61.28,130.7,9.69,1.92,4.46,5908,5645,263,50,31.7,link_degradation,0,1,1
2026-01-02 03:18:00,1099,high,client_3,server_1,router_1,2,client-router-server,2.06,0.38,50,61.42,100.0,83.8,118.99,6.73,2.06,3.86,4616,4438,178,93,41.12,link_degradation,0,1,1
2026-01-02 03:19:00,1100,high,client_3,server_1,router_1,2,client-router-server,1.79,0.65,51,37.45,100.0,100.0,99.47,5.97,1.79,4.38,5256,5026,230,136,17.92,link_degradation,0,1,1
2026-01-02 03:20:00,1101,high,client_2,server_1,router_1,2,client-router-server,2.35,0.38,40,29.95,81.57,72.31,80.79,11.89,2.35,2.9,5023,4878,145,90,31.92,link_degradation,0,1,1
2026-01-02 03:21:00,1102,high,client_3,server_1,router_1,2,client-router-server,2.13,0.54,48,61.01,100.0,53.64,91.47,9.94,2.13,3.63,1771,1707,64,48,22.42,normal,0,0,1
2026-01-02 03:22:00,1103,high,client_1,server_1,router_1,2,client-router-server,1.54,0.69,51,79.99,100.0,64.3,74.13,4.91,1.54,2.3,4507,4404,103,62,14.46,normal,0,0,1
2026-01-02 03:23:00,1104,high,client_1,server_1,router_1,2,client-router-server,1.81,0.41,46,78.52,100.0,100.0,82.71,10.52,1.81,5.66,2648,2499,149,130,42.79,normal,0,0,1
2026-01-02 03:24:00,1105,high,client_2,server_1,router_1,2,client-router-server,1.65,0.62,52,64.72,100.0,89.14,83.99,9.19,1.65,2.23,3583,3504,79,67,9.68,normal,0,0,1
2026-01-02 03:25:00,1106,high,client_2,server_1,router_1,2,client-router-server,1.68,0.4,42,63.62,100.0,63.8,79.15,6.55,1.68,2.5,2803,2733,70,19,51.31,normal,0,0,1
2026-01-02 03:26:00,1107,high,client_1,server_1,router_1,2,client-router-server,2.14,0.64,40,25.14,77.0,87.97,71.57,3.64,2.14,2.09,5599,5482,117,84,8.37,normal,0,0,0
2026-01-02 03:27:00,1108,high,client_3,server_1,router_1,2,client-router-server,2.13,0.57,42,32.48,91.27,94.05,115.89,10.9,2.13,4.77,1634,1557,77,4,29.36,normal,0,0,1
2026-01-02 03:28:00,1109,high,client_2,server_1,router_1,2,client-router-server,1.85,0.57,42,88.09,100.0,91.24,108.61,7.24,1.85,3.58,1230,1186,44,32,49.19,normal,0,0,1
2026-01-02 03:29:00,1110,high,client_1,server_1,router_1,2,client-router-server,2.44,0.67,51,24.74,43.51,41.98,45.02,3.45,2.44,0.01,1621,1620,1,0,58.7,normal,0,0,0
2026-01-02 03:30:00,1111,high,client_2,server_1,router_1,2,client-router-server,2.49,0.68,52,77.38,100.0,82.73,69.45,10.5,2.49,2.61,5828,5676,152,24,20.63,normal,0,0,1
2026-01-02 03:31:00,1112,high,client_2,server_1,router_1,2,client-router-server,1.87,0.47,41,65.02,100.0,67.91,112.88,12.51,1.87,5.04,4354,4135,219,16,7.32,normal,0,0,1
2026-01-02 03:32:00,1113,high,client_1,server_1,router_1,2,client-router-server,1.74,0.61,52,92.7,100.0,54.58,72.06,6.72,1.74,3.38,4874,4710,164,157,58.93,normal,0,0,1
2026-01-02 03:33:00,1114,high,client_2,server_1,router_1,2,client-router-server,2.44,0.61,42,77.38,100.0,71.55,87.94,13.19,2.44,4.1,4965,4762,203,140,15.63,normal,0,0,1
2026-01-02 03:34:00,1115,high,client_1,server_1,router_1,2,client-router-server,2.34,0.38,50,48.29,100.0,100.0,116.86,8.68,2.34,3.99,4040,3879,161,89,29.76,normal,0,0,1
2026-01-02 03:35:00,1116,high,client_1,server_1,router_1,2,client-router-server,1.93,0.62,47,83.27,100.0,100.0,139.05,6.58,1.93,5.15,1276,1211,65,36,14.49,normal,0,0,1
2026-01-02 03:36:00,1117,high,client_1,server_1,router_1,2,client-router-server,2.23,0.68,40,55.46,97.89,75.7,74.16,8.35,2.23,5.01,1173,1115,58,0,44.66,normal,0,0,1
2026-01-02 03:37:00,1118,high,client_3,server_1,router_1,2,client-router-server,2.42,0.38,53,62.1,100.0,50.05,117.51,6.79,2.42,3.6,4594,4429,165,76,58.07,normal,0,0,1
2026-01-02 03:38:00,1119,high,client_2,server_1,router_1,2,client-router-server,1.78,0.43,44,37.77,100.0,61.77,90.27,7.2,1.78,5.52,5278,4987,291,55,44.3,normal,0,0,1
2026-01-02 03:39:00,1120,high,client_1,server_1,router_1,2,client-router-server,2.12,0.59,43,40.95,81.46,45.26,103.87,11.75,2.12,3.33,4785,4626,159,118,30.9,normal,0,0,1
2026-01-02 03:40:00,1121,high,client_1,server_1,router_1,2,client-router-server,2.46,0.63,43,47.71,100.0,58.22,118.31,3.65,2.46,1.97,5035,4936,99,64,29.47,normal,0,0,1
2026-01-02 03:41:00,1122,high,client_3,server_1,router_1,2,client-router-server,2.17,0.54,47,69.38,100.0,100.0,81.6,9.33,2.17,1.76,4866,4781,85,18,50.05,normal,0,0,1
2026-01-02 03:42:00,1123,high,client_1,server_1,router_1,2,client-router-server,1.51,0.67,53,79.35,100.0,63.09,85.8,11.72,1.51,3.34,4234,4093,141,0,23.39,normal,0,0,1
2026-01-02 03:43:00,1124,high,client_1,server_1,router_1,2,client-router-server,2.3,0.44,46,58.77,95.32,71.91,87.17,6.89,2.3,4.49,2618,2501,117,58,40.1,normal,0,0,1
2026-01-02 03:44:00,1125,high,client_2,server_1,router_1,2,client-router-server,2.08,0.55,50,20.83,36.99,25.44,33.01,10.24,2.08,0.01,2119,2118,1,0,56.98,normal,0,0,0
2026-01-02 03:45:00,1126,high,client_2,server_1,router_1,2,client-router-server,1.51,0.36,52,37.18,100.0,100.0,83.63,7.44,1.51,2.22,5316,5198,118,54,20.52,normal,0,0,1
2026-01-02 03:46:00,1127,high,client_3,server_1,router_1,2,client-router-server,1.67,0.48,45,75.56,100.0,100.0,137.92,12.66,1.67,4.69,1985,1892,93,44,55.21,normal,0,0,1
2026-01-02 03:47:00,1128,high,client_1,server_1,router_1,2,client-router-server,2.24,0.4,53,55.51,100.0,50.75,78.12,11.95,2.24,2.17,1452,1421,31,5,12.87,normal,0,0,1
2026-01-02 03:48:00,1129,high,client_1,server_1,router_1,2,client-router-server,2.36,0.61,45,80.53,100.0,96.15,116.8,8.81,2.36,3.14,3564,3453,111,86,30.43,normal,0,0,1
2026-01-02 03:49:00,1130,high,client_3,server_1,router_1,2,client-router-server,1.95,0.4,46,86.38,100.0,100.0,100.54,8.64,1.95,3.04,4672,4530,142,66,37.42,normal,0,0,1
2026-01-02 03:50:00,1131,high,client_3,server_1,router_1,2,client-router-server,1.61,0.37,43,28.96,100.0,100.0,109.04,11.72,1.61,1.85,4756,4669,87,9,54.85,normal,0,0,1
2026-01-02 03:51:00,1132,high,client_3,server_1,router_1,2,client-router-server,2.22,0.48,43,71.93,100.0,78.67,101.23,9.71,2.22,3.8,2965,2853,112,102,30.6,normal,0,0,1
2026-01-02 03:52:00,1133,high,client_1,server_1,router_1,2,client-router-server,1.58,0.64,46,25.08,100.0,73.89,68.65,9.4,1.58,4.08,4921,4721,200,137,13.78,normal,0,0,1
2026-01-02 03:53:00,1134,high,client_2,server_1,router_1,2,client-router-server,2.46,0.51,44,91.27,100.0,96.3,90.74,6.02,2.46,3.83,3562,3426,136,21,8.11,normal,0,0,1
2026-01-02 03:54:00,1135,high,client_1,server_1,router_1,2,client-router-server,2.23,0.35,47,43.54,77.86,65.63,54.32,7.38,2.23,1.01,5258,5205,53,12,13.88,normal,0,0,0
2026-01-02 03:55:00,1136,high,client_3,server_1,router_1,2,client-router-server,1.83,0.4,43,61.52,100.0,81.14,73.62,6.29,1.83,4.18,5990,5740,250,117,40.65,normal,0,0,1
2026-01-02 03:56:00,1137,high,client_3,server_1,router_1,2,client-router-server,2.28,0.48,47,50.56,85.96,92.07,92.55,9.19,2.28,1.39,5368,5294,74,54,12.24,normal,0,0,1
2026-01-02 03:57:00,1138,high,client_1,server_1,router_1,2,client-router-server,1.61,0.65,41,88.55,100.0,100.0,93.49,7.0,1.61,4.61,3129,2985,144,104,28.27,normal,0,0,1
2026-01-02 03:58:00,1139,high,client_2,server_1,router_1,2,client-router-server,1.75,0.45,45,84.42,100.0,94.54,127.09,10.92,1.75,2.47,5776,5634,142,115,15.65,normal,0,0,1
2026-01-02 03:59:00,1140,high,client_2,server_1,router_1,2,client-router-server,1.58,0.44,47,93.2,100.0,92.57,119.53,9.96,1.58,2.85,4884,4745,139,34,11.67,normal,0,0,1
2026-01-02 04:00:00,1141,high,client_1,server_1,router_1,2,client-router-server,2.08,0.52,51,93.36,100.0,100.0,126.19,14.42,2.08,2.26,2309,2257,52,36,29.82,normal,0,0,1
2026-01-02 04:01:00,1142,high,client_1,server_1,router_1,2,client-router-server,2.45,0.56,42,78.07,100.0,95.02,84.08,10.44,2.45,4.7,4380,4175,205,132,46.32,normal,0,0,1
2026-01-02 04:02:00,1143,high,client_3,server_1,router_1,2,client-router-server,1.71,0.48,44,65.36,100.0,69.54,98.23,5.92,1.71,3.53,5688,5488,200,84,57.37,normal,0,0,1
2026-01-02 04:03:00,1144,high,client_3,server_1,router_1,2,client-router-server,1.98,0.48,52,90.42,100.0,98.08,72.59,7.87,1.98,5.55,5095,4813,282,56,31.73,normal,0,0,1
2026-01-02 04:04:00,1145,high,client_3,server_1,router_1,2,client-router-server,1.77,0.59,49,92.98,100.0,100.0,83.17,11.29,1.77,2.28,1090,1066,24,9,14.21,normal,0,0,1
2026-01-02 04:05:00,1146,high,client_2,server_1,router_1,2,client-router-server,1.77,0.63,45,90.47,100.0,100.0,81.57,4.65,1.77,5.83,1349,1271,78,68,7.4,normal,0,0,1
2026-01-02 04:06:00,1147,high,client_1,server_1,router_1,2,client-router-server,2.1,0.52,44,30.58,80.88,62.62,82.16,5.47,2.1,2.66,2818,2744,74,73,10.56,normal,0,0,1
2026-01-02 04:07:00,1148,high,client_2,server_1,router_1,2,client-router-server,2.03,0.53,49,63.02,100.0,90.86,113.51,11.08,2.03,2.74,1944,1891,53,4,52.71,normal,0,0,1
2026-01-02 04:08:00,1149,high,client_1,server_1,router_1,2,client-router-server,2.2,0.35,51,40.22,85.75,87.96,98.02,7.86,2.2,1.84,4246,4168,78,31,32.4,normal,0,0,1
2026-01-02 04:09:00,1150,high,client_3,server_1,router_1,2,client-router-server,1.54,0.39,47,32.6,74.32,57.62,72.04,6.17,1.54,1.58,3676,3618,58,39,6.12,normal,0,0,0
2026-01-02 04:10:00,1151,high,client_2,server_1,router_1,2,client-router-server,2.48,0.68,42,81.54,100.0,75.63,66.85,8.57,2.48,3.52,1766,1704,62,9,57.64,normal,0,0,1
2026-01-02 04:11:00,1152,high,client_1,server_1,router_1,2,client-router-server,1.74,0.53,41,82.95,100.0,86.46,109.12,7.18,1.74,5.28,2018,1912,106,19,50.3,normal,0,0,1
2026-01-02 04:12:00,1153,high,client_1,server_1,router_1,2,client-router-server,2.46,0.69,51,87.57,100.0,95.69,72.31,9.99,2.46,4.89,5395,5132,263,129,16.66,normal,0,0,1
2026-01-02 04:13:00,1154,high,client_3,server_1,router_1,2,client-router-server,2.13,0.5,47,48.83,88.3,67.45,118.53,8.36,2.13,1.65,2410,2371,39,8,13.65,normal,0,0,1
2026-01-02 04:14:00,1155,high,client_2,server_1,router_1,2,client-router-server,1.74,0.47,42,57.61,100.0,66.52,107.6,8.62,1.74,4.59,2115,2018,97,19,41.22,normal,0,0,1
2026-01-02 04:15:00,1156,high,client_1,server_1,router_1,2,client-router-server,2.43,0.53,47,68.78,100.0,71.36,83.32,14.27,2.43,2.49,5155,5027,128,21,45.2,normal,0,0,1
2026-01-02 04:16:00,1157,high,client_1,server_1,router_1,2,client-router-server,2.44,0.52,51,75.78,100.0,100.0,116.17,9.83,2.44,2.27,2854,2790,64,45,49.58,normal,0,0,1
2026-01-02 04:17:00,1158,high,client_1,server_1,router_1,2,client-router-server,1.65,0.49,42,58.46,100.0,65.43,97.39,8.12,1.65,5.18,5965,5657,308,90,38.61,normal,0,0,1
2026-01-02 04:18:00,1159,high,client_2,server_1,router_1,2,client-router-server,2.44,0.5,48,47.58,85.3,88.63,97.32,8.45,2.44,1.51,4795,4723,72,28,31.91,normal,0,0,1
2026-01-02 04:19:00,1160,high,client_1,server_1,router_1,2,client-router-server,2.3,0.38,42,79.41,100.0,64.2,109.98,9.74,2.3,4.37,2793,2671,122,63,34.78,normal,0,0,1
2026-01-02 04:20:00,1161,high,client_3,server_1,router_1,2,client-router-server,2.36,0.64,43,93.37,100.0,73.09,72.59,11.54,2.36,3.06,4098,3973,125,56,55.07,normal,0,0,1
2026-01-02 04:21:00,1162,high,client_1,server_1,router_1,2,client-router-server,1.98,0.58,45,55.83,100.0,95.19,114.69,5.94,1.98,5.56,4239,4004,235,42,47.48,normal,0,0,1
2026-01-02 04:22:00,1163,high,client_2,server_1,router_1,2,client-router-server,2.26,0.4,45,21.28,39.74,41.04,35.63,8.64,2.26,0.01,4613,4612,1,0,50.2,normal,0,0,0
2026-01-02 04:23:00,1164,high,client_3,server_1,router_1,2,client-router-server,1.58,0.49,50,69.13,100.0,66.0,120.53,15.09,1.58,4.34,1322,1265,57,51,26.82,normal,0,0,1
2026-01-02 04:24:00,1165,high,client_3,server_1,router_1,2,client-router-server,1.73,0.53,51,75.92,100.0,51.15,103.8,7.59,1.73,5.83,2870,2703,167,152,46.2,normal,0,0,1
2026-01-02 04:25:00,1166,high,client_2,server_1,router_1,2,client-router-server,1.6,0.42,45,91.56,100.0,89.85,91.21,8.95,1.6,5.87,5304,4993,311,156,37.0,normal,0,0,1
2026-01-02 04:26:00,1167,high,client_1,server_1,router_1,2,client-router-server,1.65,0.38,45,21.07,60.95,38.6,68.45,6.0,1.65,0.82,2028,2012,16,1,43.32,normal,0,0,0
2026-01-02 04:27:00,1168,high,client_1,server_1,router_1,2,client-router-server,1.9,0.48,51,90.37,100.0,63.8,74.78,12.91,1.9,5.61,1579,1491,88,12,41.38,normal,0,0,1
2026-01-02 04:28:00,1169,high,client_2,server_1,router_1,2,client-router-server,1.84,0.5,50,77.34,100.0,76.97,123.42,13.36,1.84,5.66,5956,5619,337,75,15.55,normal,0,0,1
2026-01-02 04:29:00,1170,high,client_2,server_1,router_1,2,client-router-server,2.08,0.58,49,55.43,85.47,43.62,69.77,3.69,2.08,2.39,5327,5200,127,78,52.24,normal,0,0,0
2026-01-02 04:30:00,1171,high,client_3,server_1,router_1,2,client-router-server,2.12,0.41,41,35.09,65.89,73.58,89.19,9.93,2.12,1.22,5918,5846,72,28,10.55,normal,0,0,1
2026-01-02 04:31:00,1172,high,client_3,server_1,router_1,2,client-router-server,1.77,0.64,40,43.33,100.0,100.0,80.14,8.91,1.77,1.65,5030,4948,82,18,46.04,normal,0,0,1
2026-01-02 04:32:00,1173,high,client_3,server_1,router_1,2,client-router-server,1.67,0.56,50,91.1,100.0,100.0,114.8,9.08,1.67,4.91,4399,4184,215,12,51.82,normal,0,0,1
2026-01-02 04:33:00,1174,high,client_3,server_1,router_1,2,client-router-server,1.78,0.36,44,62.25,100.0,60.81,64.51,11.2,1.78,3.56,4495,4335,160,61,10.64,normal,0,0,1
2026-01-02 04:34:00,1175,high,client_3,server_1,router_1,2,client-router-server,2.23,0.66,44,45.06,100.0,99.62,89.42,5.23,2.23,2.97,2347,2278,69,60,9.37,normal,0,0,1
2026-01-02 04:35:00,1176,high,client_2,server_1,router_1,2,client-router-server,1.85,0.45,52,72.06,100.0,76.46,75.96,5.36,1.85,5.0,4051,3849,202,10,36.99,normal,0,0,1
2026-01-02 04:36:00,1177,high,client_2,server_1,router_1,2,client-router-server,1.72,0.38,53,86.2,100.0,100.0,125.54,9.38,1.72,4.11,4401,4221,180,2,48.92,normal,0,0,1
2026-01-02 04:37:00,1178,high,client_1,server_1,router_1,2,client-router-server,2.25,0.44,46,73.61,100.0,76.84,116.88,10.69,2.25,2.23,3589,3509,80,61,25.47,normal,0,0,1
2026-01-02 04:38:00,1179,high,client_1,server_1,router_1,2,client-router-server,2.32,0.41,46,35.64,52.37,33.95,56.56,6.27,2.32,0.1,4618,4614,4,4,33.58,normal,0,0,0
2026-01-02 04:39:00,1180,high,client_3,server_1,router_1,2,client-router-server,2.49,0.67,43,89.93,100.0,100.0,93.57,7.29,2.49,5.92,2075,1953,122,29,50.34,normal,0,0,1
2026-01-02 04:40:00,1181,high,client_1,server_1,router_1,2,client-router-server,1.62,0.6,42,51.33,100.0,100.0,79.88,11.44,1.62,5.2,4587,4349,238,115,28.17,normal,0,0,1
2026-01-02 04:41:00,1182,high,client_2,server_1,router_1,2,client-router-server,2.48,0.59,41,67.42,100.0,66.67,75.41,5.06,2.48,5.98,5193,4883,310,288,53.59,normal,0,0,1
2026-01-02 04:42:00,1183,high,client_3,server_1,router_1,2,client-router-server,2.1,0.55,40,38.67,74.49,59.77,78.71,8.52,2.1,2.57,5544,5402,142,121,21.06,normal,0,0,0
2026-01-02 04:43:00,1184,high,client_1,server_1,router_1,2,client-router-server,2.38,0.54,50,66.99,100.0,100.0,119.07,5.48,2.38,5.81,4077,3841,236,235,40.32,normal,0,0,1
2026-01-02 04:44:00,1185,high,client_3,server_1,router_1,2,client-router-server,2.28,0.51,49,54.21,100.0,100.0,95.73,11.57,2.28,1.68,2311,2273,38,30,51.29,normal,0,0,1
2026-01-02 04:45:00,1186,high,client_2,server_1,router_1,2,client-router-server,2.49,0.39,46,66.09,100.0,73.24,85.01,7.47,2.49,2.82,5575,5418,157,43,7.25,normal,0,0,1
2026-01-02 04:46:00,1187,high,client_2,server_1,router_1,2,client-router-server,2.43,0.48,50,48.98,100.0,100.0,121.88,8.06,2.43,2.08,1378,1350,28,9,28.07,normal,0,0,1
2026-01-02 04:47:00,1188,high,client_2,server_1,router_1,2,client-router-server,1.56,0.61,42,24.99,69.68,76.25,76.3,7.11,1.56,1.6,1357,1336,21,1,12.98,normal,0,0,0
2026-01-02 04:48:00,1189,high,client_1,server_1,router_1,2,client-router-server,2.42,0.54,40,40.14,81.99,73.4,58.49,3.29,2.42,3.58,2598,2505,93,23,18.54,normal,0,0,0
2026-01-02 04:49:00,1190,high,client_1,server_1,router_1,2,client-router-server,1.84,0.61,53,62.75,100.0,80.05,77.3,4.6,1.84,3.23,5378,5205,173,93,20.67,normal,0,0,1
2026-01-02 04:50:00,1191,high,client_1,server_1,router_1,2,client-router-server,1.88,0.47,46,49.17,100.0,80.3,110.61,14.35,1.88,4.49,4455,4255,200,82,8.45,normal,0,0,1
2026-01-02 04:51:00,1192,high,client_1,server_1,router_1,2,client-router-server,2.41,0.68,46,43.94,100.0,83.77,85.83,8.88,2.41,2.87,2929,2845,84,71,29.74,normal,0,0,1
2026-01-02 04:52:00,1193,high,client_3,server_1,router_1,2,client-router-server,1.51,0.53,47,79.82,100.0,68.98,88.01,9.43,1.51,5.13,4264,4046,218,61,41.76,normal,0,0,1
2026-01-02 04:53:00,1194,high,client_3,server_1,router_1,2,client-router-server,2.33,0.37,41,33.96,98.87,100.0,136.65,10.1,2.33,5.71,2692,2539,153,126,58.74,normal,0,0,1
2026-01-02 04:54:00,1195,high,client_3,server_1,router_1,2,client-router-server,1.95,0.6,52,22.93,57.38,64.85,62.76,6.74,1.95,0.51,4622,4599,23,13,5.89,normal,0,0,0
2026-01-02 04:55:00,1196,high,client_1,server_1,router_1,2,client-router-server,1.52,0.56,44,87.24,100.0,91.42,84.84,6.93,1.52,4.08,3242,3110,132,68,38.73,normal,0,0,1
2026-01-02 04:56:00,1197,high,client_3,server_1,router_1,2,client-router-server,1.54,0.46,50,49.16,100.0,80.71,115.06,11.67,1.54,2.28,3755,3670,85,42,29.5,normal,0,0,1
2026-01-02 04:57:00,1198,high,client_1,server_1,router_1,2,client-router-server,2.5,0.38,49,88.37,100.0,53.04,104.96,9.89,2.5,1.61,3176,3125,51,0,37.02,normal,0,0,1
2026-01-02 04:58:00,1199,high,client_2,server_1,router_1,2,client-router-server,1.62,0.61,41,88.31,100.0,100.0,87.39,6.34,1.62,5.08,3201,3039,162,56,15.39,normal,0,0,1
2026-01-02 04:59:00,1200,high,client_2,server_1,router_1,2,client-router-server,2.28,0.46,44,40.8,60.51,43.05,84.05,5.47,2.28,0.63,5131,5099,32,26,35.34,normal,0,0,1
2026-01-02 05:00:00,1201,high,client_3,server_1,router_1,2,client-router-server,2.15,0.61,41,47.12,67.35,56.62,87.25,4.5,2.15,1.54,1239,1220,19,13,5.9,normal,0,0,1
2026-01-02 05:01:00,1202,high,client_3,server_1,router_1,2,client-router-server,1.56,0.37,41,30.44,60.93,60.15,69.05,3.92,1.56,1.23,4587,4531,56,4,22.16,normal,0,0,0
2026-01-02 05:02:00,1203,high,client_2,server_1,router_1,2,client-router-server,1.83,0.62,47,46.2,100.0,100.0,124.27,8.71,1.83,2.01,4693,4599,94,79,29.52,normal,0,0,1
2026-01-02 05:03:00,1204,high,client_3,server_1,router_1,2,client-router-server,1.51,0.7,46,42.76,100.0,88.97,114.19,5.62,1.51,1.81,4372,4293,79,17,23.27,normal,0,0,1
2026-01-02 05:04:00,1205,high,client_2,server_1,router_1,2,client-router-server,1.92,0.63,41,30.55,98.73,58.73,111.33,5.44,1.92,1.94,3251,3188,63,22,55.5,normal,0,0,1
2026-01-02 05:05:00,1206,high,client_3,server_1,router_1,2,client-router-server,1.99,0.43,44,57.44,100.0,58.56,91.27,10.34,1.99,5.55,3252,3072,180,68,45.36,normal,0,0,1
2026-01-02 05:06:00,1207,high,client_2,server_1,router_1,2,client-router-server,1.54,0.69,50,61.27,100.0,59.38,117.0,10.5,1.54,1.92,2018,1980,38,6,12.37,normal,0,0,1
2026-01-02 05:07:00,1208,high,client_3,server_1,router_1,2,client-router-server,2.0,0.59,40,93.35,100.0,70.39,104.92,6.72,2.0,4.35,4072,3895,177,161,52.03,normal,0,0,1
2026-01-02 05:08:00,1209,high,client_1,server_1,router_1,2,client-router-server,2.09,0.47,52,36.62,82.28,67.99,60.48,9.3,2.09,3.71,1888,1818,70,30,34.93,normal,0,0,0
2026-01-02 05:09:00,1210,high,client_1,server_1,router_1,2,client-router-server,2.45,0.65,42,89.31,100.0,62.96,78.33,8.79,2.45,2.9,5767,5600,167,115,39.65,normal,0,0,1
2026-01-02 05:10:00,1211,high,client_1,server_1,router_1,2,client-router-server,2.19,0.46,44,85.35,100.0,96.37,135.15,10.41,2.19,5.38,1141,1080,61,24,41.36,normal,0,0,1
2026-01-02 05:11:00,1212,high,client_1,server_1,router_1,2,client-router-server,1.74,0.59,49,45.65,100.0,100.0,89.38,9.35,1.74,2.09,5617,5500,117,26,34.47,normal,0,0,1
2026-01-02 05:12:00,1213,high,client_3,server_1,router_1,2,client-router-server,1.79,0.64,44,35.14,100.0,68.39,133.08,11.16,1.79,2.3,1050,1026,24,18,14.18,normal,0,0,1
2026-01-02 05:13:00,1214,high,client_1,server_1,router_1,2,client-router-server,2.38,0.41,48,62.11,100.0,100.0,122.2,7.7,2.38,4.07,1457,1398,59,5,11.33,normal,0,0,1
2026-01-02 05:14:00,1215,high,client_3,server_1,router_1,2,client-router-server,2.3,0.38,40,26.59,78.02,64.37,106.66,9.46,2.3,2.29,1262,1234,28,14,31.99,normal,0,0,1
2026-01-02 05:15:00,1216,high,client_3,server_1,router_1,2,client-router-server,2.41,0.5,49,94.1,100.0,53.91,84.18,7.75,2.41,2.76,1188,1156,32,3,48.89,normal,0,0,1
2026-01-02 05:16:00,1217,high,client_2,server_1,router_1,2,client-router-server,2.3,0.54,41,50.9,100.0,66.38,106.02,8.95,2.3,5.45,4504,4259,245,24,50.99,normal,0,0,1
2026-01-02 05:17:00,1218,high,client_3,server_1,router_1,2,client-router-server,2.21,0.4,48,28.32,47.27,52.39,56.16,7.59,2.21,0.01,3417,3416,1,1,38.34,normal,0,0,0
2026-01-02 05:18:00,1219,high,client_3,server_1,router_1,2,client-router-server,2.12,0.65,44,50.95,100.0,57.14,118.98,9.13,2.12,3.17,1405,1361,44,5,50.7,normal,0,0,1
2026-01-02 05:19:00,1220,high,client_1,server_1,router_1,2,client-router-server,1.73,0.55,40,89.79,100.0,98.88,97.89,10.91,1.73,3.63,3752,3616,136,84,31.54,normal,0,0,1
2026-01-02 05:20:00,1221,high,client_1,server_1,router_1,2,client-router-server,1.92,0.63,44,25.19,55.81,46.03,79.6,12.0,1.92,0.52,2884,2870,14,10,31.26,normal,0,0,0
2026-01-02 05:21:00,1222,high,client_1,server_1,router_1,2,client-router-server,1.53,0.69,45,82.75,100.0,74.1,113.4,8.48,1.53,4.64,1381,1317,64,3,38.32,normal,0,0,1
2026-01-02 05:22:00,1223,high,client_1,server_1,router_1,2,client-router-server,1.68,0.51,42,66.85,100.0,69.14,128.7,7.34,1.68,1.88,3673,3604,69,66,6.44,normal,0,0,1
2026-01-02 05:23:00,1224,high,client_3,server_1,router_1,2,client-router-server,1.67,0.46,41,24.25,98.0,66.41,85.9,9.02,1.67,3.5,4085,3943,142,57,33.69,normal,0,0,1
2026-01-02 05:24:00,1225,high,client_1,server_1,router_1,2,client-router-server,2.05,0.51,45,74.43,100.0,79.21,77.95,9.24,2.05,4.56,4634,4423,211,59,26.5,normal,0,0,1
2026-01-02 05:25:00,1226,high,client_3,server_1,router_1,2,client-router-server,2.31,0.62,53,45.8,100.0,73.19,113.28,13.06,2.31,5.73,5055,4766,289,276,17.45,normal,0,0,1
2026-01-02 05:26:00,1227,high,client_3,server_1,router_1,2,client-router-server,2.34,0.7,42,50.79,91.41,62.61,108.68,7.31,2.34,2.55,1504,1466,38,2,56.35,normal,0,0,1
2026-01-02 05:27:00,1228,high,client_2,server_1,router_1,2,client-router-server,2.35,0.59,48,65.68,100.0,72.34,129.91,8.49,2.35,1.78,3864,3796,68,16,39.09,normal,0,0,1
2026-01-02 05:28:00,1229,high,client_2,server_1,router_1,2,client-router-server,2.07,0.45,43,78.64,100.0,67.61,68.12,14.73,2.07,3.98,4416,4241,175,134,52.4,normal,0,0,1
2026-01-02 05:29:00,1230,high,client_3,server_1,router_1,2,client-router-server,1.86,0.69,53,32.88,76.44,79.79,103.19,7.58,1.86,2.85,1239,1204,35,8,15.36,normal,0,0,1
2026-01-02 05:30:00,1231,high,client_3,server_1,router_1,2,client-router-server,1.64,0.64,49,87.82,100.0,100.0,89.75,7.94,1.64,4.86,1296,1234,62,6,7.63,normal,0,0,1
2026-01-02 05:31:00,1232,high,client_3,server_1,router_1,2,client-router-server,2.16,0.38,43,62.87,100.0,91.26,72.57,7.22,2.16,3.49,3131,3022,109,79,39.87,normal,0,0,1
2026-01-02 05:32:00,1233,high,client_1,server_1,router_1,2,client-router-server,1.87,0.38,48,35.2,63.76,32.15,73.88,11.69,1.87,0.97,2451,2428,23,9,39.26,normal,0,0,0
2026-01-02 05:33:00,1234,high,client_2,server_1,router_1,2,client-router-server,1.8,0.67,49,84.72,100.0,89.01,99.51,9.55,1.8,3.62,4188,4037,151,112,38.37,normal,0,0,1
2026-01-02 05:34:00,1235,high,client_3,server_1,router_1,2,client-router-server,2.23,0.53,47,31.02,68.75,61.06,53.24,9.28,2.23,0.79,1228,1219,9,0,27.24,normal,0,0,0
2026-01-02 05:35:00,1236,high,client_2,server_1,router_1,2,client-router-server,2.0,0.38,53,49.51,98.82,74.71,95.05,9.69,2.0,3.07,4760,4614,146,49,10.34,normal,0,0,1
2026-01-02 05:36:00,1237,high,client_1,server_1,router_1,2,client-router-server,1.81,0.61,45,41.62,100.0,69.19,92.38,11.42,1.81,6.0,2343,2203,140,137,11.07,normal,0,0,1
2026-01-02 05:37:00,1238,high,client_2,server_1,router_1,2,client-router-server,1.72,0.67,41,35.22,80.72,77.74,66.04,11.02,1.72,3.63,5238,5048,190,74,26.24,normal,0,0,0
2026-01-02 05:38:00,1239,high,client_2,server_1,router_1,2,client-router-server,2.31,0.67,44,22.52,49.86,55.19,42.58,8.54,2.31,0.01,1838,1837,1,1,56.07,normal,0,0,0
2026-01-02 05:39:00,1240,high,client_3,server_1,router_1,2,client-router-server,2.43,0.69,52,39.06,100.0,84.32,115.61,7.92,2.43,2.23,1115,1091,24,14,39.88,normal,0,0,1
2026-01-02 05:40:00,1241,high,client_2,server_1,router_1,2,client-router-server,1.69,0.6,41,83.85,100.0,100.0,128.73,13.54,1.69,5.28,2408,2281,127,24,40.32,normal,0,0,1
2026-01-02 05:41:00,1242,high,client_3,server_1,router_1,2,client-router-server,2.44,0.66,52,81.26,100.0,57.31,67.21,4.56,2.44,3.39,5911,5711,200,180,27.27,normal,0,0,1
2026-01-02 05:42:00,1243,high,client_3,server_1,router_1,2,client-router-server,2.29,0.59,47,64.24,100.0,86.7,93.99,8.75,2.29,4.91,5470,5202,268,88,27.38,normal,0,0,1
2026-01-02 05:43:00,1244,high,client_3,server_1,router_1,2,client-router-server,2.43,0.63,47,23.08,66.09,75.18,97.67,3.58,2.43,1.53,3902,3843,59,7,47.51,normal,0,0,1
2026-01-02 05:44:00,1245,high,client_3,server_1,router_1,2,client-router-server,1.65,0.53,40,65.51,100.0,100.0,103.24,14.6,1.65,4.29,3120,2987,133,36,28.72,normal,0,0,1
2026-01-02 05:45:00,1246,high,client_3,server_1,router_1,2,client-router-server,1.78,0.66,41,81.84,100.0,87.93,132.33,8.32,1.78,3.33,4092,3956,136,131,49.93,normal,0,0,1
2026-01-02 05:46:00,1247,high,client_2,server_1,router_1,2,client-router-server,2.18,0.67,40,27.98,88.5,75.36,90.46,12.79,2.18,2.98,5979,5801,178,32,46.76,normal,0,0,1
2026-01-02 05:47:00,1248,high,client_2,server_1,router_1,2,client-router-server,1.65,0.5,48,79.85,100.0,85.42,82.13,14.0,1.65,1.85,5736,5630,106,27,28.09,normal,0,0,1
2026-01-02 05:48:00,1249,high,client_2,server_1,router_1,2,client-router-server,2.41,0.48,42,28.82,42.27,44.98,37.87,3.75,2.41,0.01,2236,2235,1,1,31.79,normal,0,0,0
2026-01-02 05:49:00,1250,high,client_2,server_1,router_1,2,client-router-server,2.2,0.5,43,65.52,100.0,79.95,109.84,11.9,2.2,2.21,3515,3438,77,20,28.96,normal,0,0,1
2026-01-02 05:50:00,1251,high,client_2,server_1,router_1,2,client-router-server,2.42,0.66,47,35.88,93.12,68.74,69.91,11.35,2.42,2.22,4749,4644,105,9,43.5,normal,0,0,1
2026-01-02 05:51:00,1252,high,client_2,server_1,router_1,2,client-router-server,1.94,0.36,42,77.55,100.0,99.96,118.79,6.82,1.94,2.92,1964,1907,57,14,9.38,normal,0,0,1
2026-01-02 05:52:00,1253,high,client_2,server_1,router_1,2,client-router-server,1.65,0.38,46,88.37,100.0,84.72,110.02,6.55,1.65,4.77,1052,1002,50,38,37.56,normal,0,0,1
2026-01-02 05:53:00,1254,high,client_2,server_1,router_1,2,client-router-server,1.57,0.4,52,59.02,100.0,93.86,129.36,11.02,1.57,1.51,4270,4206,64,27,42.52,normal,0,0,1
2026-01-02 05:54:00,1255,high,client_1,server_1,router_1,2,client-router-server,2.5,0.67,43,55.61,100.0,70.57,74.9,6.81,2.5,5.88,3245,3055,190,99,56.93,normal,0,0,1
2026-01-02 05:55:00,1256,high,client_2,server_1,router_1,2,client-router-server,2.02,0.36,53,24.17,81.44,87.12,93.92,13.02,2.02,2.43,1445,1410,35,9,16.75,normal,0,0,1
2026-01-02 05:56:00,1257,high,client_3,server_1,router_1,2,client-router-server,1.88,0.57,52,24.89,41.92,21.62,44.3,4.91,1.88,0.01,2074,2073,1,1,44.9,normal,0,0,0
2026-01-02 05:57:00,1258,high,client_2,server_1,router_1,2,client-router-server,2.26,0.65,51,40.49,100.0,100.0,95.88,11.99,2.26,3.71,3508,3378,130,96,39.43,normal,0,0,1
2026-01-02 05:58:00,1259,high,client_3,server_1,router_1,2,client-router-server,1.62,0.7,42,27.19,76.82,47.35,65.01,12.73,1.62,2.65,3382,3293,89,41,9.36,normal,0,0,0
2026-01-02 05:59:00,1260,high,client_3,server_1,router_1,2,client-router-server,1.68,0.46,53,51.97,100.0,79.89,134.48,9.59,1.68,3.72,2284,2200,84,53,25.65,normal,0,0,1
2026-01-02 06:00:00,1261,high,client_2,server_1,router_1,2,client-router-server,1.96,0.58,51,74.66,100.0,96.01,128.64,11.08,1.96,3.92,4188,4024,164,92,57.9,normal,0,0,1
2026-01-02 06:01:00,1262,high,client_3,server_1,router_1,2,client-router-server,1.65,0.45,46,27.75,100.0,100.0,78.15,7.03,1.65,5.18,4803,4555,248,192,24.93,normal,0,0,1
2026-01-02 06:02:00,1263,high,client_1,server_1,router_1,2,client-router-server,1.97,0.37,42,88.02,100.0,97.48,88.19,14.31,1.97,3.92,1521,1462,59,14,54.24,normal,0,0,1
2026-01-02 06:03:00,1264,high,client_1,server_1,router_1,2,client-router-server,1.64,0.43,48,23.92,86.47,89.23,105.68,8.59,1.64,3.18,2507,2428,79,59,6.74,normal,0,0,1
2026-01-02 06:04:00,1265,high,client_1,server_1,router_1,2,client-router-server,2.21,0.5,49,26.24,42.77,44.91,53.54,6.64,2.21,0.01,3360,3359,1,0,14.05,normal,0,0,0
2026-01-02 06:05:00,1266,high,client_2,server_1,router_1,2,client-router-server,1.93,0.63,51,33.34,100.0,77.44,120.24,9.68,1.93,5.4,2247,2126,121,65,35.14,normal,0,0,1
2026-01-02 06:06:00,1267,high,client_1,server_1,router_1,2,client-router-server,2.14,0.67,41,82.54,100.0,75.11,75.85,6.17,2.14,5.34,3083,2919,164,38,30.5,normal,0,0,1
2026-01-02 06:07:00,1268,high,client_2,server_1,router_1,2,client-router-server,1.56,0.65,50,86.58,100.0,100.0,79.55,9.48,1.56,2.81,5185,5040,145,5,49.34,normal,0,0,1
2026-01-02 06:08:00,1269,high,client_1,server_1,router_1,2,client-router-server,2.19,0.38,51,71.19,100.0,51.94,109.64,8.2,2.19,3.76,3402,3275,127,98,20.21,normal,0,0,1
2026-01-02 06:09:00,1270,high,client_1,server_1,router_1,2,client-router-server,1.61,0.48,47,30.9,67.38,43.54,59.95,7.9,1.61,0.88,1271,1260,11,2,38.46,normal,0,0,0
2026-01-02 06:10:00,1271,high,client_3,server_1,router_1,2,client-router-server,2.2,0.36,45,76.65,100.0,100.0,134.69,11.06,2.2,5.71,3839,3620,219,206,46.96,normal,0,0,1
2026-01-02 06:11:00,1272,high,client_1,server_1,router_1,2,client-router-server,1.79,0.6,45,50.79,100.0,63.5,117.42,7.87,1.79,4.7,1721,1641,80,11,28.44,normal,0,0,1
2026-01-02 06:12:00,1273,high,client_3,server_1,router_1,2,client-router-server,2.07,0.44,46,33.35,69.38,72.73,88.64,6.23,2.07,0.74,1069,1062,7,0,16.2,normal,0,0,1
2026-01-02 06:13:00,1274,high,client_3,server_1,router_1,2,client-router-server,2.3,0.46,53,62.88,100.0,93.37,133.67,14.15,2.3,1.66,5064,4980,84,59,51.42,normal,0,0,1
2026-01-02 06:14:00,1275,high,client_1,server_1,router_1,2,client-router-server,1.89,0.47,45,47.16,100.0,63.19,110.5,8.33,1.89,3.34,1515,1465,50,47,20.51,normal,0,0,1
2026-01-02 06:15:00,1276,high,client_3,server_1,router_1,2,client-router-server,2.37,0.36,52,48.06,100.0,50.48,83.64,10.52,2.37,5.29,5886,5575,311,31,24.7,normal,0,0,1
2026-01-02 06:16:00,1277,high,client_1,server_1,router_1,2,client-router-server,2.34,0.36,53,29.61,76.64,45.51,87.01,7.92,2.34,1.03,1206,1194,12,8,30.75,normal,0,0,1
2026-01-02 06:17:00,1278,high,client_1,server_1,router_1,2,client-router-server,1.91,0.38,40,83.62,100.0,79.32,109.57,9.86,1.91,5.64,1043,985,58,27,56.67,normal,0,0,1
2026-01-02 06:18:00,1279,high,client_3,server_1,router_1,2,client-router-server,2.45,0.47,40,93.77,100.0,95.9,131.96,9.9,2.45,2.27,5318,5198,120,43,24.32,normal,0,0,1
2026-01-02 06:19:00,1280,high,client_3,server_1,router_1,2,client-router-server,1.7,0.57,47,22.69,55.16,49.72,58.96,10.47,1.7,0.18,3807,3801,6,6,32.08,normal,0,0,0
2026-01-02 06:20:00,1281,high,client_2,server_1,router_1,2,client-router-server,2.43,0.69,48,37.02,94.19,100.0,132.08,7.35,2.43,3.28,2704,2616,88,51,54.49,normal,0,0,1
2026-01-02 06:21:00,1282,high,client_1,server_1,router_1,2,client-router-server,2.44,0.4,49,66.76,100.0,100.0,96.31,11.19,2.44,5.66,1655,1562,93,8,49.41,normal,0,0,1
2026-01-02 06:22:00,1283,high,client_2,server_1,router_1,2,client-router-server,1.85,0.45,44,79.31,100.0,100.0,90.78,12.93,1.85,1.62,4310,4241,69,54,25.34,normal,0,0,1
2026-01-02 06:23:00,1284,high,client_1,server_1,router_1,2,client-router-server,1.96,0.62,46,84.12,100.0,100.0,139.08,8.47,1.96,1.67,2211,2175,36,9,20.32,normal,0,0,1
2026-01-02 06:24:00,1285,high,client_1,server_1,router_1,2,client-router-server,2.2,0.59,47,55.53,100.0,84.35,74.76,8.13,2.2,2.21,3803,3719,84,16,10.62,normal,0,0,1
2026-01-02 06:25:00,1286,high,client_3,server_1,router_1,2,client-router-server,2.1,0.63,50,31.92,60.04,30.32,64.78,3.16,2.1,0.86,1820,1805,15,7,10.15,normal,0,0,0
2026-01-02 06:26:00,1287,high,client_3,server_1,router_1,2,client-router-server,2.04,0.46,53,62.64,100.0,80.07,89.32,5.91,2.04,1.54,3914,3854,60,24,46.72,normal,0,0,1
2026-01-02 06:27:00,1288,high,client_1,server_1,router_1,2,client-router-server,2.11,0.62,47,91.13,100.0,60.89,87.88,9.11,2.11,1.81,2624,2577,47,7,13.49,normal,0,0,1
2026-01-02 06:28:00,1289,high,client_1,server_1,router_1,2,client-router-server,2.04,0.48,44,39.86,64.78,47.42,57.91,5.86,2.04,0.8,4548,4512,36,16,15.07,normal,0,0,0
2026-01-02 06:29:00,1290,high,client_3,server_1,router_1,2,client-router-server,2.4,0.42,42,85.37,100.0,94.1,101.74,8.95,2.4,2.82,2340,2275,65,62,32.95,normal,0,0,1
2026-01-02 06:30:00,1291,high,client_1,server_1,router_1,2,client-router-server,1.69,0.59,50,57.81,100.0,61.59,102.37,7.64,1.69,3.45,3207,3097,110,89,5.66,normal,0,0,1
2026-01-02 06:31:00,1292,high,client_1,server_1,router_1,2,client-router-server,1.73,0.67,51,63.47,100.0,100.0,72.93,6.75,1.73,3.15,3164,3065,99,82,48.74,normal,0,0,1
2026-01-02 06:32:00,1293,high,client_2,server_1,router_1,2,client-router-server,1.56,0.42,52,41.23,100.0,98.1,87.11,9.36,1.56,2.23,4419,4321,98,38,37.07,normal,0,0,1
2026-01-02 06:33:00,1294,high,client_1,server_1,router_1,2,client-router-server,2.28,0.55,47,32.39,78.6,59.05,55.13,11.65,2.28,3.17,4476,4335,141,71,57.71,normal,0,0,0
2026-01-02 06:34:00,1295,high,client_1,server_1,router_1,2,client-router-server,1.82,0.62,51,87.4,100.0,83.28,87.37,8.11,1.82,4.91,3358,3194,164,140,19.05,normal,0,0,1
2026-01-02 06:35:00,1296,high,client_1,server_1,router_1,2,client-router-server,2.17,0.61,44,46.95,76.54,40.41,67.06,7.72,2.17,1.64,3770,3709,61,36,37.43,normal,0,0,0
2026-01-02 06:36:00,1297,high,client_3,server_1,router_1,2,client-router-server,1.72,0.56,48,62.46,100.0,82.15,131.74,8.62,1.72,3.07,5545,5375,170,85,16.64,normal,0,0,1
2026-01-02 06:37:00,1298,high,client_1,server_1,router_1,2,client-router-server,1.57,0.67,41,76.51,100.0,100.0,127.42,9.03,1.57,1.87,4496,4412,84,12,54.1,normal,0,0,1
2026-01-02 06:38:00,1299,high,client_3,server_1,router_1,2,client-router-server,1.59,0.38,47,51.47,100.0,81.89,125.17,3.88,1.59,5.07,5237,4972,265,127,17.02,normal,0,0,1
2026-01-02 06:39:00,1300,high,client_2,server_1,router_1,2,client-router-server,2.0,0.35,45,89.9,100.0,53.87,91.89,13.16,2.0,4.25,5410,5181,229,122,9.15,normal,0,0,1
2026-01-02 06:40:00,1301,high,client_2,server_1,router_1,2,client-router-server,1.75,0.57,48,41.88,100.0,88.93,71.5,9.08,1.75,3.35,1632,1578,54,20,51.66,normal,0,0,1
2026-01-02 06:41:00,1302,high,client_2,server_1,router_1,2,client-router-server,2.27,0.67,42,30.95,91.92,100.0,91.54,11.41,2.27,2.27,4530,4428,102,46,43.25,normal,0,0,1
2026-01-02 06:42:00,1303,high,client_1,server_1,router_1,2,client-router-server,2.02,0.41,40,47.2,74.9,84.73,64.78,6.13,2.02,1.16,1466,1449,17,15,54.48,normal,0,0,0
2026-01-02 06:43:00,1304,high,client_3,server_1,router_1,2,client-router-server,1.63,0.62,42,47.33,100.0,95.56,98.36,11.52,1.63,2.1,4988,4884,104,1,8.81,normal,0,0,1
2026-01-02 06:44:00,1305,high,client_1,server_1,router_1,2,client-router-server,1.87,0.66,53,61.24,100.0,85.83,76.29,10.43,1.87,3.81,2833,2726,107,8,32.22,normal,0,0,1
2026-01-02 06:45:00,1306,high,client_3,server_1,router_1,2,client-router-server,1.98,0.52,47,57.88,100.0,100.0,86.3,8.65,1.98,4.62,1099,1049,50,43,15.37,normal,0,0,1
2026-01-02 06:46:00,1307,high,client_3,server_1,router_1,2,client-router-server,1.9,0.49,53,34.24,88.34,52.93,107.27,6.54,1.9,1.57,5724,5635,89,73,18.8,normal,0,0,1
2026-01-02 06:47:00,1308,high,client_2,server_1,router_1,2,client-router-server,2.49,0.5,53,22.48,44.53,26.8,38.61,7.1,2.49,0.01,1299,1298,1,0,21.83,normal,0,0,0
2026-01-02 06:48:00,1309,high,client_2,server_1,router_1,2,client-router-server,1.9,0.54,42,66.83,100.0,68.98,123.57,11.2,1.9,4.35,5638,5393,245,70,11.68,normal,0,0,1
2026-01-02 06:49:00,1310,high,client_2,server_1,router_1,2,client-router-server,2.08,0.6,48,76.81,100.0,100.0,134.01,11.76,2.08,2.37,5902,5763,139,99,20.68,normal,0,0,1
2026-01-02 06:50:00,1311,high,client_1,server_1,router_1,2,client-router-server,1.85,0.46,47,82.36,100.0,73.5,114.37,7.6,1.85,2.32,3877,3788,89,41,12.62,normal,0,0,1
2026-01-02 06:51:00,1312,high,client_1,server_1,router_1,2,client-router-server,2.08,0.42,52,85.05,100.0,100.0,137.73,8.79,2.08,4.48,5246,5011,235,121,8.09,normal,0,0,1
2026-01-02 06:52:00,1313,high,client_1,server_1,router_1,2,client-router-server,2.14,0.61,42,86.25,100.0,85.06,81.67,6.07,2.14,4.68,5185,4943,242,211,23.97,normal,0,0,1
2026-01-02 06:53:00,1314,high,client_2,server_1,router_1,2,client-router-server,2.13,0.46,47,93.34,100.0,85.27,110.41,8.09,2.13,2.12,1935,1894,41,28,45.28,normal,0,0,1
2026-01-02 06:54:00,1315,high,client_2,server_1,router_1,2,client-router-server,2.21,0.43,53,22.98,50.52,58.88,60.88,5.63,2.21,0.05,3829,3828,1,0,51.54,normal,0,0,0
2026-01-02 06:55:00,1316,high,client_3,server_1,router_1,2,client-router-server,2.06,0.45,41,86.44,100.0,64.03,63.9,9.57,2.06,3.97,2673,2567,106,68,58.61,normal,0,0,1
2026-01-02 06:56:00,1317,high,client_1,server_1,router_1,2,client-router-server,2.05,0.54,40,87.38,100.0,62.03,94.39,10.93,2.05,3.62,3620,3489,131,131,54.05,normal,0,0,1
2026-01-02 06:57:00,1318,high,client_1,server_1,router_1,2,client-router-server,2.22,0.43,43,86.88,100.0,70.57,71.17,10.4,2.22,5.7,4409,4158,251,216,12.03,normal,0,0,1
2026-01-02 06:58:00,1319,high,client_1,server_1,router_1,2,client-router-server,1.61,0.56,48,83.12,100.0,90.66,70.57,11.69,1.61,4.56,1483,1416,67,32,11.55,normal,0,0,1
2026-01-02 06:59:00,1320,high,client_2,server_1,router_1,2,client-router-server,1.83,0.66,41,34.67,67.99,62.52,79.91,6.25,1.83,0.81,4003,3971,32,30,40.56,normal,0,0,0
2026-01-02 07:00:00,1321,high,client_3,server_1,router_1,2,client-router-server,2.16,0.49,43,63.61,100.0,100.0,70.15,10.1,2.16,3.77,5071,4880,191,16,51.23,normal,0,0,1
2026-01-02 07:01:00,1322,high,client_2,server_1,router_1,2,client-router-server,2.23,0.64,42,74.55,100.0,94.15,93.53,12.3,2.23,3.91,2359,2267,92,24,15.44,normal,0,0,1
2026-01-02 07:02:00,1323,high,client_3,server_1,router_1,2,client-router-server,1.55,0.65,46,93.45,100.0,92.04,115.93,10.13,1.55,5.52,1715,1621,94,37,54.78,normal,0,0,1
2026-01-02 07:03:00,1324,high,client_3,server_1,router_1,2,client-router-server,2.49,0.68,41,46.23,100.0,100.0,73.87,8.69,2.49,3.6,1830,1765,65,21,50.46,normal,0,0,1
2026-01-02 07:04:00,1325,high,client_3,server_1,router_1,2,client-router-server,2.44,0.41,43,38.4,63.36,61.02,81.17,6.22,2.44,1.3,5234,5166,68,14,55.92,normal,0,0,1
2026-01-02 07:05:00,1326,high,client_1,server_1,router_1,2,client-router-server,1.92,0.37,51,40.57,100.0,73.7,122.94,7.25,1.92,4.6,4347,4148,199,55,52.58,normal,0,0,1
2026-01-02 07:06:00,1327,high,client_1,server_1,router_1,2,client-router-server,1.52,0.42,41,41.29,100.0,58.54,80.15,3.76,1.52,5.97,3634,3418,216,86,57.25,normal,0,0,1
2026-01-02 07:07:00,1328,high,client_1,server_1,router_1,2,client-router-server,2.19,0.43,50,62.95,100.0,67.75,72.26,7.26,2.19,5.16,4807,4559,248,0,39.35,normal,0,0,1
2026-01-02 07:08:00,1329,high,client_3,server_1,router_1,2,client-router-server,2.32,0.54,50,55.32,100.0,62.81,78.17,13.31,2.32,4.7,4600,4384,216,214,6.35,normal,0,0,1
2026-01-02 07:09:00,1330,high,client_2,server_1,router_1,2,client-router-server,1.85,0.67,43,85.02,100.0,84.74,75.47,10.57,1.85,3.9,2286,2197,89,15,25.54,normal,0,0,1
2026-01-02 07:10:00,1331,high,client_2,server_1,router_1,2,client-router-server,1.75,0.68,42,39.81,68.38,70.16,74.0,6.91,1.75,1.22,5282,5218,64,3,21.98,normal,0,0,0
2026-01-02 07:11:00,1332,high,client_1,server_1,router_1,2,client-router-server,2.37,0.68,41,72.72,100.0,76.95,68.88,11.53,2.37,3.41,2120,2048,72,49,30.94,normal,0,0,1
2026-01-02 07:12:00,1333,high,client_3,server_1,router_1,2,client-router-server,1.69,0.5,49,55.22,100.0,63.61,93.23,8.19,1.69,2.47,5454,5320,134,60,25.15,normal,0,0,1
2026-01-02 07:13:00,1334,high,client_3,server_1,router_1,2,client-router-server,2.49,0.44,40,60.64,100.0,84.37,74.38,7.09,2.49,4.09,2930,2811,119,19,13.31,normal,0,0,1
2026-01-02 07:14:00,1335,high,client_2,server_1,router_1,2,client-router-server,2.03,0.42,49,48.98,100.0,72.77,101.86,7.3,2.03,4.27,2306,2208,98,49,16.12,normal,0,0,1
2026-01-02 07:15:00,1336,high,client_3,server_1,router_1,2,client-router-server,1.78,0.64,42,52.3,100.0,51.4,116.68,5.85,1.78,4.95,1415,1345,70,8,41.23,normal,0,0,1
2026-01-02 07:16:00,1337,high,client_2,server_1,router_1,2,client-router-server,1.68,0.66,43,75.64,100.0,56.9,107.58,11.08,1.68,5.95,5974,5619,355,204,47.2,normal,0,0,1
2026-01-02 07:17:00,1338,high,client_1,server_1,router_1,2,client-router-server,1.89,0.43,49,24.53,62.07,38.69,65.17,11.74,1.89,0.92,5375,5326,49,16,7.05,normal,0,0,0
2026-01-02 07:18:00,1339,high,client_2,server_1,router_1,2,client-router-server,2.43,0.47,43,26.22,61.79,46.23,63.34,5.18,2.43,1.38,5224,5152,72,55,43.91,normal,0,0,0
2026-01-02 07:19:00,1340,high,client_3,server_1,router_1,2,client-router-server,2.48,0.66,53,64.6,100.0,100.0,134.67,10.03,2.48,4.48,4012,3833,179,95,31.16,normal,0,0,1
2026-01-02 07:20:00,1341,high,client_1,server_1,router_1,2,client-router-server,2.22,0.6,40,86.5,100.0,79.05,104.23,11.34,2.22,1.73,3239,3183,56,14,22.24,normal,0,0,1
2026-01-02 07:21:00,1342,high,client_1,server_1,router_1,2,client-router-server,2.04,0.57,53,60.86,100.0,81.63,71.87,12.55,2.04,5.66,1631,1539,92,8,25.36,normal,0,0,1
2026-01-02 07:22:00,1343,high,client_3,server_1,router_1,2,client-router-server,1.56,0.69,41,31.23,95.66,100.0,95.06,8.82,1.56,4.02,2239,2149,90,63,11.88,normal,0,0,1
2026-01-02 07:23:00,1344,high,client_2,server_1,router_1,2,client-router-server,2.08,0.47,47,89.84,100.0,80.03,84.2,3.48,2.08,2.15,3921,3837,84,17,28.93,normal,0,0,1
2026-01-02 07:24:00,1345,high,client_2,server_1,router_1,2,client-router-server,1.84,0.59,45,71.87,100.0,100.0,105.97,8.81,1.84,5.26,3930,3724,206,107,51.19,normal,0,0,1
2026-01-02 07:25:00,1346,high,client_2,server_1,router_1,2,client-router-server,1.52,0.48,43,23.65,96.36,66.94,104.23,10.17,1.52,2.05,1079,1057,22,15,40.94,normal,0,0,1
2026-01-02 07:26:00,1347,high,client_3,server_1,router_1,2,client-router-server,2.31,0.52,43,37.04,66.45,42.29,58.98,10.14,2.31,0.86,5830,5780,50,0,10.33,normal,0,0,0
2026-01-02 07:27:00,1348,high,client_1,server_1,router_1,2,client-router-server,1.58,0.57,46,35.1,100.0,58.55,91.89,13.53,1.58,3.95,3814,3664,150,66,15.5,normal,0,0,1
2026-01-02 07:28:00,1349,high,client_2,server_1,router_1,2,client-router-server,2.06,0.61,51,71.76,100.0,65.27,98.56,13.49,2.06,3.99,1053,1011,42,16,52.78,normal,0,0,1
2026-01-02 07:29:00,1350,high,client_1,server_1,router_1,2,client-router-server,2.15,0.46,49,34.89,62.91,41.72,51.97,6.43,2.15,0.45,2150,2141,9,3,51.27,normal,0,0,0
2026-01-02 07:30:00,1351,high,client_1,server_1,router_1,2,client-router-server,2.23,0.53,50,47.29,100.0,100.0,116.79,12.92,2.23,4.27,2610,2499,111,26,29.52,normal,0,0,1
2026-01-02 07:31:00,1352,high,client_1,server_1,router_1,2,client-router-server,2.02,0.37,50,69.37,100.0,100.0,81.31,12.26,2.02,5.7,3781,3566,215,145,46.13,normal,0,0,1
2026-01-02 07:32:00,1353,high,client_3,server_1,router_1,2,client-router-server,1.83,0.49,48,20.9,50.25,39.57,47.66,6.66,1.83,0.03,1428,1427,1,0,27.83,normal,0,0,0
2026-01-02 07:33:00,1354,high,client_2,server_1,router_1,2,client-router-server,1.56,0.67,40,40.84,100.0,87.13,111.26,15.34,1.56,3.93,1890,1816,74,18,39.13,normal,0,0,1
2026-01-02 07:34:00,1355,high,client_2,server_1,router_1,2,client-router-server,2.16,0.42,47,51.65,100.0,92.17,130.24,12.15,2.16,5.01,1929,1833,96,31,51.2,normal,0,0,1
2026-01-02 07:35:00,1356,high,client_2,server_1,router_1,2,client-router-server,2.09,0.53,46,84.57,100.0,56.87,95.89,7.08,2.09,2.99,4668,4529,139,55,10.48,normal,0,0,1
2026-01-02 07:36:00,1357,high,client_3,server_1,router_1,2,client-router-server,1.73,0.4,42,56.6,100.0,100.0,82.74,8.14,1.73,2.77,1075,1046,29,7,13.18,normal,0,0,1
2026-01-02 07:37:00,1358,high,client_1,server_1,router_1,2,client-router-server,1.93,0.55,43,81.85,100.0,100.0,108.84,6.21,1.93,3.63,3527,3399,128,20,43.01,normal,0,0,1
2026-01-02 07:38:00,1359,high,client_2,server_1,router_1,2,client-router-server,1.91,0.57,42,77.63,100.0,85.53,113.38,8.98,1.91,2.44,5166,5040,126,125,41.36,normal,0,0,1
2026-01-02 07:39:00,1360,high,client_2,server_1,router_1,2,client-router-server,1.86,0.51,43,74.73,100.0,100.0,109.9,13.12,1.86,5.13,5421,5143,278,33,47.29,normal,0,0,1
2026-01-02 07:40:00,1361,high,client_3,server_1,router_1,2,client-router-server,1.77,0.64,49,87.64,100.0,55.01,76.71,12.69,1.77,5.84,4725,4450,275,153,51.92,normal,0,0,1
2026-01-02 07:41:00,1362,high,client_1,server_1,router_1,2,client-router-server,1.82,0.4,51,36.88,100.0,89.55,98.76,7.03,1.82,4.71,1806,1721,85,40,15.23,normal,0,0,1
2026-01-02 07:42:00,1363,high,client_1,server_1,router_1,2,client-router-server,2.23,0.61,47,84.16,100.0,63.97,116.13,9.23,2.23,5.71,4115,3881,234,143,8.48,normal,0,0,1
2026-01-02 07:43:00,1364,high,client_3,server_1,router_1,2,client-router-server,2.29,0.41,53,34.21,75.11,39.09,66.73,9.01,2.29,0.78,5384,5343,41,13,25.15,normal,0,0,0
2026-01-02 07:44:00,1365,high,client_1,server_1,router_1,2,client-router-server,2.15,0.46,51,85.59,100.0,83.14,122.08,9.41,2.15,2.84,4749,4615,134,124,38.25,normal,0,0,1
2026-01-02 07:45:00,1366,high,client_1,server_1,router_1,2,client-router-server,2.46,0.68,45,32.86,44.58,22.7,46.92,5.85,2.46,0.01,2938,2937,1,0,14.87,normal,0,0,0
2026-01-02 07:46:00,1367,high,client_1,server_1,router_1,2,client-router-server,2.29,0.35,40,51.76,100.0,63.21,66.17,4.08,2.29,2.8,3281,3190,91,59,54.54,normal,0,0,1
2026-01-02 07:47:00,1368,high,client_1,server_1,router_1,2,client-router-server,2.0,0.53,48,90.36,100.0,100.0,84.08,8.15,2.0,1.59,2153,2119,34,3,51.53,normal,0,0,1
2026-01-02 07:48:00,1369,high,client_3,server_1,router_1,2,client-router-server,1.94,0.39,51,61.26,100.0,100.0,85.83,7.47,1.94,4.48,1811,1730,81,2,11.93,normal,0,0,1
2026-01-02 07:49:00,1370,high,client_1,server_1,router_1,2,client-router-server,1.84,0.61,40,62.31,100.0,94.12,103.33,13.0,1.84,5.49,4468,4223,245,34,5.71,normal,0,0,1
2026-01-02 07:50:00,1371,high,client_1,server_1,router_1,2,client-router-server,1.69,0.38,47,63.41,100.0,62.2,80.1,4.71,1.69,3.31,1977,1912,65,57,24.37,normal,0,0,1
2026-01-02 07:51:00,1372,high,client_2,server_1,router_1,2,client-router-server,1.53,0.6,45,40.83,100.0,100.0,131.92,13.7,1.53,3.82,2566,2468,98,54,28.56,normal,0,0,1
2026-01-02 07:52:00,1373,high,client_3,server_1,router_1,2,client-router-server,1.62,0.49,49,75.34,100.0,64.72,64.39,12.95,1.62,2.05,1471,1441,30,21,21.89,normal,0,0,1
2026-01-02 07:53:00,1374,high,client_3,server_1,router_1,2,client-router-server,2.4,0.65,45,42.26,92.17,81.98,84.9,7.36,2.4,1.88,5696,5589,107,26,6.49,normal,0,0,1
2026-01-02 07:54:00,1375,high,client_3,server_1,router_1,2,client-router-server,2.06,0.41,52,21.28,55.21,43.36,68.32,4.62,2.06,0.54,2900,2885,15,9,17.13,normal,0,0,0
2026-01-02 07:55:00,1376,high,client_2,server_1,router_1,2,client-router-server,1.8,0.62,52,49.34,100.0,92.35,118.34,8.97,1.8,4.33,2998,2869,129,129,10.25,normal,0,0,1
2026-01-02 07:56:00,1377,high,client_2,server_1,router_1,2,client-router-server,2.29,0.47,44,88.63,100.0,74.94,87.77,8.01,2.29,5.05,3968,3768,200,7,28.96,normal,0,0,1
2026-01-02 07:57:00,1378,high,client_2,server_1,router_1,2,client-router-server,1.53,0.69,41,34.16,100.0,94.8,88.15,5.52,1.53,3.68,1021,984,37,11,54.16,normal,0,0,1
2026-01-02 07:58:00,1379,high,client_1,server_1,router_1,2,client-router-server,2.24,0.63,41,77.93,100.0,50.58,76.2,11.35,2.24,2.12,5372,5259,113,77,44.89,normal,0,0,1
2026-01-02 07:59:00,1380,high,client_3,server_1,router_1,2,client-router-server,1.53,0.67,42,94.66,100.0,59.73,91.59,8.51,1.53,5.27,1198,1135,63,49,46.86,normal,0,0,1
2026-01-02 08:00:00,1381,high,client_3,server_1,router_1,2,client-router-server,1.84,0.54,47,55.55,100.0,66.96,90.89,10.56,1.84,2.42,3420,3338,82,18,11.4,normal,0,0,1
2026-01-02 08:01:00,1382,high,client_3,server_1,router_1,2,client-router-server,2.36,0.64,53,84.1,100.0,96.54,70.66,12.29,2.36,2.51,4596,4481,115,94,21.21,normal,0,0,1
2026-01-02 08:02:00,1383,high,client_3,server_1,router_1,2,client-router-server,2.45,0.6,43,61.58,100.0,92.18,74.65,13.06,2.45,4.08,4887,4688,199,76,22.55,normal,0,0,1
2026-01-02 08:03:00,1384,high,client_3,server_1,router_1,2,client-router-server,2.0,0.68,47,77.91,100.0,51.69,125.39,10.46,2.0,2.4,2311,2256,55,35,25.8,normal,0,0,1
2026-01-02 08:04:00,1385,high,client_1,server_1,router_1,2,client-router-server,1.97,0.36,46,86.08,100.0,100.0,111.62,8.17,1.97,2.51,4501,4389,112,83,19.2,normal,0,0,1
2026-01-02 08:05:00,1386,high,client_1,server_1,router_1,2,client-router-server,1.92,0.45,46,73.39,100.0,84.26,108.14,8.16,1.92,1.84,5441,5341,100,44,57.8,normal,0,0,1
2026-01-02 08:06:00,1387,high,client_2,server_1,router_1,2,client-router-server,2.02,0.67,52,56.37,100.0,100.0,132.71,8.98,2.02,1.94,4961,4865,96,37,38.06,normal,0,0,1
2026-01-02 08:07:00,1388,high,client_2,server_1,router_1,2,client-router-server,1.87,0.41,49,33.69,70.96,59.5,69.98,6.76,1.87,2.06,1410,1381,29,22,51.55,normal,0,0,0
2026-01-02 08:08:00,1389,high,client_2,server_1,router_1,2,client-router-server,2.38,0.48,53,88.27,100.0,100.0,124.17,8.43,2.38,1.96,2163,2121,42,23,17.19,normal,0,0,1
2026-01-02 08:09:00,1390,high,client_2,server_1,router_1,2,client-router-server,2.04,0.62,43,63.57,100.0,59.36,76.14,5.39,2.04,5.25,3080,2919,161,36,26.24,normal,0,0,1
2026-01-02 08:10:00,1391,high,client_1,server_1,router_1,2,client-router-server,1.75,0.56,46,36.62,100.0,50.45,67.9,5.35,1.75,2.89,5340,5186,154,99,5.6,normal,0,0,1
2026-01-02 08:11:00,1392,high,client_3,server_1,router_1,2,client-router-server,2.05,0.61,47,56.78,100.0,72.19,117.3,9.05,2.05,1.61,3536,3480,56,21,43.32,normal,0,0,1
2026-01-02 08:12:00,1393,high,client_2,server_1,router_1,2,client-router-server,1.96,0.59,53,29.33,46.22,55.33,50.03,3.37,1.96,0.01,1629,1628,1,1,53.75,normal,0,0,0
2026-01-02 08:13:00,1394,high,client_1,server_1,router_1,2,client-router-server,1.89,0.44,40,31.38,100.0,90.15,135.06,10.39,1.89,1.86,2868,2815,53,49,21.3,normal,0,0,1
2026-01-02 08:14:00,1395,high,client_2,server_1,router_1,2,client-router-server,1.73,0.47,53,75.55,100.0,89.82,96.52,8.03,1.73,5.86,1042,981,61,53,19.35,normal,0,0,1
2026-01-02 08:15:00,1396,high,client_3,server_1,router_1,2,client-router-server,2.35,0.38,47,57.28,100.0,100.0,73.99,12.83,2.35,1.64,5901,5805,96,21,24.19,normal,0,0,1
2026-01-02 08:16:00,1397,high,client_3,server_1,router_1,2,client-router-server,2.16,0.59,50,89.89,100.0,100.0,126.14,9.4,2.16,3.55,2552,2462,90,51,12.91,normal,0,0,1
2026-01-02 08:17:00,1398,high,client_1,server_1,router_1,2,client-router-server,1.97,0.58,52,73.04,100.0,100.0,108.93,11.81,1.97,1.74,4799,4716,83,71,26.25,normal,0,0,1
2026-01-02 08:18:00,1399,high,client_1,server_1,router_1,2,client-router-server,2.18,0.45,50,87.95,100.0,100.0,86.0,8.41,2.18,4.6,5291,5048,243,216,22.24,normal,0,0,1
2026-01-02 08:19:00,1400,high,client_1,server_1,router_1,2,client-router-server,1.57,0.68,42,21.19,71.9,55.32,97.59,5.85,1.57,1.29,4725,4665,60,59,47.31,normal,0,0,1
2026-01-02 08:20:00,1401,high,client_2,server_1,router_1,2,client-router-server,2.03,0.47,46,29.15,59.34,69.4,79.23,9.37,2.03,0.54,1910,1900,10,1,50.55,normal,0,0,0
2026-01-02 08:21:00,1402,high,client_1,server_1,router_1,2,client-router-server,2.39,0.44,41,32.6,64.01,50.48,69.13,7.58,2.39,1.09,4123,4079,44,18,24.43,normal,0,0,0
2026-01-02 08:22:00,1403,high,client_1,server_1,router_1,2,client-router-server,2.31,0.43,47,37.03,100.0,100.0,100.66,4.33,2.31,1.68,2561,2518,43,41,25.21,normal,0,0,1
2026-01-02 08:23:00,1404,high,client_2,server_1,router_1,2,client-router-server,1.59,0.65,44,25.94,80.32,83.02,85.71,11.02,1.59,0.95,2144,2124,20,1,38.78,normal,0,0,1
2026-01-02 08:24:00,1405,high,client_1,server_1,router_1,2,client-router-server,1.65,0.47,45,32.3,100.0,87.14,136.53,7.38,1.65,4.86,1461,1390,71,1,20.74,normal,0,0,1
2026-01-02 08:25:00,1406,high,client_3,server_1,router_1,2,client-router-server,2.49,0.5,47,23.25,57.42,49.56,82.44,6.02,2.49,0.29,1986,1981,5,3,15.79,normal,0,0,1
2026-01-02 08:26:00,1407,high,client_1,server_1,router_1,2,client-router-server,1.6,0.53,41,20.67,48.78,50.08,62.56,5.24,1.6,0.01,3677,3676,1,1,54.12,normal,0,0,0
2026-01-02 08:27:00,1408,high,client_2,server_1,router_1,2,client-router-server,2.3,0.36,43,78.98,100.0,100.0,79.82,11.68,2.3,5.14,4592,4356,236,72,26.4,normal,0,0,1
2026-01-02 08:28:00,1409,high,client_2,server_1,router_1,2,client-router-server,2.16,0.48,47,63.45,95.53,84.03,103.22,10.31,2.16,5.01,5332,5065,267,118,15.43,normal,0,0,1
2026-01-02 08:29:00,1410,high,client_3,server_1,router_1,2,client-router-server,1.97,0.51,44,28.44,87.47,68.33,64.73,12.15,1.97,2.69,5581,5431,150,93,27.68,normal,0,0,0
2026-01-02 08:30:00,1411,high,client_3,server_1,router_1,2,client-router-server,1.7,0.58,46,86.5,100.0,100.0,112.91,8.8,1.7,1.65,3640,3580,60,47,42.84,normal,0,0,1
2026-01-02 08:31:00,1412,high,client_2,server_1,router_1,2,client-router-server,1.88,0.37,46,46.17,100.0,100.0,114.8,7.98,1.88,5.96,3203,3013,190,133,6.31,normal,0,0,1
2026-01-02 08:32:00,1413,high,client_1,server_1,router_1,2,client-router-server,2.43,0.55,50,26.96,62.64,66.59,88.85,3.14,2.43,0.55,3995,3974,21,17,18.16,normal,0,0,1
2026-01-02 08:33:00,1414,high,client_2,server_1,router_1,2,client-router-server,1.52,0.69,50,55.74,100.0,74.25,91.2,10.06,1.52,2.6,5414,5274,140,46,29.3,normal,0,0,1
2026-01-02 08:34:00,1415,high,client_1,server_1,router_1,2,client-router-server,1.9,0.68,46,73.26,100.0,50.31,103.37,11.95,1.9,4.44,4304,4113,191,25,10.18,normal,0,0,1
2026-01-02 08:35:00,1416,high,client_3,server_1,router_1,2,client-router-server,1.83,0.67,51,90.92,100.0,54.21,87.18,8.44,1.83,2.31,2589,2530,59,27,31.96,normal,0,0,1
2026-01-02 08:36:00,1417,high,client_2,server_1,router_1,2,client-router-server,2.45,0.39,51,45.51,59.27,60.8,87.0,5.95,2.45,0.35,2160,2153,7,7,14.3,normal,0,0,1
2026-01-02 08:37:00,1418,high,client_1,server_1,router_1,2,client-router-server,2.13,0.54,41,56.64,100.0,100.0,139.87,10.94,2.13,2.59,1128,1099,29,19,44.15,normal,0,0,1
2026-01-02 08:38:00,1419,high,client_1,server_1,router_1,2,client-router-server,1.75,0.56,45,41.8,84.97,88.93,113.73,4.45,1.75,3.34,4478,4329,149,96,50.07,normal,0,0,1
2026-01-02 08:39:00,1420,high,client_2,server_1,router_1,2,client-router-server,1.7,0.62,44,29.87,87.98,82.66,66.91,8.43,1.7,1.23,2822,2788,34,30,8.03,normal,0,0,0
2026-01-02 08:40:00,1421,high,client_3,server_1,router_1,2,client-router-server,2.31,0.56,51,84.97,100.0,100.0,83.68,7.75,2.31,2.6,4191,4083,108,14,13.8,normal,0,0,1
2026-01-02 08:41:00,1422,high,client_1,server_1,router_1,2,client-router-server,1.84,0.54,48,26.82,80.56,77.93,108.51,10.82,1.84,1.14,3757,3715,42,10,18.27,normal,0,0,1
2026-01-02 08:42:00,1423,high,client_2,server_1,router_1,2,client-router-server,1.52,0.61,48,63.12,100.0,100.0,101.99,4.38,1.52,5.4,4690,4437,253,209,55.97,normal,0,0,1
2026-01-02 08:43:00,1424,high,client_1,server_1,router_1,2,client-router-server,1.74,0.55,49,21.21,81.86,58.83,106.91,10.31,1.74,1.9,2815,2762,53,36,54.11,normal,0,0,1
2026-01-02 08:44:00,1425,high,client_1,server_1,router_1,2,client-router-server,1.86,0.47,51,30.02,100.0,50.91,72.39,9.73,1.86,4.43,2818,2694,124,81,26.31,normal,0,0,1
2026-01-02 08:45:00,1426,high,client_1,server_1,router_1,2,client-router-server,2.26,0.48,43,85.52,100.0,100.0,135.82,7.44,2.26,5.45,4345,4109,236,143,45.56,normal,0,0,1
2026-01-02 08:46:00,1427,high,client_1,server_1,router_1,2,client-router-server,1.61,0.6,46,46.01,100.0,100.0,103.04,12.9,1.61,2.45,4556,4445,111,69,35.06,normal,0,0,1
2026-01-02 08:47:00,1428,high,client_2,server_1,router_1,2,client-router-server,2.42,0.39,42,56.11,100.0,88.36,94.94,10.08,2.42,1.75,3453,3393,60,41,59.82,normal,0,0,1
2026-01-02 08:48:00,1429,high,client_1,server_1,router_1,2,client-router-server,2.38,0.6,51,76.78,100.0,100.0,112.36,9.21,2.38,5.02,5722,5435,287,190,18.44,normal,0,0,1
2026-01-02 08:49:00,1430,high,client_1,server_1,router_1,2,client-router-server,1.91,0.57,50,67.62,100.0,100.0,85.69,10.47,1.91,3.28,4182,4045,137,90,53.47,normal,0,0,1
2026-01-02 08:50:00,1431,high,client_3,server_1,router_1,2,client-router-server,1.74,0.68,51,60.43,100.0,52.68,74.15,8.71,1.74,5.52,1165,1101,64,42,11.0,normal,0,0,1
2026-01-02 08:51:00,1432,high,client_1,server_1,router_1,2,client-router-server,1.55,0.65,49,73.89,100.0,89.04,100.66,11.0,1.55,2.15,4732,4631,101,44,49.02,normal,0,0,1
2026-01-02 08:52:00,1433,high,client_2,server_1,router_1,2,client-router-server,2.23,0.7,49,38.35,100.0,100.0,75.48,13.29,2.23,2.56,2516,2452,64,32,48.72,normal,0,0,1
2026-01-02 08:53:00,1434,high,client_1,server_1,router_1,2,client-router-server,2.12,0.64,50,44.4,100.0,72.11,126.76,8.3,2.12,5.96,5363,5044,319,151,28.29,normal,0,0,1
2026-01-02 08:54:00,1435,high,client_2,server_1,router_1,2,client-router-server,1.9,0.69,43,88.42,100.0,62.93,101.83,10.41,1.9,2.66,5688,5537,151,123,35.69,normal,0,0,1
2026-01-02 08:55:00,1436,high,client_2,server_1,router_1,2,client-router-server,1.63,0.38,41,72.05,100.0,98.42,94.62,7.46,1.63,5.59,5336,5038,298,82,52.32,normal,0,0,1
2026-01-02 08:56:00,1437,high,client_1,server_1,router_1,2,client-router-server,2.47,0.5,50,85.44,100.0,52.78,106.28,11.88,2.47,4.61,1248,1191,57,18,13.89,normal,0,0,1
2026-01-02 08:57:00,1438,high,client_3,server_1,router_1,2,client-router-server,1.67,0.5,48,23.4,59.74,40.8,62.76,4.3,1.67,0.68,3696,3671,25,20,7.03,normal,0,0,0
2026-01-02 08:58:00,1439,high,client_2,server_1,router_1,2,client-router-server,2.44,0.5,41,38.69,76.7,66.68,89.58,11.59,2.44,2.42,4559,4449,110,82,15.11,normal,0,0,1
2026-01-02 08:59:00,1440,high,client_2,server_1,router_1,2,client-router-server,2.39,0.38,49,58.1,88.51,58.9,114.24,9.57,2.39,4.36,3494,3342,152,79,26.99,normal,0,0,1
2026-01-02 09:00:00,1441,high,client_3,server_1,router_1,2,client-router-server,2.09,0.58,51,76.87,100.0,100.0,127.16,12.7,2.09,3.48,3097,2990,107,82,43.56,normal,0,0,1
2026-01-02 09:01:00,1442,high,client_1,server_1,router_1,2,client-router-server,1.62,0.59,45,89.93,100.0,55.04,107.56,14.5,1.62,5.47,2877,2720,157,38,10.21,normal,0,0,1
2026-01-02 09:02:00,1443,high,client_1,server_1,router_1,2,client-router-server,1.54,0.48,51,48.27,100.0,57.28,86.62,8.91,1.54,1.76,4537,4458,79,7,30.65,normal,0,0,1
2026-01-02 09:03:00,1444,high,client_3,server_1,router_1,2,client-router-server,1.79,0.39,45,25.31,84.49,96.69,101.03,5.83,1.79,3.76,3358,3232,126,122,21.19,normal,0,0,1
2026-01-02 09:04:00,1445,high,client_1,server_1,router_1,2,client-router-server,2.28,0.56,48,85.76,100.0,68.31,74.85,10.01,2.28,2.0,4543,4453,90,36,49.61,normal,0,0,1
2026-01-02 09:05:00,1446,high,client_1,server_1,router_1,2,client-router-server,2.3,0.47,50,40.24,74.57,68.66,79.41,9.02,2.3,0.98,2793,2766,27,6,55.33,normal,0,0,0
2026-01-02 09:06:00,1447,high,client_3,server_1,router_1,2,client-router-server,2.29,0.66,52,34.87,57.07,67.41,68.21,4.43,2.29,0.46,4597,4576,21,11,28.78,normal,0,0,0
2026-01-02 09:07:00,1448,high,client_3,server_1,router_1,2,client-router-server,2.13,0.38,50,76.4,100.0,95.26,100.98,9.47,2.13,2.98,4625,4488,137,91,51.31,normal,0,0,1
2026-01-02 09:08:00,1449,high,client_1,server_1,router_1,2,client-router-server,1.92,0.51,45,75.94,100.0,100.0,77.28,12.7,1.92,3.45,5834,5633,201,70,56.43,normal,0,0,1
2026-01-02 09:09:00,1450,high,client_1,server_1,router_1,2,client-router-server,1.82,0.59,52,57.4,100.0,91.97,109.29,11.4,1.82,1.8,5329,5234,95,75,52.25,normal,0,0,1
2026-01-02 09:10:00,1451,high,client_3,server_1,router_1,2,client-router-server,1.71,0.52,43,49.81,100.0,100.0,139.81,11.75,1.71,2.72,5733,5578,155,146,42.77,normal,0,0,1
2026-01-02 09:11:00,1452,high,client_1,server_1,router_1,2,client-router-server,1.83,0.45,49,39.39,95.9,94.69,93.66,9.81,1.83,5.07,3530,3352,178,21,55.5,normal,0,0,1
2026-01-02 09:12:00,1453,high,client_1,server_1,router_1,2,client-router-server,2.35,0.37,46,38.9,66.01,49.73,91.61,4.56,2.35,1.91,4978,4883,95,24,43.27,normal,0,0,1
2026-01-02 09:13:00,1454,high,client_2,server_1,router_1,2,client-router-server,1.84,0.56,42,28.94,100.0,97.51,78.56,11.01,1.84,4.28,3110,2977,133,56,40.16,normal,0,0,1
2026-01-02 09:14:00,1455,high,client_2,server_1,router_1,2,client-router-server,2.45,0.52,50,32.22,81.28,70.07,57.14,6.11,2.45,2.32,4407,4305,102,96,35.73,normal,0,0,0
2026-01-02 09:15:00,1456,high,client_1,server_1,router_1,2,client-router-server,2.31,0.51,52,73.89,100.0,59.05,118.96,12.04,2.31,2.55,3121,3042,79,6,47.44,normal,0,0,1
2026-01-02 09:16:00,1457,high,client_1,server_1,router_1,2,client-router-server,1.59,0.61,52,60.78,100.0,100.0,109.04,8.77,1.59,5.0,1160,1102,58,46,36.26,normal,0,0,1
2026-01-02 09:17:00,1458,high,client_2,server_1,router_1,2,client-router-server,1.55,0.35,42,48.04,100.0,100.0,107.73,12.12,1.55,4.89,4403,4188,215,129,13.34,normal,0,0,1
2026-01-02 09:18:00,1459,high,client_1,server_1,router_1,2,client-router-server,2.5,0.54,42,82.99,100.0,57.92,93.45,10.32,2.5,5.18,4943,4687,256,135,15.41,normal,0,0,1
2026-01-02 09:19:00,1460,high,client_3,server_1,router_1,2,client-router-server,1.85,0.39,47,32.0,100.0,69.1,112.37,5.64,1.85,2.99,5683,5514,169,163,25.34,normal,0,0,1
2026-01-02 09:20:00,1461,high,client_2,server_1,router_1,2,client-router-server,2.13,0.45,47,23.56,57.51,51.11,79.77,6.94,2.13,0.25,2771,2765,6,1,34.57,normal,0,0,0
2026-01-02 09:21:00,1462,high,client_2,server_1,router_1,2,client-router-server,1.74,0.64,53,60.72,100.0,100.0,74.57,9.88,1.74,5.96,2530,2380,150,36,56.47,normal,0,0,1
2026-01-02 09:22:00,1463,high,client_1,server_1,router_1,2,client-router-server,1.76,0.54,49,40.09,100.0,82.02,135.46,12.18,1.76,2.62,5445,5303,142,59,24.64,normal,0,0,1
2026-01-02 09:23:00,1464,high,client_2,server_1,router_1,2,client-router-server,2.04,0.63,45,40.54,98.42,100.0,75.87,11.23,2.04,2.07,1856,1818,38,6,38.67,normal,0,0,1
2026-01-02 09:24:00,1465,high,client_2,server_1,router_1,2,client-router-server,1.95,0.51,52,73.33,100.0,100.0,139.54,11.35,1.95,3.21,2362,2287,75,65,14.1,normal,0,0,1
2026-01-02 09:25:00,1466,high,client_2,server_1,router_1,2,client-router-server,1.97,0.36,50,86.34,100.0,66.53,100.58,6.27,1.97,5.03,1495,1420,75,57,50.69,normal,0,0,1
2026-01-02 09:26:00,1467,high,client_1,server_1,router_1,2,client-router-server,1.55,0.4,43,52.43,100.0,100.0,124.9,7.18,1.55,4.85,3821,3636,185,76,25.66,normal,0,0,1
2026-01-02 09:27:00,1468,high,client_2,server_1,router_1,2,client-router-server,1.59,0.58,51,63.98,100.0,62.74,132.39,11.51,1.59,2.35,3131,3058,73,15,50.98,normal,0,0,1
2026-01-02 09:28:00,1469,high,client_2,server_1,router_1,2,client-router-server,1.92,0.42,53,63.06,100.0,72.33,71.72,10.92,1.92,5.81,2450,2308,142,1,14.96,normal,0,0,1
2026-01-02 09:29:00,1470,high,client_2,server_1,router_1,2,client-router-server,2.17,0.66,50,78.52,100.0,88.21,107.5,6.81,2.17,5.66,1919,1811,108,70,44.62,normal,0,0,1
2026-01-02 09:30:00,1471,high,client_3,server_1,router_1,2,client-router-server,1.97,0.47,43,44.34,87.74,91.29,95.34,8.1,1.97,2.77,1391,1353,38,6,27.89,normal,0,0,1
2026-01-02 09:31:00,1472,high,client_2,server_1,router_1,2,client-router-server,2.18,0.57,53,47.11,100.0,70.17,64.52,8.11,2.18,3.3,1821,1761,60,48,22.65,normal,0,0,1
2026-01-02 09:32:00,1473,high,client_3,server_1,router_1,2,client-router-server,1.66,0.54,48,92.8,100.0,83.07,110.91,7.74,1.66,2.17,3319,3247,72,52,31.44,normal,0,0,1
2026-01-02 09:33:00,1474,high,client_2,server_1,router_1,2,client-router-server,1.64,0.35,46,25.57,65.34,33.83,63.21,9.86,1.64,1.43,3065,3022,43,40,5.29,normal,0,0,0
2026-01-02 09:34:00,1475,high,client_3,server_1,router_1,2,client-router-server,1.96,0.38,48,73.99,100.0,95.32,132.81,12.04,1.96,3.15,4078,3950,128,6,29.41,normal,0,0,1
2026-01-02 09:35:00,1476,high,client_2,server_1,router_1,2,client-router-server,2.17,0.42,53,24.01,50.13,49.65,70.81,8.41,2.17,0.01,4719,4718,1,0,34.29,normal,0,0,0
2026-01-02 09:36:00,1477,high,client_3,server_1,router_1,2,client-router-server,2.31,0.56,52,58.68,100.0,94.22,85.59,9.14,2.31,4.73,5284,5035,249,47,25.89,normal,0,0,1
2026-01-02 09:37:00,1478,high,client_3,server_1,router_1,2,client-router-server,1.95,0.49,40,85.65,100.0,98.42,110.14,10.57,1.95,2.15,4733,4632,101,64,5.49,normal,0,0,1
2026-01-02 09:38:00,1479,high,client_2,server_1,router_1,2,client-router-server,2.01,0.45,53,42.82,100.0,50.79,104.0,9.93,2.01,5.95,4529,4260,269,257,57.5,normal,0,0,1
2026-01-02 09:39:00,1480,high,client_2,server_1,router_1,2,client-router-server,2.05,0.52,43,89.54,100.0,100.0,92.17,14.64,2.05,4.75,2328,2218,110,59,12.96,normal,0,0,1
2026-01-02 09:40:00,1481,high,client_3,server_1,router_1,2,client-router-server,2.4,0.52,41,69.29,100.0,100.0,129.87,10.5,2.4,4.54,2292,2188,104,50,49.74,normal,0,0,1
2026-01-02 09:41:00,1482,high,client_3,server_1,router_1,2,client-router-server,1.96,0.59,44,50.54,100.0,100.0,98.5,8.79,1.96,2.06,1425,1396,29,8,53.62,normal,0,0,1
2026-01-02 09:42:00,1483,high,client_3,server_1,router_1,2,client-router-server,1.72,0.64,41,31.35,100.0,100.0,80.3,7.63,1.72,2.25,5183,5067,116,0,48.16,normal,0,0,1
2026-01-02 09:43:00,1484,high,client_1,server_1,router_1,2,client-router-server,2.33,0.64,52,42.3,100.0,80.38,129.66,12.31,2.33,3.24,4531,4385,146,95,16.54,normal,0,0,1
2026-01-02 09:44:00,1485,high,client_2,server_1,router_1,2,client-router-server,2.22,0.35,40,38.17,63.49,45.15,86.88,3.75,2.22,1.07,4624,4575,49,43,22.56,normal,0,0,1
2026-01-02 09:45:00,1486,high,client_1,server_1,router_1,2,client-router-server,1.71,0.69,40,61.28,100.0,100.0,137.86,11.09,1.71,5.92,1916,1803,113,44,9.17,normal,0,0,1
2026-01-02 09:46:00,1487,high,client_3,server_1,router_1,2,client-router-server,2.21,0.42,50,62.07,100.0,53.67,71.88,10.61,2.21,3.78,4085,3931,154,9,21.81,normal,0,0,1
2026-01-02 09:47:00,1488,high,client_2,server_1,router_1,2,client-router-server,1.94,0.45,45,47.69,100.0,100.0,109.88,8.34,1.94,4.07,3716,3565,151,129,48.25,normal,0,0,1
2026-01-02 09:48:00,1489,high,client_3,server_1,router_1,2,client-router-server,1.8,0.51,42,56.65,100.0,92.25,127.92,11.55,1.8,1.73,2235,2197,38,16,40.92,normal,0,0,1
2026-01-02 09:49:00,1490,high,client_3,server_1,router_1,2,client-router-server,1.88,0.39,45,56.31,100.0,58.39,126.7,11.43,1.88,2.94,1251,1215,36,35,30.07,normal,0,0,1
2026-01-02 09:50:00,1491,high,client_2,server_1,router_1,2,client-router-server,1.97,0.45,40,59.62,100.0,97.63,100.29,5.44,1.97,2.8,1842,1791,51,27,36.92,normal,0,0,1
2026-01-02 09:51:00,1492,high,client_1,server_1,router_1,2,client-router-server,1.81,0.57,52,72.63,100.0,94.49,125.7,7.92,1.81,4.38,2661,2545,116,101,39.09,normal,0,0,1
2026-01-02 09:52:00,1493,high,client_2,server_1,router_1,2,client-router-server,1.63,0.55,50,68.58,100.0,69.76,132.05,9.42,1.63,2.26,6000,5865,135,46,25.19,normal,0,0,1
2026-01-02 09:53:00,1494,high,client_3,server_1,router_1,2,client-router-server,2.17,0.47,49,48.59,67.92,53.81,53.67,10.47,2.17,1.08,4266,4220,46,22,10.21,normal,0,0,0
2026-01-02 09:54:00,1495,high,client_1,server_1,router_1,2,client-router-server,1.6,0.7,43,44.3,100.0,97.43,116.65,12.3,1.6,3.37,3912,3781,131,108,51.68,normal,0,0,1
2026-01-02 09:55:00,1496,high,client_2,server_1,router_1,2,client-router-server,1.6,0.69,47,69.38,100.0,51.24,97.88,9.24,1.6,2.46,1199,1170,29,28,45.33,normal,0,0,1
2026-01-02 09:56:00,1497,high,client_3,server_1,router_1,2,client-router-server,2.03,0.41,49,65.2,100.0,100.0,99.53,8.6,2.03,4.21,5091,4877,214,169,34.0,normal,0,0,1
2026-01-02 09:57:00,1498,high,client_1,server_1,router_1,2,client-router-server,2.17,0.42,49,27.47,72.82,75.14,99.29,5.88,2.17,1.8,4944,4856,88,23,10.6,normal,0,0,1
2026-01-02 09:58:00,1499,high,client_2,server_1,router_1,2,client-router-server,1.83,0.58,50,22.39,58.73,32.67,77.28,8.51,1.83,0.78,3683,3655,28,21,25.06,normal,0,0,0
2026-01-02 09:59:00,1500,high,client_1,server_1,router_1,2,client-router-server,2.08,0.66,51,60.77,100.0,53.99,83.54,7.95,2.08,2.69,3910,3805,105,44,41.51,normal,0,0,1
