timestamp,time_step,scenario,source_node,destination_node,router_id,hop_count,path_length,bandwidth_mbps,traffic_interval_sec,active_users,traffic_load_mbps,utilization_percent,queue_occupancy_percent,latency_ms,jitter_ms,throughput_mbps,packet_loss_percent,tx_packets,rx_packets,lost_packets,retransmissions,flow_duration_sec,event_type,peak_hour,failure_event,sla_violation
2026-01-01 09:00:00,1,medium,client_3,server_1,router_1,2,client-router-server,5.62,1.23,24,50.81,36.03,32.59,41.35,4.01,5.62,0.01,5835,5834,1,0,38.88,normal,0,0,0
2026-01-01 09:01:00,2,medium,client_3,server_1,router_1,2,client-router-server,4.64,1.05,32,69.3,58.22,67.68,50.22,7.65,4.64,0.73,1724,1712,12,0,18.47,normal,0,0,0
2026-01-01 09:02:00,3,medium,client_1,server_1,router_1,2,client-router-server,5.48,0.89,27,29.81,33.18,34.55,52.08,4.8,5.48,0.01,1156,1155,1,0,26.26,normal,0,0,0
2026-01-01 09:03:00,4,medium,client_1,server_1,router_1,2,client-router-server,4.46,1.19,21,29.89,41.12,37.6,42.54,8.21,4.46,0.01,2180,2179,1,0,26.37,normal,0,0,0
2026-01-01 09:04:00,5,medium,client_2,server_1,router_1,2,client-router-server,4.23,1.17,32,50.41,40.94,24.44,57.94,9.29,4.23,0.01,4239,4238,1,1,32.81,normal,0,0,0
2026-01-01 09:05:00,6,medium,client_3,server_1,router_1,2,client-router-server,6.03,0.85,21,33.61,32.74,29.37,31.0,6.47,6.03,0.01,5511,5510,1,0,17.01,normal,0,0,0
2026-01-01 09:06:00,7,medium,client_1,server_1,router_1,2,client-router-server,4.17,0.86,20,27.87,41.04,36.93,37.07,7.86,4.17,0.01,1277,1276,1,0,15.71,normal,0,0,0
2026-01-01 09:07:00,8,medium,client_2,server_1,router_1,2,client-router-server,5.83,1.37,23,55.72,53.78,34.61,64.25,6.13,5.83,0.13,3173,3169,4,0,45.06,normal,0,0,0
2026-01-01 09:08:00,9,medium,client_2,server_1,router_1,2,client-router-server,6.23,1.29,27,65.04,69.27,39.05,64.94,11.62,6.23,1.81,1680,1650,30,24,6.37,normal,0,0,0
2026-01-01 09:09:00,10,medium,client_3,server_1,router_1,2,client-router-server,5.07,0.87,22,87.02,100.0,79.21,95.03,9.33,5.07,6.0,1592,1497,95,79,38.12,normal,0,0,1
2026-01-01 09:10:00,11,medium,client_1,server_1,router_1,2,client-router-server,4.39,1.03,21,91.61,100.0,100.0,91.17,5.76,4.39,1.77,1611,1583,28,13,8.38,normal,0,0,1
2026-01-01 09:11:00,12,medium,client_3,server_1,router_1,2,client-router-server,5.23,0.79,21,56.42,41.23,36.3,35.45,5.28,5.23,0.01,5059,5058,1,0,16.18,normal,0,0,0
2026-01-01 09:12:00,13,medium,client_3,server_1,router_1,2,client-router-server,5.87,0.79,21,63.72,33.27,19.79,48.37,6.36,5.87,0.01,1723,1722,1,1,10.06,normal,0,0,0
2026-01-01 09:13:00,14,medium,client_3,server_1,router_1,2,client-router-server,4.09,1.0,27,83.83,100.0,98.8,123.84,13.07,4.09,3.64,5021,4839,182,97,21.2,normal,0,0,1
2026-01-01 09:14:00,15,medium,client_3,server_1,router_1,2,client-router-server,3.95,0.81,21,37.91,64.03,54.39,74.04,6.85,3.95,0.58,3345,3326,19,5,18.72,normal,0,0,0
2026-01-01 09:15:00,16,medium,client_2,server_1,router_1,2,client-router-server,4.34,0.94,24,85.77,100.0,65.25,66.65,9.78,4.34,4.48,4330,4137,193,140,18.93,normal,0,0,1
2026-01-01 09:16:00,17,medium,client_1,server_1,router_1,2,client-router-server,5.6,1.34,25,33.16,38.93,19.52,46.73,5.44,5.6,0.01,5782,5781,1,1,33.63,normal,0,0,0
2026-01-01 09:17:00,18,medium,client_2,server_1,router_1,2,client-router-server,5.18,1.16,26,49.28,64.68,42.34,46.98,7.17,5.18,1.27,4544,4487,57,28,24.13,normal,0,0,0
2026-01-01 09:18:00,19,medium,client_2,server_1,router_1,2,client-router-server,4.49,0.88,23,47.42,37.84,45.16,46.04,7.86,4.49,0.01,3962,3961,1,1,25.18,normal,0,0,0
2026-01-01 09:19:00,20,medium,client_1,server_1,router_1,2,client-router-server,4.49,1.25,27,21.69,33.79,38.68,33.88,5.23,4.49,0.01,4448,4447,1,0,19.34,normal,0,0,0
2026-01-01 09:20:00,21,medium,client_3,server_1,router_1,2,client-router-server,3.76,0.8,27,78.35,100.0,100.0,98.83,7.14,3.76,2.72,1821,1772,49,31,12.46,normal,0,0,1
2026-01-01 09:21:00,22,medium,client_2,server_1,router_1,2,client-router-server,4.03,1.03,26,32.64,35.67,37.63,35.82,4.5,4.03,0.01,3325,3324,1,0,34.48,normal,0,0,0
2026-01-01 09:22:00,23,medium,client_1,server_1,router_1,2,client-router-server,5.23,0.77,28,34.45,27.59,13.82,25.58,7.55,5.23,0.01,2869,2868,1,1,53.94,normal,0,0,0
2026-01-01 09:23:00,24,medium,client_1,server_1,router_1,2,client-router-server,5.88,0.71,23,46.03,47.73,30.35,67.48,11.22,5.88,0.01,5850,5849,1,0,55.79,normal,0,0,0
2026-01-01 09:24:00,25,medium,client_2,server_1,router_1,2,client-router-server,5.41,0.91,24,28.82,36.36,32.34,32.05,8.18,5.41,0.01,1140,1139,1,0,6.31,normal,0,0,0
2026-01-01 09:25:00,26,medium,client_3,server_1,router_1,2,client-router-server,4.57,0.99,24,88.25,81.2,75.46,107.11,7.22,4.57,3.07,3151,3055,96,36,30.82,normal,0,0,1
2026-01-01 09:26:00,27,medium,client_2,server_1,router_1,2,client-router-server,5.13,1.38,24,74.96,54.08,51.33,67.42,9.29,5.13,0.26,5077,5064,13,8,40.34,normal,0,0,0
2026-01-01 09:27:00,28,medium,client_3,server_1,router_1,2,client-router-server,4.04,0.71,23,54.85,48.65,31.88,58.33,9.15,4.04,0.01,2962,2961,1,1,37.79,normal,0,0,0
2026-01-01 09:28:00,29,medium,client_2,server_1,router_1,2,client-router-server,4.98,1.0,28,44.24,39.87,35.9,52.6,3.76,4.98,0.01,1005,1004,1,1,38.15,normal,0,0,0
2026-01-01 09:29:00,30,medium,client_3,server_1,router_1,2,client-router-server,4.13,0.96,20,71.71,94.3,83.01,65.3,3.63,4.13,2.65,2913,2836,77,57,46.59,normal,0,0,1
2026-01-01 09:30:00,31,medium,client_1,server_1,router_1,2,client-router-server,4.79,1.04,21,49.93,69.9,55.42,76.45,8.26,4.79,0.7,1167,1159,8,8,20.42,normal,0,0,0
2026-01-01 09:31:00,32,medium,client_2,server_1,router_1,2,client-router-server,5.87,0.87,29,66.03,47.05,33.45,61.0,8.0,5.87,0.01,1074,1073,1,1,42.14,normal,0,0,0
2026-01-01 09:32:00,33,medium,client_1,server_1,router_1,2,client-router-server,3.76,0.94,24,33.06,27.5,15.29,37.71,4.89,3.76,0.01,4263,4262,1,0,23.02,normal,0,0,0
2026-01-01 09:33:00,34,medium,client_2,server_1,router_1,2,client-router-server,3.82,1.13,24,83.44,80.74,68.57,101.73,4.06,3.82,1.94,2744,2691,53,14,41.14,normal,0,0,1
2026-01-01 09:34:00,35,medium,client_2,server_1,router_1,2,client-router-server,6.08,0.83,30,64.98,68.33,49.57,72.97,10.19,6.08,0.92,2145,2126,19,19,28.93,normal,0,0,0
2026-01-01 09:35:00,36,medium,client_3,server_1,router_1,2,client-router-server,4.0,1.18,29,65.01,67.97,41.45,52.08,4.51,4.0,1.2,2448,2419,29,28,11.56,normal,0,0,0
2026-01-01 09:36:00,37,medium,client_3,server_1,router_1,2,client-router-server,4.27,1.05,22,87.49,100.0,100.0,97.74,14.82,4.27,4.88,1992,1895,97,29,37.25,normal,0,0,1
2026-01-01 09:37:00,38,medium,client_2,server_1,router_1,2,client-router-server,3.77,0.76,28,78.52,75.08,59.51,87.22,5.44,3.77,2.2,2848,2786,62,31,38.23,normal,0,0,1
2026-01-01 09:38:00,39,medium,client_1,server_1,router_1,2,client-router-server,5.52,0.96,20,24.36,24.68,19.77,30.34,3.29,5.52,0.01,5032,5031,1,0,33.28,normal,0,0,0
2026-01-01 09:39:00,40,medium,client_3,server_1,router_1,2,client-router-server,6.24,1.16,24,20.18,20.2,12.12,20.51,7.38,6.24,0.01,2919,2918,1,0,57.93,normal,0,0,0
2026-01-01 09:40:00,41,medium,client_2,server_1,router_1,2,client-router-server,3.94,1.13,27,88.7,97.39,68.44,112.68,11.41,3.94,4.76,3422,3260,162,90,15.77,normal,0,0,1
2026-01-01 09:41:00,42,medium,client_1,server_1,router_1,2,client-router-server,4.82,0.81,21,70.26,68.26,54.58,51.01,5.53,4.82,2.02,2024,1984,40,1,48.11,normal,0,0,0
2026-01-01 09:42:00,43,medium,client_1,server_1,router_1,2,client-router-server,5.12,1.35,33,72.52,65.54,36.17,76.54,3.25,5.12,0.56,4919,4892,27,20,35.09,normal,0,0,0
2026-01-01 09:43:00,44,medium,client_1,server_1,router_1,2,client-router-server,4.82,1.06,26,67.19,60.52,36.0,49.81,7.57,4.82,0.87,2130,2112,18,12,50.03,normal,0,0,0
2026-01-01 09:44:00,45,medium,client_2,server_1,router_1,2,client-router-server,6.03,0.87,30,58.45,32.33,22.64,30.9,3.87,6.03,0.01,4715,4714,1,1,47.51,normal,0,0,0
2026-01-01 09:45:00,46,medium,client_3,server_1,router_1,2,client-router-server,4.36,1.23,29,88.09,100.0,64.5,81.08,9.36,4.36,3.76,2709,2608,101,16,58.4,normal,0,0,1
2026-01-01 09:46:00,47,medium,client_3,server_1,router_1,2,client-router-server,5.13,1.25,31,39.34,47.59,40.35,48.52,5.27,5.13,0.01,2142,2141,1,0,10.18,normal,0,0,0
2026-01-01 09:47:00,48,medium,client_3,server_1,router_1,2,client-router-server,4.63,1.4,33,22.28,27.92,21.64,29.09,6.0,4.63,0.01,1521,1520,1,0,31.83,normal,0,0,0
2026-01-01 09:48:00,49,medium,client_2,server_1,router_1,2,client-router-server,4.37,1.11,25,36.55,56.88,42.99,56.97,9.97,4.37,0.5,5333,5307,26,14,33.12,normal,0,0,0
2026-01-01 09:49:00,50,medium,client_1,server_1,router_1,2,client-router-server,4.47,1.07,22,40.9,40.9,23.89,39.92,6.97,4.47,0.01,5648,5647,1,1,22.98,normal,0,0,0
2026-01-01 09:50:00,51,medium,client_2,server_1,router_1,2,client-router-server,3.89,1.11,33,28.24,34.02,20.02,38.26,5.61,3.89,0.01,3617,3616,1,0,38.76,normal,0,0,0
2026-01-01 09:51:00,52,medium,client_1,server_1,router_1,2,client-router-server,4.1,1.02,24,71.36,61.33,35.4,60.38,9.07,4.1,0.34,2604,2596,8,4,54.11,normal,0,0,0
2026-01-01 09:52:00,53,medium,client_3,server_1,router_1,2,client-router-server,3.77,1.02,33,72.44,100.0,100.0,120.61,11.51,3.77,3.18,3386,3279,107,89,41.05,normal,0,0,1
2026-01-01 09:53:00,54,medium,client_1,server_1,router_1,2,client-router-server,3.98,1.19,23,68.73,83.08,81.12,114.52,10.27,3.98,1.72,2278,2239,39,3,55.96,normal,0,0,1
2026-01-01 09:54:00,55,medium,client_2,server_1,router_1,2,client-router-server,4.97,0.78,25,24.8,30.26,24.56,35.39,4.85,4.97,0.01,5261,5260,1,1,16.03,normal,0,0,0
2026-01-01 09:55:00,56,medium,client_1,server_1,router_1,2,client-router-server,6.12,1.23,32,81.91,42.78,47.99,56.95,6.26,6.12,0.01,5449,5448,1,0,16.25,normal,0,0,0
2026-01-01 09:56:00,57,medium,client_2,server_1,router_1,2,client-router-server,3.81,0.93,33,53.85,87.06,53.67,115.12,8.64,3.81,3.53,2694,2599,95,48,5.48,normal,0,0,1
2026-01-01 09:57:00,58,medium,client_3,server_1,router_1,2,client-router-server,4.84,0.88,24,65.49,90.17,53.48,92.26,7.67,4.84,3.26,1931,1869,62,55,15.33,normal,0,0,1
2026-01-01 09:58:00,59,medium,client_2,server_1,router_1,2,client-router-server,6.08,1.33,32,85.04,62.9,67.77,91.38,8.67,6.08,1.43,1898,1871,27,15,23.97,normal,0,0,1
2026-01-01 09:59:00,60,medium,client_3,server_1,router_1,2,client-router-server,5.1,0.89,31,87.09,54.56,63.63,72.57,8.61,5.1,0.44,1558,1552,6,0,20.5,normal,0,0,0
2026-01-01 10:00:00,61,medium,client_1,server_1,router_1,2,client-router-server,4.6,1.05,25,50.43,63.02,68.29,57.29,7.09,4.6,0.99,3541,3506,35,29,22.58,normal,0,0,0
2026-01-01 10:01:00,62,medium,client_1,server_1,router_1,2,client-router-server,6.06,1.02,20,66.83,55.86,40.36,51.44,5.71,6.06,0.41,1747,1740,7,0,13.51,normal,0,0,0
2026-01-01 10:02:00,63,medium,client_3,server_1,router_1,2,client-router-server,5.48,1.1,21,50.36,51.31,32.99,62.33,5.41,5.48,0.1,5238,5233,5,3,11.21,normal,0,0,0
2026-01-01 10:03:00,64,medium,client_2,server_1,router_1,2,client-router-server,5.2,1.08,33,82.37,92.69,59.45,71.89,8.4,5.2,1.44,1230,1213,17,10,58.33,normal,0,0,1
2026-01-01 10:04:00,65,medium,client_2,server_1,router_1,2,client-router-server,3.92,0.97,23,39.17,43.88,31.99,55.62,6.35,3.92,0.01,5739,5738,1,0,20.53,normal,0,0,0
2026-01-01 10:05:00,66,medium,client_3,server_1,router_1,2,client-router-server,5.5,1.31,22,27.07,21.36,11.33,31.0,5.55,5.5,0.01,5954,5953,1,0,5.24,normal,0,0,0
2026-01-01 10:06:00,67,medium,client_1,server_1,router_1,2,client-router-server,4.26,1.27,20,31.37,48.63,40.04,53.77,6.39,4.26,0.01,3594,3593,1,0,40.09,normal,0,0,0
2026-01-01 10:07:00,68,medium,client_3,server_1,router_1,2,client-router-server,5.04,1.21,20,32.35,43.48,34.72,63.81,3.32,5.04,0.01,1062,1061,1,1,11.88,normal,0,0,0
2026-01-01 10:08:00,69,medium,client_1,server_1,router_1,2,client-router-server,5.14,0.92,30,54.25,61.85,38.15,63.32,7.25,5.14,1.15,1990,1968,22,16,21.09,normal,0,0,0
2026-01-01 10:09:00,70,medium,client_3,server_1,router_1,2,client-router-server,4.72,1.17,31,56.05,35.68,32.89,31.07,8.38,4.72,0.01,3282,3281,1,0,15.64,normal,0,0,0
2026-01-01 10:10:00,71,medium,client_2,server_1,router_1,2,client-router-server,4.62,1.11,23,86.63,100.0,100.0,118.42,8.95,4.62,4.91,4499,4279,220,30,42.28,normal,0,0,1
2026-01-01 10:11:00,72,medium,client_2,server_1,router_1,2,client-router-server,4.84,0.89,21,48.21,60.64,47.41,63.06,6.49,4.84,1.01,2921,2892,29,6,20.82,normal,0,0,0
2026-01-01 10:12:00,73,medium,client_1,server_1,router_1,2,client-router-server,6.09,0.76,29,73.5,76.74,89.13,111.51,8.48,6.09,1.27,2640,2607,33,11,12.0,normal,0,0,1
2026-01-01 10:13:00,74,medium,client_1,server_1,router_1,2,client-router-server,5.51,1.36,32,39.38,34.55,26.03,35.91,7.27,5.51,0.01,5806,5805,1,0,9.54,normal,0,0,0
2026-01-01 10:14:00,75,medium,client_1,server_1,router_1,2,client-router-server,4.74,1.34,31,72.66,96.81,58.66,61.06,7.25,4.74,2.87,2711,2634,77,33,51.46,normal,0,0,1
2026-01-01 10:15:00,76,medium,client_3,server_1,router_1,2,client-router-server,4.26,0.76,27,84.76,85.05,72.74,101.06,9.77,4.26,2.94,5673,5507,166,103,30.96,normal,0,0,1
2026-01-01 10:16:00,77,medium,client_2,server_1,router_1,2,client-router-server,5.01,1.27,26,38.18,35.46,33.46,52.05,6.97,5.01,0.01,1750,1749,1,1,43.1,normal,0,0,0
2026-01-01 10:17:00,78,medium,client_2,server_1,router_1,2,client-router-server,4.1,0.72,26,47.37,52.82,38.73,70.61,6.73,4.1,0.27,3376,3367,9,0,7.17,normal,0,0,0
2026-01-01 10:18:00,79,medium,client_3,server_1,router_1,2,client-router-server,4.73,0.8,30,69.34,46.89,33.43,59.94,8.37,4.73,0.01,3768,3767,1,1,16.47,normal,0,0,0
2026-01-01 10:19:00,80,medium,client_1,server_1,router_1,2,client-router-server,3.89,0.76,26,91.58,100.0,100.0,139.18,7.77,3.89,4.45,5901,5639,262,102,49.65,normal,0,0,1
2026-01-01 10:20:00,81,medium,client_1,server_1,router_1,2,client-router-server,5.07,1.15,20,74.18,78.73,52.3,82.43,9.66,5.07,2.96,5355,5197,158,11,14.54,normal,0,0,1
2026-01-01 10:21:00,82,medium,client_1,server_1,router_1,2,client-router-server,4.59,0.76,25,72.43,100.0,92.01,80.98,11.51,4.59,2.54,2807,2736,71,56,27.94,normal,0,0,1
2026-01-01 10:22:00,83,medium,client_2,server_1,router_1,2,client-router-server,3.81,1.33,26,32.78,52.96,29.53,73.61,8.14,3.81,0.11,5686,5680,6,2,47.89,normal,0,0,0
2026-01-01 10:23:00,84,medium,client_2,server_1,router_1,2,client-router-server,4.62,1.13,32,54.35,69.07,38.1,85.29,9.52,4.62,1.17,2737,2705,32,15,5.46,normal,0,0,1
2026-01-01 10:24:00,85,medium,client_2,server_1,router_1,2,client-router-server,4.48,1.15,23,65.35,51.9,46.21,75.88,7.7,4.48,0.13,4343,4338,5,5,52.49,normal,0,0,0
2026-01-01 10:25:00,86,medium,client_3,server_1,router_1,2,client-router-server,4.95,1.0,21,50.42,65.87,56.41,69.7,8.9,4.95,1.23,2775,2741,34,26,55.98,normal,0,0,0
2026-01-01 10:26:00,87,medium,client_3,server_1,router_1,2,client-router-server,5.57,1.28,30,70.01,57.64,60.13,70.9,6.76,5.57,0.64,4541,4512,29,13,29.41,normal,0,0,0
2026-01-01 10:27:00,88,medium,client_3,server_1,router_1,2,client-router-server,4.87,0.9,20,62.74,59.11,68.85,88.36,5.12,4.87,1.02,5405,5350,55,38,5.04,normal,0,0,1
2026-01-01 10:28:00,89,medium,client_3,server_1,router_1,2,client-router-server,4.02,0.83,23,80.63,86.12,80.59,89.52,5.46,4.02,3.04,3427,3323,104,3,35.2,normal,0,0,1
2026-01-01 10:29:00,90,medium,client_3,server_1,router_1,2,client-router-server,4.54,1.11,25,91.97,100.0,100.0,135.88,9.68,4.54,1.99,4174,4091,83,42,31.56,normal,0,0,1
2026-01-01 10:30:00,91,medium,client_3,server_1,router_1,2,client-router-server,6.14,0.74,21,91.5,96.15,100.0,92.08,6.65,6.14,1.72,3526,3466,60,33,28.57,normal,0,0,1
2026-01-01 10:31:00,92,medium,client_3,server_1,router_1,2,client-router-server,5.26,1.15,25,78.04,60.05,55.01,71.87,7.47,5.26,1.06,4793,4743,50,3,39.46,normal,0,0,0
2026-01-01 10:32:00,93,medium,client_1,server_1,router_1,2,client-router-server,5.58,1.15,29,34.71,22.39,21.13,24.18,6.12,5.58,0.01,5682,5681,1,0,27.08,normal,0,0,0
2026-01-01 10:33:00,94,medium,client_2,server_1,router_1,2,client-router-server,5.88,0.8,22,94.66,74.57,48.29,55.7,8.14,5.88,2.7,5083,4946,137,50,6.09,normal,0,0,0
2026-01-01 10:34:00,95,medium,client_2,server_1,router_1,2,client-router-server,5.53,1.25,32,32.96,21.19,21.0,31.19,4.57,5.53,0.01,1203,1202,1,1,32.21,normal,0,0,0
2026-01-01 10:35:00,96,medium,client_1,server_1,router_1,2,client-router-server,4.73,0.95,32,68.15,81.45,74.79,108.93,11.82,4.73,1.67,5446,5356,90,63,48.39,normal,0,0,1
2026-01-01 10:36:00,97,medium,client_2,server_1,router_1,2,client-router-server,4.58,1.31,24,90.48,64.45,49.41,65.02,8.21,4.58,1.5,5211,5133,78,25,41.64,normal,0,0,0
2026-01-01 10:37:00,98,medium,client_3,server_1,router_1,2,client-router-server,5.89,1.28,23,78.99,75.71,86.97,92.39,11.99,5.89,2.75,2768,2692,76,55,58.83,normal,0,0,1
2026-01-01 10:38:00,99,medium,client_3,server_1,router_1,2,client-router-server,5.41,1.15,25,38.03,34.04,25.72,39.98,9.99,5.41,0.01,4346,4345,1,0,41.13,normal,0,0,0
2026-01-01 10:39:00,100,medium,client_2,server_1,router_1,2,client-router-server,6.24,1.07,23,85.35,78.81,87.21,60.71,6.17,6.24,1.66,3958,3893,65,4,37.77,normal,0,0,0
2026-01-01 10:40:00,101,medium,client_2,server_1,router_1,2,client-router-server,3.88,1.29,27,32.39,31.62,19.62,48.39,6.23,3.88,0.01,2861,2860,1,1,54.88,normal,0,0,0
2026-01-01 10:41:00,102,medium,client_3,server_1,router_1,2,client-router-server,4.61,1.17,25,40.22,48.12,47.15,46.82,8.62,4.61,0.01,3876,3875,1,0,24.49,normal,0,0,0
2026-01-01 10:42:00,103,medium,client_3,server_1,router_1,2,client-router-server,4.61,1.18,31,67.7,82.7,96.89,67.91,5.25,4.61,1.17,5887,5819,68,33,47.45,normal,0,0,0
2026-01-01 10:43:00,104,medium,client_3,server_1,router_1,2,client-router-server,5.3,1.4,23,81.83,97.73,71.48,68.77,13.32,5.3,1.91,3888,3814,74,73,6.61,normal,0,0,1
2026-01-01 10:44:00,105,medium,client_1,server_1,router_1,2,client-router-server,5.79,1.07,26,46.85,29.1,23.39,40.08,9.33,5.79,0.01,5289,5288,1,1,32.28,normal,0,0,0
2026-01-01 10:45:00,106,medium,client_3,server_1,router_1,2,client-router-server,4.61,1.03,31,70.77,50.98,48.04,55.39,4.15,4.61,0.11,2901,2898,3,2,10.16,normal,0,0,0
2026-01-01 10:46:00,107,medium,client_2,server_1,router_1,2,client-router-server,5.46,0.88,25,82.16,86.59,85.64,117.76,8.12,5.46,2.89,4732,4596,136,51,18.61,normal,0,0,1
2026-01-01 10:47:00,108,medium,client_1,server_1,router_1,2,client-router-server,4.54,0.72,33,30.53,32.97,38.72,47.53,8.47,4.54,0.01,1831,1830,1,0,46.43,normal,0,0,0
2026-01-01 10:48:00,109,medium,client_2,server_1,router_1,2,client-router-server,5.39,0.86,28,28.89,24.49,12.49,32.95,2.74,5.39,0.01,2970,2969,1,0,48.46,normal,0,0,0
2026-01-01 10:49:00,110,medium,client_3,server_1,router_1,2,client-router-server,5.61,1.17,29,45.2,54.5,39.11,40.86,6.41,5.61,0.37,2024,2017,7,6,29.24,normal,0,0,0
2026-01-01 10:50:00,111,medium,client_1,server_1,router_1,2,client-router-server,5.7,0.8,22,91.42,100.0,87.17,106.36,11.55,5.7,3.05,3390,3287,103,83,13.37,normal,0,0,1
2026-01-01 10:51:00,112,medium,client_3,server_1,router_1,2,client-router-server,3.87,0.83,33,38.17,56.4,50.03,73.57,4.62,3.87,0.27,4039,4029,10,7,25.82,normal,0,0,0
2026-01-01 10:52:00,113,medium,client_3,server_1,router_1,2,client-router-server,5.23,1.26,21,28.26,32.39,30.45,33.45,3.9,5.23,0.01,4570,4569,1,1,17.38,normal,0,0,0
2026-01-01 10:53:00,114,medium,client_1,server_1,router_1,2,client-router-server,6.2,1.33,30,68.99,54.92,32.02,63.07,5.69,6.2,0.45,4831,4810,21,19,11.96,normal,0,0,0
2026-01-01 10:54:00,115,medium,client_2,server_1,router_1,2,client-router-server,5.89,1.08,32,24.82,21.23,23.13,25.22,6.67,5.89,0.01,2274,2273,1,0,10.39,normal,0,0,0
2026-01-01 10:55:00,116,medium,client_2,server_1,router_1,2,client-router-server,4.86,0.9,29,87.49,100.0,80.46,99.98,10.56,4.86,4.04,4992,4791,201,0,29.31,normal,0,0,1
2026-01-01 10:56:00,117,medium,client_3,server_1,router_1,2,client-router-server,4.68,1.05,31,66.41,53.72,36.42,50.72,5.33,4.68,0.11,4090,4086,4,4,18.42,normal,0,0,0
2026-01-01 10:57:00,118,medium,client_3,server_1,router_1,2,client-router-server,4.52,1.25,20,86.53,83.94,45.22,87.55,8.48,4.52,2.23,1389,1359,30,8,5.47,normal,0,0,1
2026-01-01 10:58:00,119,medium,client_1,server_1,router_1,2,client-router-server,5.45,1.17,24,50.61,38.91,21.33,49.2,4.64,5.45,0.01,1618,1617,1,0,50.66,normal,0,0,0
2026-01-01 10:59:00,120,medium,client_2,server_1,router_1,2,client-router-server,4.53,0.87,22,25.38,22.27,15.51,22.95,5.48,4.53,0.01,5480,5479,1,0,24.89,normal,0,0,0
2026-01-01 11:00:00,121,medium,client_1,server_1,router_1,2,client-router-server,5.58,1.19,32,61.26,71.64,69.53,78.79,10.24,5.58,1.08,2946,2915,31,5,40.67,normal,0,0,0
2026-01-01 11:01:00,122,medium,client_1,server_1,router_1,2,client-router-server,5.62,1.38,31,48.53,46.37,33.13,50.95,5.43,5.62,0.01,3105,3104,1,0,47.93,normal,0,0,0
2026-01-01 11:02:00,123,medium,client_1,server_1,router_1,2,client-router-server,5.15,0.78,27,28.56,35.97,18.68,44.6,6.76,5.15,0.01,1052,1051,1,1,9.45,normal,0,0,0
2026-01-01 11:03:00,124,medium,client_3,server_1,router_1,2,client-router-server,5.36,1.05,32,26.04,21.61,24.94,29.99,5.54,5.36,0.01,1941,1940,1,0,29.94,normal,0,0,0
2026-01-01 11:04:00,125,medium,client_1,server_1,router_1,2,client-router-server,4.04,1.28,27,53.46,79.67,67.78,78.58,5.62,4.04,2.45,2101,2050,51,47,27.09,normal,0,0,0
2026-01-01 11:05:00,126,medium,client_2,server_1,router_1,2,client-router-server,4.66,1.16,28,36.41,29.92,17.02,36.78,8.42,4.66,0.01,2358,2357,1,0,16.96,normal,0,0,0
2026-01-01 11:06:00,127,medium,client_3,server_1,router_1,2,client-router-server,6.15,0.99,32,91.65,62.71,65.92,87.15,5.08,6.15,1.21,1904,1881,23,2,49.3,normal,0,0,1
2026-01-01 11:07:00,128,medium,client_1,server_1,router_1,2,client-router-server,4.01,1.29,30,42.36,39.53,33.91,35.71,5.83,4.01,0.01,4405,4404,1,1,31.36,normal,0,0,0
2026-01-01 11:08:00,129,medium,client_2,server_1,router_1,2,client-router-server,4.72,1.18,25,48.28,51.57,43.22,40.06,6.4,4.72,0.18,3279,3274,5,4,17.09,normal,0,0,0
2026-01-01 11:09:00,130,medium,client_3,server_1,router_1,2,client-router-server,5.86,0.74,23,50.12,51.85,46.85,46.68,11.13,5.86,0.17,1930,1927,3,1,31.54,normal,0,0,0
2026-01-01 11:10:00,131,medium,client_2,server_1,router_1,2,client-router-server,6.02,1.06,29,36.73,19.52,19.91,31.16,5.54,6.02,0.01,2285,2284,1,1,31.39,normal,0,0,0
2026-01-01 11:11:00,132,medium,client_1,server_1,router_1,2,client-router-server,5.21,1.1,21,60.24,80.42,62.75,57.73,10.01,5.21,2.14,5265,5153,112,83,18.86,normal,0,0,0
2026-01-01 11:12:00,133,medium,client_2,server_1,router_1,2,client-router-server,3.89,0.77,29,66.07,61.91,68.58,53.09,4.14,3.89,1.27,4420,4364,56,22,33.42,normal,0,0,0
2026-01-01 11:13:00,134,medium,client_3,server_1,router_1,2,client-router-server,5.98,0.84,28,69.72,35.42,19.62,33.33,9.13,5.98,0.01,2992,2991,1,0,59.62,normal,0,0,0
2026-01-01 11:14:00,135,medium,client_1,server_1,router_1,2,client-router-server,4.67,1.05,22,64.73,61.12,65.56,79.43,7.87,4.67,0.93,2785,2760,25,15,55.26,normal,0,0,0
2026-01-01 11:15:00,136,medium,client_1,server_1,router_1,2,client-router-server,5.88,0.71,29,82.94,82.41,78.6,109.86,5.65,5.88,3.74,1932,1860,72,26,40.37,normal,0,0,1
2026-01-01 11:16:00,137,medium,client_1,server_1,router_1,2,client-router-server,5.74,1.3,26,94.33,95.03,55.16,73.8,10.9,5.74,5.08,2983,2832,151,19,30.86,normal,0,0,1
2026-01-01 11:17:00,138,medium,client_2,server_1,router_1,2,client-router-server,3.86,1.19,24,63.38,94.53,100.0,83.87,11.01,3.86,4.34,3727,3566,161,128,17.37,normal,0,0,1
2026-01-01 11:18:00,139,medium,client_1,server_1,router_1,2,client-router-server,5.65,0.89,30,64.83,40.1,33.57,40.57,8.38,5.65,0.01,3801,3800,1,0,29.09,normal,0,0,0
2026-01-01 11:19:00,140,medium,client_3,server_1,router_1,2,client-router-server,5.95,1.39,31,75.48,41.45,42.17,63.49,9.1,5.95,0.01,2470,2469,1,0,50.04,normal,0,0,0
2026-01-01 11:20:00,141,medium,client_3,server_1,router_1,2,client-router-server,5.49,0.97,23,50.44,42.09,37.88,42.11,5.73,5.49,0.01,3607,3606,1,0,10.16,normal,0,0,0
2026-01-01 11:21:00,142,medium,client_1,server_1,router_1,2,client-router-server,5.75,1.11,29,38.18,35.8,30.96,48.98,8.48,5.75,0.01,3505,3504,1,1,53.51,normal,0,0,0
2026-01-01 11:22:00,143,medium,client_2,server_1,router_1,2,client-router-server,3.83,1.06,22,67.22,100.0,92.79,129.2,10.68,3.83,4.36,3692,3532,160,23,28.02,normal,0,0,1
2026-01-01 11:23:00,144,medium,client_1,server_1,router_1,2,client-router-server,4.23,0.82,23,36.18,40.33,20.98,49.88,4.24,4.23,0.01,2476,2475,1,1,12.29,normal,0,0,0
2026-01-01 11:24:00,145,medium,client_1,server_1,router_1,2,client-router-server,5.47,1.33,31,83.82,78.16,82.41,97.24,8.53,5.47,2.55,2922,2848,74,55,22.2,normal,0,0,1
2026-01-01 11:25:00,146,medium,client_1,server_1,router_1,2,client-router-server,4.48,1.23,28,27.49,22.54,23.27,32.39,7.63,4.48,0.01,3289,3288,1,0,49.47,normal,0,0,0
2026-01-01 11:26:00,147,medium,client_1,server_1,router_1,2,client-router-server,4.63,1.1,31,65.07,92.44,52.1,100.64,10.1,4.63,5.02,3244,3082,162,2,38.7,normal,0,0,1
2026-01-01 11:27:00,148,medium,client_1,server_1,router_1,2,client-router-server,5.1,0.74,24,57.12,65.26,73.62,72.18,7.8,5.1,0.64,1764,1753,11,10,39.84,normal,0,0,0
2026-01-01 11:28:00,149,medium,client_1,server_1,router_1,2,client-router-server,5.8,0.82,26,84.51,47.83,45.44,48.88,4.96,5.8,0.01,2437,2436,1,0,39.88,normal,0,0,0
2026-01-01 11:29:00,150,medium,client_2,server_1,router_1,2,client-router-server,5.41,1.14,26,73.33,94.83,87.24,116.85,8.22,5.41,3.51,3048,2942,106,11,50.91,normal,0,0,1
2026-01-01 11:30:00,151,medium,client_3,server_1,router_1,2,client-router-server,3.79,1.06,32,76.59,100.0,66.13,118.81,7.81,3.79,5.36,4101,3882,219,108,42.03,normal,0,0,1
2026-01-01 11:31:00,152,medium,client_1,server_1,router_1,2,client-router-server,4.5,1.13,24,50.76,57.18,52.79,81.55,5.57,4.5,0.28,5315,5301,14,6,28.99,normal,0,0,1
2026-01-01 11:32:00,153,medium,client_3,server_1,router_1,2,client-router-server,4.65,0.84,20,58.08,51.86,36.25,64.4,6.21,4.65,0.21,3814,3806,8,0,29.74,normal,0,0,0
2026-01-01 11:33:00,154,medium,client_1,server_1,router_1,2,client-router-server,5.65,1.0,29,84.65,78.47,88.86,87.89,8.68,5.65,1.55,4928,4852,76,1,18.68,normal,0,0,1
2026-01-01 11:34:00,155,medium,client_3,server_1,router_1,2,client-router-server,4.27,1.11,33,92.01,100.0,100.0,102.92,6.85,4.27,2.06,2649,2595,54,0,7.07,normal,0,0,1
2026-01-01 11:35:00,156,medium,client_3,server_1,router_1,2,client-router-server,6.12,1.08,25,40.55,25.5,17.65,28.81,7.61,6.12,0.01,4552,4551,1,1,29.75,normal,0,0,0
2026-01-01 11:36:00,157,medium,client_3,server_1,router_1,2,client-router-server,4.02,0.76,24,54.27,78.32,86.04,59.76,12.63,4.02,2.34,3136,3063,73,56,54.95,normal,0,0,0
2026-01-01 11:37:00,158,medium,client_1,server_1,router_1,2,client-router-server,6.13,1.05,32,59.27,65.07,52.94,61.95,7.06,6.13,1.04,3774,3735,39,4,34.86,normal,0,0,0
2026-01-01 11:38:00,159,medium,client_1,server_1,router_1,2,client-router-server,4.48,1.38,30,27.19,31.87,32.07,33.19,4.02,4.48,0.01,4563,4562,1,1,6.03,normal,0,0,0
2026-01-01 11:39:00,160,medium,client_2,server_1,router_1,2,client-router-server,4.59,1.0,25,76.96,77.73,85.49,89.56,11.45,4.59,1.61,3165,3115,50,11,48.75,normal,0,0,1
2026-01-01 11:40:00,161,medium,client_2,server_1,router_1,2,client-router-server,6.0,1.19,33,72.73,75.23,44.16,99.42,9.91,6.0,2.98,2971,2883,88,68,22.8,normal,0,0,1
2026-01-01 11:41:00,162,medium,client_2,server_1,router_1,2,client-router-server,5.94,1.31,26,75.84,53.67,64.13,46.97,7.39,5.94,0.28,3002,2994,8,6,52.27,normal,0,0,0
2026-01-01 11:42:00,163,medium,client_3,server_1,router_1,2,client-router-server,4.3,1.13,26,34.69,47.44,26.53,59.84,8.3,4.3,0.01,3731,3730,1,0,58.18,normal,0,0,0
2026-01-01 11:43:00,164,medium,client_1,server_1,router_1,2,client-router-server,5.01,0.8,20,76.93,68.72,77.97,96.55,7.25,5.01,1.2,2771,2738,33,24,23.02,normal,0,0,1
2026-01-01 11:44:00,165,medium,client_1,server_1,router_1,2,client-router-server,5.45,0.81,31,51.68,36.46,33.42,41.55,8.02,5.45,0.01,1859,1858,1,0,42.08,normal,0,0,0
2026-01-01 11:45:00,166,medium,client_1,server_1,router_1,2,client-router-server,4.94,1.0,25,52.98,68.3,77.28,74.22,4.41,4.94,1.28,3927,3877,50,29,30.39,normal,0,0,0
2026-01-01 11:46:00,167,medium,client_3,server_1,router_1,2,client-router-server,6.11,1.38,26,86.76,67.85,48.8,48.85,10.36,6.11,2.01,5062,4961,101,33,48.1,normal,0,0,0
2026-01-01 11:47:00,168,medium,client_2,server_1,router_1,2,client-router-server,4.35,1.25,29,40.45,38.51,32.8,40.98,7.84,4.35,0.01,3078,3077,1,0,57.93,normal,0,0,0
2026-01-01 11:48:00,169,medium,client_2,server_1,router_1,2,client-router-server,4.45,0.75,26,54.93,50.12,30.33,69.73,6.77,4.45,0.01,3873,3872,1,0,21.39,normal,0,0,0
2026-01-01 11:49:00,170,medium,client_2,server_1,router_1,2,client-router-server,3.9,1.05,32,35.58,48.84,51.39,61.81,4.8,3.9,0.01,4052,4051,1,1,24.64,normal,0,0,0
2026-01-01 11:50:00,171,medium,client_1,server_1,router_1,2,client-router-server,4.36,0.72,31,41.79,66.45,70.46,81.13,6.27,4.36,1.91,2066,2027,39,26,28.64,normal,0,0,1
2026-01-01 11:51:00,172,medium,client_3,server_1,router_1,2,client-router-server,3.84,1.12,30,77.2,97.82,100.0,108.2,3.86,3.84,2.49,3962,3864,98,53,9.28,normal,0,0,1
2026-01-01 11:52:00,173,medium,client_3,server_1,router_1,2,client-router-server,5.83,0.92,28,62.58,74.86,41.98,53.67,10.96,5.83,2.42,3266,3187,79,51,28.45,normal,0,0,0
2026-01-01 11:53:00,174,medium,client_2,server_1,router_1,2,client-router-server,5.03,1.2,27,53.65,64.6,50.77,68.01,5.09,5.03,1.4,4140,4083,57,35,53.7,normal,0,0,0
2026-01-01 11:54:00,175,medium,client_1,server_1,router_1,2,client-router-server,4.76,1.1,31,47.96,69.64,63.39,51.35,7.17,4.76,1.86,2896,2843,53,0,45.15,normal,0,0,0
2026-01-01 11:55:00,176,medium,client_1,server_1,router_1,2,client-router-server,3.79,0.76,27,51.71,56.12,46.96,51.35,6.46,3.79,0.27,3904,3894,10,1,16.9,normal,0,0,0
2026-01-01 11:56:00,177,medium,client_2,server_1,router_1,2,client-router-server,4.88,1.28,26,22.42,18.26,16.18,31.25,3.94,4.88,0.01,4729,4728,1,1,52.56,normal,0,0,0
2026-01-01 11:57:00,178,medium,client_1,server_1,router_1,2,client-router-server,4.01,1.22,23,44.55,74.66,76.33,90.26,9.92,4.01,1.86,3927,3854,73,10,34.55,normal,0,0,1
2026-01-01 11:58:00,179,medium,client_3,server_1,router_1,2,client-router-server,6.06,1.06,32,84.46,90.01,75.19,67.06,4.53,6.06,2.52,2539,2476,63,1,12.77,normal,0,0,1
2026-01-01 11:59:00,180,medium,client_1,server_1,router_1,2,client-router-server,5.68,0.93,24,87.55,79.2,43.95,62.11,9.44,5.68,2.29,1974,1929,45,31,35.27,normal,0,0,0
2026-01-01 12:00:00,181,medium,client_3,server_1,router_1,2,client-router-server,5.06,1.38,32,66.49,76.52,74.55,107.66,13.41,5.06,2.12,3957,3874,83,66,51.17,normal,0,0,1
2026-01-01 12:01:00,182,medium,client_1,server_1,router_1,2,client-router-server,4.19,0.84,26,54.55,67.08,77.79,56.95,6.03,4.19,1.98,1336,1310,26,23,8.05,normal,0,0,0
2026-01-01 12:02:00,183,medium,client_3,server_1,router_1,2,client-router-server,4.22,0.87,21,81.43,67.7,62.6,88.29,5.17,4.22,1.63,5704,5612,92,59,45.95,normal,0,0,1
2026-01-01 12:03:00,184,medium,client_1,server_1,router_1,2,client-router-server,4.18,1.32,33,64.07,77.56,47.18,99.57,9.23,4.18,1.56,2610,2570,40,15,9.61,normal,0,0,1
2026-01-01 12:04:00,185,medium,client_2,server_1,router_1,2,client-router-server,3.91,1.32,25,34.68,34.54,21.86,47.74,4.7,3.91,0.01,1817,1816,1,0,38.92,normal,0,0,0
2026-01-01 12:05:00,186,medium,client_2,server_1,router_1,2,client-router-server,5.67,1.22,25,66.04,49.84,39.11,67.04,7.26,5.67,0.01,3486,3485,1,0,48.07,normal,0,0,0
2026-01-01 12:06:00,187,medium,client_1,server_1,router_1,2,client-router-server,6.1,0.77,29,64.33,67.82,62.3,65.79,3.99,6.1,0.67,1843,1831,12,0,28.06,normal,0,0,0
2026-01-01 12:07:00,188,medium,client_3,server_1,router_1,2,client-router-server,5.48,0.79,31,48.68,29.96,16.21,41.03,8.74,5.48,0.01,3048,3047,1,0,49.0,normal,0,0,0
2026-01-01 12:08:00,189,medium,client_3,server_1,router_1,2,client-router-server,4.06,0.8,22,51.31,72.64,68.5,78.14,10.7,4.06,2.0,5656,5543,113,99,25.98,normal,0,0,0
2026-01-01 12:09:00,190,medium,client_3,server_1,router_1,2,client-router-server,5.75,0.79,23,67.36,68.34,69.85,51.84,6.92,5.75,1.87,3881,3809,72,63,12.12,normal,0,0,0
2026-01-01 12:10:00,191,medium,client_3,server_1,router_1,2,client-router-server,4.11,1.36,27,23.69,18.37,17.48,26.8,7.9,4.11,0.01,3081,3080,1,0,35.61,normal,0,0,0
2026-01-01 12:11:00,192,medium,client_1,server_1,router_1,2,client-router-server,4.22,0.98,29,46.22,64.28,34.15,73.0,9.44,4.22,1.25,2207,2180,27,20,57.12,normal,0,0,0
2026-01-01 12:12:00,193,medium,client_2,server_1,router_1,2,client-router-server,5.73,1.11,20,41.6,45.93,31.39,48.11,5.26,5.73,0.01,4269,4268,1,1,7.29,normal,0,0,0
2026-01-01 12:13:00,194,medium,client_2,server_1,router_1,2,client-router-server,5.57,0.85,33,26.26,23.67,19.05,39.23,3.34,5.57,0.01,3903,3902,1,1,49.29,normal,0,0,0
2026-01-01 12:14:00,195,medium,client_3,server_1,router_1,2,client-router-server,4.86,0.79,27,59.81,80.24,59.64,93.19,11.94,4.86,3.17,4189,4057,132,13,27.92,normal,0,0,1
2026-01-01 12:15:00,196,medium,client_1,server_1,router_1,2,client-router-server,6.23,1.13,33,64.37,64.03,70.93,74.72,3.42,6.23,1.47,4663,4595,68,10,46.45,normal,0,0,0
2026-01-01 12:16:00,197,medium,client_1,server_1,router_1,2,client-router-server,5.65,1.11,28,21.25,22.27,24.49,31.93,8.05,5.65,0.01,5665,5664,1,1,21.94,normal,0,0,0
2026-01-01 12:17:00,198,medium,client_1,server_1,router_1,2,client-router-server,3.87,1.27,24,54.47,62.59,44.77,49.6,5.27,3.87,0.48,4884,4861,23,6,40.18,normal,0,0,0
2026-01-01 12:18:00,199,medium,client_2,server_1,router_1,2,client-router-server,4.73,1.16,31,36.58,23.44,20.85,37.73,7.35,4.73,0.01,4390,4389,1,1,25.9,normal,0,0,0
2026-01-01 12:19:00,200,medium,client_3,server_1,router_1,2,client-router-server,5.41,0.96,22,47.57,49.72,55.23,46.46,10.48,5.41,0.01,1907,1906,1,0,13.48,normal,0,0,0
2026-01-01 12:20:00,201,medium,client_1,server_1,router_1,2,client-router-server,4.82,1.09,26,87.37,100.0,97.71,127.77,8.85,4.82,3.73,4270,4111,159,71,22.82,normal,0,0,1
2026-01-01 12:21:00,202,medium,client_2,server_1,router_1,2,client-router-server,5.83,1.19,24,75.05,63.08,38.01,53.04,7.02,5.83,0.95,3701,3666,35,10,55.81,normal,0,0,0
2026-01-01 12:22:00,203,medium,client_2,server_1,router_1,2,client-router-server,4.44,0.78,24,60.31,93.29,50.85,99.03,11.82,4.44,4.76,4510,4296,214,113,22.78,normal,0,0,1
2026-01-01 12:23:00,204,medium,client_3,server_1,router_1,2,client-router-server,4.98,1.13,30,28.84,23.33,15.32,32.41,4.4,4.98,0.01,4570,4569,1,1,53.77,normal,0,0,0
2026-01-01 12:24:00,205,medium,client_2,server_1,router_1,2,client-router-server,5.56,0.73,28,64.91,77.68,41.55,101.33,7.36,5.56,1.29,4244,4190,54,50,15.54,normal,0,0,1
2026-01-01 12:25:00,206,medium,client_3,server_1,router_1,2,client-router-server,4.14,0.99,25,63.17,100.0,60.12,98.73,13.07,4.14,2.47,5916,5770,146,42,31.38,normal,0,0,1
2026-01-01 12:26:00,207,medium,client_1,server_1,router_1,2,client-router-server,4.84,0.75,29,67.13,80.12,93.62,105.89,13.39,4.84,1.65,2610,2567,43,19,35.45,normal,0,0,1
2026-01-01 12:27:00,208,medium,client_2,server_1,router_1,2,client-router-server,4.69,0.81,33,36.44,50.69,39.51,73.19,8.24,4.69,0.04,1129,1128,1,1,18.48,normal,0,0,0
2026-01-01 12:28:00,209,medium,client_2,server_1,router_1,2,client-router-server,5.89,1.3,20,66.13,75.51,81.35,77.77,9.66,5.89,0.88,2689,2666,23,12,55.88,normal,0,0,0
2026-01-01 12:29:00,210,medium,client_2,server_1,router_1,2,client-router-server,5.48,1.39,29,63.0,67.17,72.19,67.72,7.98,5.48,1.57,3985,3923,62,47,7.34,normal,0,0,0
2026-01-01 12:30:00,211,medium,client_2,server_1,router_1,2,client-router-server,5.37,0.99,25,74.2,77.73,69.18,101.77,9.39,5.37,3.02,1731,1679,52,10,26.25,normal,0,0,1
2026-01-01 12:31:00,212,medium,client_1,server_1,router_1,2,client-router-server,5.03,0.75,29,47.81,39.49,30.68,44.26,8.03,5.03,0.01,1673,1672,1,0,38.39,normal,0,0,0
2026-01-01 12:32:00,213,medium,client_2,server_1,router_1,2,client-router-server,5.44,1.17,25,47.77,36.09,20.47,36.28,7.92,5.44,0.01,3257,3256,1,0,33.6,normal,0,0,0
2026-01-01 12:33:00,214,medium,client_1,server_1,router_1,2,client-router-server,5.18,0.88,28,78.55,62.0,50.31,60.07,9.87,5.18,0.4,3671,3657,14,4,44.89,normal,0,0,0
2026-01-01 12:34:00,215,medium,client_3,server_1,router_1,2,client-router-server,6.21,1.3,23,67.9,51.69,42.88,57.08,5.66,6.21,0.14,1021,1020,1,1,47.22,normal,0,0,0
2026-01-01 12:35:00,216,medium,client_1,server_1,router_1,2,client-router-server,4.35,1.02,27,50.37,74.81,55.51,69.88,6.3,4.35,0.86,2008,1991,17,10,40.39,normal,0,0,0
2026-01-01 12:36:00,217,medium,client_1,server_1,router_1,2,client-router-server,4.35,0.77,32,41.58,31.42,35.38,35.42,5.64,4.35,0.01,5099,5098,1,1,27.07,normal,0,0,0
2026-01-01 12:37:00,218,medium,client_2,server_1,router_1,2,client-router-server,4.97,0.94,24,68.61,46.67,40.78,65.43,5.15,4.97,0.01,2184,2183,1,1,58.17,normal,0,0,0
2026-01-01 12:38:00,219,medium,client_1,server_1,router_1,2,client-router-server,5.71,1.33,33,78.14,86.85,72.97,95.68,10.45,5.71,2.77,4296,4178,118,5,13.55,normal,0,0,1
2026-01-01 12:39:00,220,medium,client_3,server_1,router_1,2,client-router-server,4.04,0.88,32,88.18,82.37,50.85,65.42,11.69,4.04,2.83,3462,3365,97,2,30.58,normal,0,0,0
2026-01-01 12:40:00,221,medium,client_3,server_1,router_1,2,client-router-server,5.57,0.94,27,67.52,60.26,55.01,75.49,10.36,5.57,1.21,3861,3815,46,45,22.56,normal,0,0,0
2026-01-01 12:41:00,222,medium,client_1,server_1,router_1,2,client-router-server,4.46,0.72,28,73.47,96.46,75.4,71.95,6.63,4.46,3.02,4769,4625,144,89,38.87,normal,0,0,1
2026-01-01 12:42:00,223,medium,client_1,server_1,router_1,2,client-router-server,6.1,0.77,32,27.86,22.11,23.29,27.68,2.4,6.1,0.01,5333,5332,1,1,22.26,normal,0,0,0
2026-01-01 12:43:00,224,medium,client_3,server_1,router_1,2,client-router-server,5.2,0.87,22,28.24,33.25,32.09,47.65,8.97,5.2,0.01,2621,2620,1,1,31.77,normal,0,0,0
2026-01-01 12:44:00,225,medium,client_3,server_1,router_1,2,client-router-server,4.77,1.13,32,46.7,48.52,39.7,41.86,6.53,4.77,0.01,3829,3828,1,0,46.43,normal,0,0,0
2026-01-01 12:45:00,226,medium,client_1,server_1,router_1,2,client-router-server,6.03,1.21,24,34.22,24.06,20.32,28.9,6.41,6.03,0.01,3569,3568,1,1,44.17,normal,0,0,0
2026-01-01 12:46:00,227,medium,client_2,server_1,router_1,2,client-router-server,6.13,1.26,27,77.65,51.58,60.57,49.82,10.42,6.13,0.14,4737,4731,6,5,44.65,normal,0,0,0
2026-01-01 12:47:00,228,medium,client_3,server_1,router_1,2,client-router-server,4.13,0.89,26,83.26,100.0,85.96,135.39,11.09,4.13,4.51,4857,4638,219,207,37.52,normal,0,0,1
2026-01-01 12:48:00,229,medium,client_1,server_1,router_1,2,client-router-server,5.06,0.82,22,86.48,80.61,73.22,61.88,4.12,5.06,1.46,1618,1595,23,8,39.46,normal,0,0,0
2026-01-01 12:49:00,230,medium,client_1,server_1,router_1,2,client-router-server,5.21,1.14,32,48.32,57.12,50.41,75.16,4.31,5.21,0.61,3608,3586,22,14,58.01,normal,0,0,0
2026-01-01 12:50:00,231,medium,client_2,server_1,router_1,2,client-router-server,4.2,1.34,26,88.6,100.0,72.19,84.49,6.66,4.2,5.09,3806,3613,193,21,16.76,normal,0,0,1
2026-01-01 12:51:00,232,medium,client_1,server_1,router_1,2,client-router-server,4.11,0.77,28,92.48,86.05,92.75,101.73,6.49,4.11,2.52,4513,4400,113,65,21.55,normal,0,0,1
2026-01-01 12:52:00,233,medium,client_2,server_1,router_1,2,client-router-server,4.71,1.01,33,57.25,43.01,22.35,33.92,7.12,4.71,0.01,1488,1487,1,0,11.12,normal,0,0,0
2026-01-01 12:53:00,234,medium,client_3,server_1,router_1,2,client-router-server,3.75,1.0,23,88.36,100.0,100.0,134.41,9.18,3.75,4.8,4455,4242,213,169,41.58,normal,0,0,1
2026-01-01 12:54:00,235,medium,client_3,server_1,router_1,2,client-router-server,5.6,1.08,23,78.16,62.71,52.57,74.32,7.32,5.6,0.86,5087,5044,43,9,7.3,normal,0,0,0
2026-01-01 12:55:00,236,medium,client_3,server_1,router_1,2,client-router-server,4.01,1.0,26,62.07,70.58,63.66,53.17,11.46,4.01,1.33,3691,3642,49,25,19.12,normal,0,0,0
2026-01-01 12:56:00,237,medium,client_2,server_1,router_1,2,client-router-server,3.84,1.2,21,64.16,98.11,96.08,84.3,10.01,3.84,5.39,5662,5357,305,16,58.09,normal,0,0,1
2026-01-01 12:57:00,238,medium,client_2,server_1,router_1,2,client-router-server,4.59,1.4,30,21.16,26.04,15.11,40.96,4.76,4.59,0.01,4061,4060,1,0,15.33,normal,0,0,0
2026-01-01 12:58:00,239,medium,client_1,server_1,router_1,2,client-router-server,4.91,0.7,29,49.34,37.19,43.61,57.61,2.77,4.91,0.01,3792,3791,1,0,27.08,normal,0,0,0
2026-01-01 12:59:00,240,medium,client_1,server_1,router_1,2,client-router-server,5.64,0.96,21,51.76,47.74,40.91,49.54,3.92,5.64,0.01,2899,2898,1,0,47.5,normal,0,0,0
2026-01-01 13:00:00,241,medium,client_1,server_1,router_1,2,client-router-server,5.46,0.96,32,57.76,58.04,32.38,56.28,8.38,5.46,0.48,3551,3534,17,10,55.51,normal,0,0,0
2026-01-01 13:01:00,242,medium,client_1,server_1,router_1,2,client-router-server,3.81,1.37,32,71.77,68.79,38.32,47.45,8.4,3.81,2.1,1710,1675,35,21,25.22,normal,0,0,0
2026-01-01 13:02:00,243,medium,client_3,server_1,router_1,2,client-router-server,6.08,0.99,31,56.16,40.23,41.47,51.36,4.75,6.08,0.01,1219,1218,1,0,6.8,normal,0,0,0
2026-01-01 13:03:00,244,medium,client_2,server_1,router_1,2,client-router-server,4.07,0.87,20,86.99,100.0,98.91,70.12,6.01,4.07,3.93,5548,5330,218,151,22.64,normal,0,0,1
2026-01-01 13:04:00,245,medium,client_2,server_1,router_1,2,client-router-server,4.88,1.35,28,39.42,51.14,41.95,69.84,5.26,4.88,0.07,3659,3657,2,2,51.35,normal,0,0,0
2026-01-01 13:05:00,246,medium,client_3,server_1,router_1,2,client-router-server,4.33,1.39,27,70.72,54.23,56.06,71.77,3.13,4.33,0.23,4696,4686,10,5,55.18,normal,0,0,0
2026-01-01 13:06:00,247,medium,client_2,server_1,router_1,2,client-router-server,4.51,0.97,33,45.52,41.62,36.35,35.18,6.14,4.51,0.01,1959,1958,1,0,59.5,normal,0,0,0
2026-01-01 13:07:00,248,medium,client_2,server_1,router_1,2,client-router-server,4.89,1.04,33,41.71,52.18,47.41,74.66,10.02,4.89,0.12,1961,1959,2,0,10.91,normal,0,0,0
2026-01-01 13:08:00,249,medium,client_3,server_1,router_1,2,client-router-server,4.66,0.94,27,49.42,60.39,45.04,57.6,5.31,4.66,0.74,5723,5681,42,13,21.28,normal,0,0,0
2026-01-01 13:09:00,250,medium,client_3,server_1,router_1,2,client-router-server,5.27,1.35,20,76.87,58.8,57.61,66.79,6.09,5.27,0.93,5834,5780,54,46,37.86,normal,0,0,0
2026-01-01 13:10:00,251,medium,client_3,server_1,router_1,2,client-router-server,5.05,0.73,31,84.72,100.0,100.0,103.35,12.55,5.05,5.47,4596,4345,251,152,25.6,normal,0,0,1
2026-01-01 13:11:00,252,medium,client_3,server_1,router_1,2,client-router-server,4.77,1.23,23,62.71,59.23,50.22,68.17,11.21,4.77,1.04,1699,1682,17,1,57.05,normal,0,0,0
2026-01-01 13:12:00,253,medium,client_2,server_1,router_1,2,client-router-server,4.18,0.8,21,29.75,40.16,20.99,45.43,10.32,4.18,0.01,2577,2576,1,0,7.85,normal,0,0,0
2026-01-01 13:13:00,254,medium,client_3,server_1,router_1,2,client-router-server,4.7,1.34,29,89.68,100.0,100.0,132.27,14.55,4.7,3.2,3118,3019,99,90,17.46,normal,0,0,1
2026-01-01 13:14:00,255,medium,client_2,server_1,router_1,2,client-router-server,4.6,1.3,29,45.78,51.26,39.69,66.38,6.49,4.6,0.1,1397,1396,1,0,48.2,normal,0,0,0
2026-01-01 13:15:00,256,medium,client_2,server_1,router_1,2,client-router-server,4.59,0.95,24,59.83,66.83,69.9,66.65,6.94,4.59,1.46,5262,5186,76,1,19.08,normal,0,0,0
2026-01-01 13:16:00,257,medium,client_2,server_1,router_1,2,client-router-server,4.37,1.37,22,59.71,65.26,67.35,63.4,4.53,4.37,0.5,4475,4453,22,17,34.15,normal,0,0,0
2026-01-01 13:17:00,258,medium,client_3,server_1,router_1,2,client-router-server,4.32,1.35,26,22.06,27.37,16.18,26.53,9.27,4.32,0.01,3670,3669,1,1,58.05,normal,0,0,0
2026-01-01 13:18:00,259,medium,client_3,server_1,router_1,2,client-router-server,5.78,1.1,32,63.25,57.6,60.12,51.49,10.07,5.78,0.79,3061,3037,24,5,49.31,normal,0,0,0
2026-01-01 13:19:00,260,medium,client_2,server_1,router_1,2,client-router-server,6.04,0.93,22,63.22,55.58,39.84,44.67,2.82,6.04,0.26,1054,1052,2,1,5.25,normal,0,0,0
2026-01-01 13:20:00,261,medium,client_3,server_1,router_1,2,client-router-server,4.6,1.36,20,33.41,24.09,27.88,27.69,3.61,4.6,0.01,5006,5005,1,1,21.37,normal,0,0,0
2026-01-01 13:21:00,262,medium,client_1,server_1,router_1,2,client-router-server,4.09,0.98,26,40.66,64.22,35.17,81.76,5.77,4.09,1.55,1146,1129,17,3,24.55,normal,0,0,1
2026-01-01 13:22:00,263,medium,client_3,server_1,router_1,2,client-router-server,5.81,1.38,29,53.55,36.12,36.3,33.11,7.13,5.81,0.01,2545,2544,1,0,5.74,normal,0,0,0
2026-01-01 13:23:00,264,medium,client_3,server_1,router_1,2,client-router-server,5.14,0.98,27,30.63,27.36,27.22,26.59,2.03,5.14,0.01,5869,5868,1,0,17.6,normal,0,0,0
2026-01-01 13:24:00,265,medium,client_1,server_1,router_1,2,client-router-server,5.0,1.13,24,75.61,51.4,48.52,40.51,6.81,5.0,0.11,4959,4954,5,5,12.27,normal,0,0,0
2026-01-01 13:25:00,266,medium,client_2,server_1,router_1,2,client-router-server,5.87,1.3,21,62.86,38.75,39.01,42.87,5.08,5.87,0.01,1030,1029,1,1,36.64,normal,0,0,0
2026-01-01 13:26:00,267,medium,client_2,server_1,router_1,2,client-router-server,6.02,1.12,29,45.53,33.09,38.89,45.64,4.91,6.02,0.01,2728,2727,1,1,9.58,normal,0,0,0
2026-01-01 13:27:00,268,medium,client_1,server_1,router_1,2,client-router-server,4.9,0.79,32,55.0,64.92,37.49,79.44,5.18,4.9,1.2,2951,2916,35,26,13.71,normal,0,0,0
2026-01-01 13:28:00,269,medium,client_3,server_1,router_1,2,client-router-server,5.48,1.32,21,58.78,39.81,38.11,60.09,10.76,5.48,0.01,4557,4556,1,1,31.4,normal,0,0,0
2026-01-01 13:29:00,270,medium,client_2,server_1,router_1,2,client-router-server,5.32,0.98,24,34.35,28.22,20.12,43.03,5.48,5.32,0.01,4903,4902,1,0,23.57,normal,0,0,0
2026-01-01 13:30:00,271,medium,client_3,server_1,router_1,2,client-router-server,5.92,1.03,33,43.05,40.65,44.08,52.53,7.67,5.92,0.01,1153,1152,1,1,11.89,normal,0,0,0
2026-01-01 13:31:00,272,medium,client_2,server_1,router_1,2,client-router-server,5.17,1.38,20,66.99,39.36,21.49,49.3,6.3,5.17,0.01,4321,4320,1,1,43.2,normal,0,0,0
2026-01-01 13:32:00,273,medium,client_1,server_1,router_1,2,client-router-server,6.06,0.8,22,47.45,30.41,31.85,33.45,5.93,6.06,0.01,1480,1479,1,0,42.33,normal,0,0,0
2026-01-01 13:33:00,274,medium,client_1,server_1,router_1,2,client-router-server,4.9,1.07,21,90.82,100.0,77.72,129.34,10.57,4.9,2.98,1104,1072,32,0,39.88,normal,0,0,1
2026-01-01 13:34:00,275,medium,client_1,server_1,router_1,2,client-router-server,4.57,0.99,29,79.79,89.22,90.64,91.82,5.77,4.57,3.08,3646,3534,112,78,27.95,normal,0,0,1
2026-01-01 13:35:00,276,medium,client_3,server_1,router_1,2,client-router-server,3.96,0.98,27,79.06,88.08,97.25,65.91,6.22,3.96,4.27,4809,4604,205,186,47.87,normal,0,0,0
2026-01-01 13:36:00,277,medium,client_1,server_1,router_1,2,client-router-server,5.16,1.05,20,73.98,75.97,75.38,89.29,9.39,5.16,1.73,3553,3492,61,19,13.01,normal,0,0,1
2026-01-01 13:37:00,278,medium,client_1,server_1,router_1,2,client-router-server,4.4,0.95,33,75.32,100.0,100.0,89.89,8.24,4.4,4.29,1501,1437,64,55,29.36,normal,0,0,1
2026-01-01 13:38:00,279,medium,client_2,server_1,router_1,2,client-router-server,6.14,1.03,29,36.85,34.42,26.85,29.6,4.36,6.14,0.01,2500,2499,1,1,14.6,normal,0,0,0
2026-01-01 13:39:00,280,medium,client_3,server_1,router_1,2,client-router-server,5.82,0.86,23,45.08,48.83,27.79,42.65,3.52,5.82,0.01,2705,2704,1,0,14.94,normal,0,0,0
2026-01-01 13:40:00,281,medium,client_2,server_1,router_1,2,client-router-server,5.65,1.34,21,83.39,99.38,51.2,99.65,9.87,5.65,3.52,2885,2784,101,44,7.47,normal,0,0,1
2026-01-01 13:41:00,282,medium,client_2,server_1,router_1,2,client-router-server,4.57,1.19,20,29.41,40.39,33.98,35.49,9.22,4.57,0.01,5814,5813,1,1,39.87,normal,0,0,0
2026-01-01 13:42:00,283,medium,client_2,server_1,router_1,2,client-router-server,5.47,1.06,22,31.42,24.11,17.81,28.36,2.93,5.47,0.01,1717,1716,1,0,22.64,normal,0,0,0
2026-01-01 13:43:00,284,medium,client_1,server_1,router_1,2,client-router-server,3.98,1.35,27,77.8,78.15,92.54,113.04,5.08,3.98,2.66,3540,3446,94,78,57.85,normal,0,0,1
2026-01-01 13:44:00,285,medium,client_1,server_1,router_1,2,client-router-server,4.58,0.79,29,73.47,80.03,82.39,78.54,13.54,4.58,1.96,2422,2375,47,32,39.75,normal,0,0,0
2026-01-01 13:45:00,286,medium,client_2,server_1,router_1,2,client-router-server,4.83,0.71,26,38.45,47.6,28.27,63.09,9.14,4.83,0.01,4543,4542,1,0,22.38,normal,0,0,0
2026-01-01 13:46:00,287,medium,client_1,server_1,router_1,2,client-router-server,3.85,0.91,27,52.69,49.48,35.63,56.4,7.09,3.85,0.01,4648,4647,1,1,53.25,normal,0,0,0
2026-01-01 13:47:00,288,medium,client_3,server_1,router_1,2,client-router-server,6.03,1.12,23,71.95,59.91,61.2,71.07,3.25,6.03,0.55,1786,1777,9,0,45.3,normal,0,0,0
2026-01-01 13:48:00,289,medium,client_2,server_1,router_1,2,client-router-server,4.0,1.06,33,58.51,78.63,41.42,93.73,11.94,4.0,1.85,5284,5187,97,14,27.42,normal,0,0,1
2026-01-01 13:49:00,290,medium,client_3,server_1,router_1,2,client-router-server,5.79,1.23,28,75.04,57.19,45.43,65.82,11.25,5.79,0.64,4278,4251,27,24,35.62,normal,0,0,0
2026-01-01 13:50:00,291,medium,client_2,server_1,router_1,2,client-router-server,4.95,0.84,27,33.21,24.32,20.47,37.85,7.99,4.95,0.01,3378,3377,1,1,13.49,normal,0,0,0
2026-01-01 13:51:00,292,medium,client_1,server_1,router_1,2,client-router-server,5.04,1.15,25,51.5,60.38,60.28,47.42,6.12,5.04,0.69,5263,5227,36,36,25.42,normal,0,0,0
2026-01-01 13:52:00,293,medium,client_2,server_1,router_1,2,client-router-server,4.9,1.09,24,65.57,44.4,34.24,42.8,3.29,4.9,0.01,4681,4680,1,1,8.76,normal,0,0,0
2026-01-01 13:53:00,294,medium,client_2,server_1,router_1,2,client-router-server,4.83,1.16,21,26.3,23.98,22.19,30.16,5.73,4.83,0.01,5126,5125,1,0,55.39,normal,0,0,0
2026-01-01 13:54:00,295,medium,client_1,server_1,router_1,2,client-router-server,3.83,0.71,29,89.9,100.0,100.0,94.23,10.06,3.83,2.58,4906,4780,126,61,48.7,normal,0,0,1
2026-01-01 13:55:00,296,medium,client_1,server_1,router_1,2,client-router-server,4.95,0.74,21,48.39,52.47,32.14,52.68,6.37,4.95,0.22,1847,1843,4,1,19.44,normal,0,0,0
2026-01-01 13:56:00,297,medium,client_2,server_1,router_1,2,client-router-server,5.4,1.05,33,41.76,54.03,38.2,76.79,8.04,5.4,0.13,5510,5503,7,3,36.24,normal,0,0,0
2026-01-01 13:57:00,298,medium,client_3,server_1,router_1,2,client-router-server,4.09,0.76,27,37.77,41.65,32.25,33.49,9.35,4.09,0.01,1486,1485,1,0,6.64,normal,0,0,0
2026-01-01 13:58:00,299,medium,client_1,server_1,router_1,2,client-router-server,6.09,0.99,25,31.8,36.26,30.61,55.34,4.62,6.09,0.01,4381,4380,1,1,59.47,normal,0,0,0
2026-01-01 13:59:00,300,medium,client_2,server_1,router_1,2,client-router-server,4.24,0.87,22,58.4,46.82,43.26,49.76,3.39,4.24,0.01,1456,1455,1,0,14.13,normal,0,0,0
2026-01-01 14:00:00,301,medium,client_1,server_1,router_1,2,client-router-server,4.68,0.88,23,87.25,100.0,81.61,125.68,10.78,4.68,1.85,5619,5516,103,94,7.39,normal,0,0,1
2026-01-01 14:01:00,302,medium,client_3,server_1,router_1,2,client-router-server,5.02,1.07,33,67.18,88.76,65.31,84.22,9.57,5.02,3.96,2781,2671,110,74,11.99,normal,0,0,1
2026-01-01 14:02:00,303,medium,client_2,server_1,router_1,2,client-router-server,3.83,0.71,32,40.66,55.5,58.82,60.14,5.97,3.83,0.47,3308,3293,15,9,21.66,normal,0,0,0
2026-01-01 14:03:00,304,medium,client_1,server_1,router_1,2,client-router-server,4.12,0.75,32,93.28,100.0,100.0,83.4,8.7,4.12,2.56,4006,3904,102,5,17.45,normal,0,0,1
2026-01-01 14:04:00,305,medium,client_1,server_1,router_1,2,client-router-server,5.45,0.88,28,22.37,22.68,24.23,38.53,7.79,5.45,0.01,1052,1051,1,1,9.69,normal,0,0,0
2026-01-01 14:05:00,306,medium,client_1,server_1,router_1,2,client-router-server,4.06,1.21,33,57.6,48.35,43.81,65.16,3.76,4.06,0.01,5909,5908,1,0,53.86,normal,0,0,0
2026-01-01 14:06:00,307,medium,client_2,server_1,router_1,2,client-router-server,4.47,0.71,28,61.42,94.47,61.81,65.34,7.83,4.47,3.4,5606,5416,190,162,10.7,normal,0,0,1
2026-01-01 14:07:00,308,medium,client_2,server_1,router_1,2,client-router-server,4.54,1.26,21,72.31,55.16,61.32,70.14,5.76,4.54,0.39,5690,5668,22,8,48.58,normal,0,0,0
2026-01-01 14:08:00,309,medium,client_2,server_1,router_1,2,client-router-server,5.01,1.24,27,27.51,28.04,15.38,28.18,4.76,5.01,0.01,3578,3577,1,1,11.88,normal,0,0,0
2026-01-01 14:09:00,310,medium,client_2,server_1,router_1,2,client-router-server,4.42,1.07,25,69.6,50.68,51.08,41.46,6.54,4.42,0.05,5756,5754,2,2,55.66,normal,0,0,0
2026-01-01 14:10:00,311,medium,client_1,server_1,router_1,2,client-router-server,4.02,0.71,29,90.69,88.32,90.39,125.16,5.77,4.02,3.32,1580,1528,52,0,50.84,normal,0,0,1
2026-01-01 14:11:00,312,medium,client_1,server_1,router_1,2,client-router-server,4.33,1.07,26,76.93,57.95,55.18,46.06,8.88,4.33,0.41,1296,1291,5,0,6.47,normal,0,0,0
2026-01-01 14:12:00,313,medium,client_2,server_1,router_1,2,client-router-server,3.99,1.31,30,44.92,48.28,37.53,49.95,4.16,3.99,0.01,4276,4275,1,1,37.97,normal,0,0,0
2026-01-01 14:13:00,314,medium,client_2,server_1,router_1,2,client-router-server,5.05,0.7,32,67.67,54.76,37.05,41.97,4.31,5.05,0.32,1438,1434,4,3,48.89,normal,0,0,0
2026-01-01 14:14:00,315,medium,client_1,server_1,router_1,2,client-router-server,5.9,1.35,27,56.47,53.75,38.66,73.37,8.85,5.9,0.39,4638,4620,18,16,10.68,normal,0,0,0
2026-01-01 14:15:00,316,medium,client_1,server_1,router_1,2,client-router-server,4.81,1.0,27,28.0,18.68,9.82,27.49,2.67,4.81,0.01,3921,3920,1,1,51.71,normal,0,0,0
2026-01-01 14:16:00,317,medium,client_2,server_1,router_1,2,client-router-server,5.05,0.72,23,37.43,41.91,42.38,64.13,9.26,5.05,0.01,1892,1891,1,1,47.69,normal,0,0,0
2026-01-01 14:17:00,318,medium,client_1,server_1,router_1,2,client-router-server,3.75,1.2,31,37.56,67.58,36.41,73.51,10.3,3.75,1.14,3850,3807,43,13,44.56,normal,0,0,0
2026-01-01 14:18:00,319,medium,client_3,server_1,router_1,2,client-router-server,4.34,1.35,29,55.82,89.75,58.47,93.27,7.22,4.34,4.46,5057,4832,225,183,44.75,normal,0,0,1
2026-01-01 14:19:00,320,medium,client_1,server_1,router_1,2,client-router-server,4.62,0.76,32,75.97,83.93,92.36,119.02,7.51,4.62,3.66,4178,4026,152,141,29.93,normal,0,0,1
2026-01-01 14:20:00,321,medium,client_3,server_1,router_1,2,client-router-server,4.43,0.77,21,94.33,80.98,47.54,95.27,10.94,4.43,3.54,3992,3851,141,93,35.76,normal,0,0,1
2026-01-01 14:21:00,322,medium,client_1,server_1,router_1,2,client-router-server,4.05,0.98,33,43.96,63.7,49.18,60.43,8.13,4.05,1.1,4039,3995,44,16,26.62,normal,0,0,0
2026-01-01 14:22:00,323,medium,client_3,server_1,router_1,2,client-router-server,4.0,1.03,28,72.05,75.36,89.23,92.06,5.05,4.0,2.76,2944,2863,81,32,41.38,normal,0,0,1
2026-01-01 14:23:00,324,medium,client_1,server_1,router_1,2,client-router-server,6.13,0.7,31,60.58,52.7,31.92,49.35,8.98,6.13,0.09,2422,2420,2,1,59.17,normal,0,0,0
2026-01-01 14:24:00,325,medium,client_3,server_1,router_1,2,client-router-server,4.03,1.38,21,78.78,100.0,53.88,118.03,8.46,4.03,5.31,5602,5305,297,132,48.33,normal,0,0,1
2026-01-01 14:25:00,326,medium,client_3,server_1,router_1,2,client-router-server,6.12,1.14,29,67.01,70.31,35.21,78.27,6.89,6.12,2.01,3481,3412,69,48,50.77,normal,0,0,0
2026-01-01 14:26:00,327,medium,client_3,server_1,router_1,2,client-router-server,5.8,1.36,30,91.26,100.0,83.46,80.46,9.97,5.8,2.69,2022,1968,54,31,42.19,normal,0,0,1
2026-01-01 14:27:00,328,medium,client_2,server_1,router_1,2,client-router-server,5.89,0.71,30,38.38,44.01,51.87,60.3,2.74,5.89,0.01,5344,5343,1,0,53.33,normal,0,0,0
2026-01-01 14:28:00,329,medium,client_1,server_1,router_1,2,client-router-server,4.74,0.78,32,26.12,22.87,19.13,23.98,7.2,4.74,0.01,2553,2552,1,1,19.4,normal,0,0,0
2026-01-01 14:29:00,330,medium,client_3,server_1,router_1,2,client-router-server,4.22,1.2,26,65.57,100.0,92.66,73.16,11.54,4.22,1.57,2845,2801,44,36,41.65,normal,0,0,1
2026-01-01 14:30:00,331,medium,client_3,server_1,router_1,2,client-router-server,4.1,0.88,23,69.39,100.0,60.44,124.17,13.47,4.1,5.6,5935,5603,332,123,30.36,normal,0,0,1
2026-01-01 14:31:00,332,medium,client_3,server_1,router_1,2,client-router-server,6.09,1.21,29,44.07,30.77,34.92,38.22,3.97,6.09,0.01,3034,3033,1,1,47.17,normal,0,0,0
2026-01-01 14:32:00,333,medium,client_2,server_1,router_1,2,client-router-server,4.04,1.29,28,28.47,29.85,35.22,33.6,4.62,4.04,0.01,5603,5602,1,1,31.34,normal,0,0,0
2026-01-01 14:33:00,334,medium,client_2,server_1,router_1,2,client-router-server,5.7,1.1,31,46.08,26.06,24.71,32.46,8.96,5.7,0.01,1427,1426,1,0,55.73,normal,0,0,0
2026-01-01 14:34:00,335,medium,client_3,server_1,router_1,2,client-router-server,6.14,1.06,22,21.19,23.52,19.46,25.21,3.74,6.14,0.01,2772,2771,1,0,15.46,normal,0,0,0
2026-01-01 14:35:00,336,medium,client_1,server_1,router_1,2,client-router-server,4.55,0.95,28,79.72,98.67,90.05,133.19,7.6,4.55,3.45,5679,5484,195,50,38.09,normal,0,0,1
2026-01-01 14:36:00,337,medium,client_2,server_1,router_1,2,client-router-server,3.92,1.02,33,63.42,100.0,100.0,87.84,10.25,3.92,1.83,2774,2724,50,25,57.97,normal,0,0,1
2026-01-01 14:37:00,338,medium,client_1,server_1,router_1,2,client-router-server,4.64,1.26,31,59.58,87.72,72.29,86.02,5.4,4.64,3.02,2313,2244,69,26,16.44,normal,0,0,1
2026-01-01 14:38:00,339,medium,client_3,server_1,router_1,2,client-router-server,3.83,1.29,20,47.11,83.53,82.66,93.74,5.1,3.83,2.93,4820,4679,141,57,57.89,normal,0,0,1
2026-01-01 14:39:00,340,medium,client_1,server_1,router_1,2,client-router-server,5.46,0.7,32,28.3,26.37,16.93,27.1,5.75,5.46,0.01,3380,3379,1,1,13.21,normal,0,0,0
2026-01-01 14:40:00,341,medium,client_1,server_1,router_1,2,client-router-server,3.81,0.93,20,24.8,27.21,23.98,30.51,6.97,3.81,0.01,4521,4520,1,0,39.61,normal,0,0,0
2026-01-01 14:41:00,342,medium,client_1,server_1,router_1,2,client-router-server,4.58,0.79,29,74.85,93.77,48.16,119.96,9.25,4.58,1.77,5405,5310,95,32,44.05,normal,0,0,1
2026-01-01 14:42:00,343,medium,client_1,server_1,router_1,2,client-router-server,4.8,0.8,23,71.76,100.0,59.42,78.73,7.74,4.8,3.88,2559,2460,99,85,19.94,normal,0,0,1
2026-01-01 14:43:00,344,medium,client_3,server_1,router_1,2,client-router-server,5.77,1.0,24,34.81,31.96,37.92,47.54,4.46,5.77,0.01,4404,4403,1,1,17.16,normal,0,0,0
2026-01-01 14:44:00,345,medium,client_2,server_1,router_1,2,client-router-server,5.57,0.88,29,48.91,37.07,24.99,52.09,4.14,5.57,0.01,4191,4190,1,0,28.97,normal,0,0,0
2026-01-01 14:45:00,346,medium,client_2,server_1,router_1,2,client-router-server,4.48,1.11,20,22.3,29.56,26.21,29.13,6.86,4.48,0.01,4382,4381,1,0,33.36,normal,0,0,0
2026-01-01 14:46:00,347,medium,client_2,server_1,router_1,2,client-router-server,5.8,0.81,21,28.93,28.02,32.92,35.79,6.76,5.8,0.01,2598,2597,1,0,23.14,normal,0,0,0
2026-01-01 14:47:00,348,medium,client_2,server_1,router_1,2,client-router-server,4.16,1.34,25,31.98,43.38,51.44,66.05,6.32,4.16,0.01,4645,4644,1,1,17.93,normal,0,0,0
2026-01-01 14:48:00,349,medium,client_3,server_1,router_1,2,client-router-server,4.52,1.24,20,91.6,100.0,62.2,86.23,10.28,4.52,3.14,1712,1659,53,7,55.3,normal,0,0,1
2026-01-01 14:49:00,350,medium,client_2,server_1,router_1,2,client-router-server,4.2,0.71,25,57.99,66.02,58.12,72.91,6.01,4.2,1.9,5813,5703,110,2,58.32,normal,0,0,0
2026-01-01 14:50:00,351,medium,client_2,server_1,router_1,2,client-router-server,5.02,1.33,32,87.68,100.0,91.51,76.54,7.21,5.02,5.5,2075,1961,114,22,38.5,normal,0,0,1
2026-01-01 14:51:00,352,medium,client_2,server_1,router_1,2,client-router-server,4.49,1.39,31,44.64,58.89,54.02,51.82,7.26,4.49,0.72,4644,4611,33,31,37.98,normal,0,0,0
2026-01-01 14:52:00,353,medium,client_1,server_1,router_1,2,client-router-server,6.22,1.18,21,71.05,70.71,46.42,82.64,9.71,6.22,2.43,3048,2974,74,41,47.19,normal,0,0,1
2026-01-01 14:53:00,354,medium,client_1,server_1,router_1,2,client-router-server,5.98,0.84,26,20.04,14.83,12.92,23.34,8.65,5.98,0.01,2375,2374,1,0,11.4,normal,0,0,0
2026-01-01 14:54:00,355,medium,client_2,server_1,router_1,2,client-router-server,3.9,0.86,31,59.13,100.0,63.7,94.84,8.19,3.9,4.52,5228,4992,236,150,38.96,normal,0,0,1
2026-01-01 14:55:00,356,medium,client_3,server_1,router_1,2,client-router-server,5.6,1.33,27,41.06,43.93,44.43,54.06,8.43,5.6,0.01,2037,2036,1,1,10.78,normal,0,0,0
2026-01-01 14:56:00,357,medium,client_2,server_1,router_1,2,client-router-server,5.71,1.15,31,49.55,55.5,35.96,65.68,10.28,5.71,0.5,2192,2182,10,8,25.1,normal,0,0,0
2026-01-01 14:57:00,358,medium,client_3,server_1,router_1,2,client-router-server,5.38,1.03,33,66.11,63.71,66.06,83.3,10.85,5.38,1.27,5656,5585,71,1,40.48,normal,0,0,1
2026-01-01 14:58:00,359,medium,client_2,server_1,router_1,2,client-router-server,5.28,1.29,29,41.34,48.01,48.47,66.59,8.33,5.28,0.01,3069,3068,1,1,20.24,normal,0,0,0
2026-01-01 14:59:00,360,medium,client_1,server_1,router_1,2,client-router-server,4.18,0.97,27,50.22,56.52,43.52,71.82,6.75,4.18,0.37,3905,3891,14,9,11.0,normal,0,0,0
2026-01-01 15:00:00,361,medium,client_3,server_1,router_1,2,client-router-server,6.05,1.3,24,38.71,24.55,22.78,30.04,6.92,6.05,0.01,5964,5963,1,1,25.01,normal,0,0,0
2026-01-01 15:01:00,362,medium,client_2,server_1,router_1,2,client-router-server,4.99,1.29,28,76.72,71.75,85.41,83.51,7.35,4.99,2.6,3511,3420,91,86,7.14,normal,0,0,1
2026-01-01 15:02:00,363,medium,client_3,server_1,router_1,2,client-router-server,5.42,0.7,23,24.26,27.87,30.33,36.3,5.74,5.42,0.01,3591,3590,1,0,40.31,normal,0,0,0
2026-01-01 15:03:00,364,medium,client_3,server_1,router_1,2,client-router-server,4.12,0.93,28,36.34,33.42,33.36,37.56,3.58,4.12,0.01,3785,3784,1,0,57.47,normal,0,0,0
2026-01-01 15:04:00,365,medium,client_1,server_1,router_1,2,client-router-server,6.25,1.02,31,34.05,19.36,20.81,32.76,3.78,6.25,0.01,3711,3710,1,0,20.66,normal,0,0,0
2026-01-01 15:05:00,366,medium,client_2,server_1,router_1,2,client-router-server,6.17,1.19,29,71.75,46.31,38.78,38.71,6.59,6.17,0.01,3924,3923,1,1,25.25,normal,0,0,0
2026-01-01 15:06:00,367,medium,client_1,server_1,router_1,2,client-router-server,4.93,0.78,22,22.76,15.21,12.06,21.79,8.59,4.93,0.01,4208,4207,1,0,47.13,normal,0,0,0
2026-01-01 15:07:00,368,medium,client_3,server_1,router_1,2,client-router-server,6.14,0.8,23,89.54,52.35,50.98,68.83,3.46,6.14,0.08,1846,1845,1,0,14.29,normal,0,0,0
2026-01-01 15:08:00,369,medium,client_3,server_1,router_1,2,client-router-server,3.82,0.74,30,37.76,44.92,31.37,51.77,6.18,3.82,0.01,3652,3651,1,1,36.93,normal,0,0,0
2026-01-01 15:09:00,370,medium,client_2,server_1,router_1,2,client-router-server,5.0,1.12,23,72.93,72.19,63.33,92.07,8.06,5.0,1.13,4358,4309,49,12,36.71,normal,0,0,1
2026-01-01 15:10:00,371,medium,client_2,server_1,router_1,2,client-router-server,5.05,1.36,30,81.76,93.53,100.0,93.62,9.22,5.05,4.52,4474,4272,202,144,5.96,normal,0,0,1
2026-01-01 15:11:00,372,medium,client_1,server_1,router_1,2,client-router-server,6.12,0.82,22,24.66,22.99,17.94,30.15,6.29,6.12,0.01,1549,1548,1,1,42.3,normal,0,0,0
2026-01-01 15:12:00,373,medium,client_1,server_1,router_1,2,client-router-server,4.52,1.27,23,63.8,44.22,35.62,49.53,3.33,4.52,0.01,2586,2585,1,0,46.52,normal,0,0,0
2026-01-01 15:13:00,374,medium,client_3,server_1,router_1,2,client-router-server,5.6,1.34,31,67.64,43.85,50.16,61.61,6.44,5.6,0.01,4935,4934,1,0,13.78,normal,0,0,0
2026-01-01 15:14:00,375,medium,client_1,server_1,router_1,2,client-router-server,5.96,1.08,33,24.17,20.45,19.56,28.45,3.92,5.96,0.01,5584,5583,1,1,32.0,normal,0,0,0
2026-01-01 15:15:00,376,medium,client_2,server_1,router_1,2,client-router-server,4.11,1.09,32,32.49,36.37,22.02,46.59,6.87,4.11,0.01,2371,2370,1,1,58.68,normal,0,0,0
2026-01-01 15:16:00,377,medium,client_2,server_1,router_1,2,client-router-server,5.01,1.37,24,51.2,43.91,44.72,44.83,6.96,5.01,0.01,1159,1158,1,1,53.74,normal,0,0,0
2026-01-01 15:17:00,378,medium,client_2,server_1,router_1,2,client-router-server,5.79,0.7,22,72.11,54.43,41.0,48.26,8.21,5.79,0.32,5393,5376,17,8,5.78,normal,0,0,0
2026-01-01 15:18:00,379,medium,client_3,server_1,router_1,2,client-router-server,4.95,0.98,31,65.45,63.9,70.75,94.17,6.35,4.95,1.06,2254,2231,23,17,21.85,normal,0,0,1
2026-01-01 15:19:00,380,medium,client_1,server_1,router_1,2,client-router-server,6.22,0.75,32,64.91,68.61,67.3,54.32,8.43,6.22,0.76,3798,3770,28,6,52.61,normal,0,0,0
2026-01-01 15:20:00,381,medium,client_3,server_1,router_1,2,client-router-server,5.54,0.8,26,22.5,21.0,10.66,23.49,7.46,5.54,0.01,4866,4865,1,1,39.98,normal,0,0,0
2026-01-01 15:21:00,382,medium,client_3,server_1,router_1,2,client-router-server,4.19,1.12,28,34.32,49.53,33.87,55.89,7.44,4.19,0.01,4267,4266,1,0,9.66,normal,0,0,0
2026-01-01 15:22:00,383,medium,client_3,server_1,router_1,2,client-router-server,5.06,1.04,28,71.07,42.29,41.94,49.26,8.67,5.06,0.01,1841,1840,1,1,14.38,normal,0,0,0
2026-01-01 15:23:00,384,medium,client_3,server_1,router_1,2,client-router-server,5.82,1.17,21,74.34,41.29,27.18,44.23,6.59,5.82,0.01,2242,2241,1,1,27.68,normal,0,0,0
2026-01-01 15:24:00,385,medium,client_2,server_1,router_1,2,client-router-server,5.18,0.94,21,26.87,15.57,15.16,19.82,2.57,5.18,0.01,1096,1095,1,1,7.64,normal,0,0,0
2026-01-01 15:25:00,386,medium,client_2,server_1,router_1,2,client-router-server,6.08,1.25,29,55.52,35.78,34.99,35.71,4.41,6.08,0.01,4855,4854,1,1,54.75,normal,0,0,0
2026-01-01 15:26:00,387,medium,client_2,server_1,router_1,2,client-router-server,5.38,0.82,24,68.63,82.16,60.28,68.15,8.42,5.38,3.47,3533,3411,122,32,50.73,normal,0,0,0
2026-01-01 15:27:00,388,medium,client_1,server_1,router_1,2,client-router-server,5.66,1.26,26,69.73,49.67,47.38,41.3,3.42,5.66,0.01,4611,4610,1,1,7.16,normal,0,0,0
2026-01-01 15:28:00,389,medium,client_3,server_1,router_1,2,client-router-server,6.24,0.78,33,47.48,30.08,34.78,49.69,8.54,6.24,0.01,4239,4238,1,1,25.86,normal,0,0,0
2026-01-01 15:29:00,390,medium,client_3,server_1,router_1,2,client-router-server,5.08,1.06,26,77.53,66.76,69.22,88.32,7.94,5.08,0.57,3443,3424,19,19,44.8,normal,0,0,1
2026-01-01 15:30:00,391,medium,client_1,server_1,router_1,2,client-router-server,5.04,1.1,24,40.47,30.88,33.15,36.28,4.95,5.04,0.01,3092,3091,1,1,23.19,normal,0,0,0
2026-01-01 15:31:00,392,medium,client_3,server_1,router_1,2,client-router-server,4.68,1.3,28,52.75,44.79,26.95,47.14,6.3,4.68,0.01,1464,1463,1,1,49.04,normal,0,0,0
2026-01-01 15:32:00,393,medium,client_3,server_1,router_1,2,client-router-server,5.03,0.85,24,50.78,52.65,63.01,55.51,4.13,5.03,0.14,4375,4369,6,0,32.5,normal,0,0,0
2026-01-01 15:33:00,394,medium,client_3,server_1,router_1,2,client-router-server,4.44,1.36,27,74.24,100.0,87.23,128.88,4.22,4.44,4.45,2268,2168,100,44,38.89,normal,0,0,1
2026-01-01 15:34:00,395,medium,client_3,server_1,router_1,2,client-router-server,4.49,1.3,22,20.65,29.0,31.2,38.34,8.61,4.49,0.01,5995,5994,1,0,58.26,normal,0,0,0
2026-01-01 15:35:00,396,medium,client_2,server_1,router_1,2,client-router-server,5.57,1.39,27,92.88,68.7,49.02,47.52,4.62,5.57,1.33,5486,5414,72,32,42.52,normal,0,0,0
2026-01-01 15:36:00,397,medium,client_1,server_1,router_1,2,client-router-server,4.21,1.08,21,39.67,40.93,21.82,38.51,8.95,4.21,0.01,4505,4504,1,1,37.43,normal,0,0,0
2026-01-01 15:37:00,398,medium,client_2,server_1,router_1,2,client-router-server,5.03,1.39,27,44.8,58.19,59.99,84.64,3.83,5.03,0.92,2115,2096,19,18,59.51,normal,0,0,1
2026-01-01 15:38:00,399,medium,client_2,server_1,router_1,2,client-router-server,4.84,0.81,20,71.84,85.81,62.9,116.43,12.62,4.84,1.88,5226,5128,98,77,6.5,normal,0,0,1
2026-01-01 15:39:00,400,medium,client_2,server_1,router_1,2,client-router-server,4.49,0.8,33,93.31,100.0,79.54,121.09,6.16,4.49,5.49,4355,4116,239,141,49.18,normal,0,0,1
2026-01-01 15:40:00,401,medium,client_1,server_1,router_1,2,client-router-server,3.91,0.79,31,89.12,100.0,82.57,112.52,6.86,3.91,1.64,2901,2854,47,6,25.83,normal,0,0,1
2026-01-01 15:41:00,402,medium,client_1,server_1,router_1,2,client-router-server,4.37,1.15,27,67.67,59.66,48.2,71.7,11.12,4.37,0.91,1552,1538,14,8,27.76,normal,0,0,0
2026-01-01 15:42:00,403,medium,client_2,server_1,router_1,2,client-router-server,4.8,1.08,24,54.24,72.84,77.2,59.94,7.75,4.8,2.12,2523,2470,53,35,54.72,normal,0,0,0
2026-01-01 15:43:00,404,medium,client_1,server_1,router_1,2,client-router-server,5.96,0.72,26,51.21,37.69,41.58,42.13,5.09,5.96,0.01,3428,3427,1,0,33.76,normal,0,0,0
2026-01-01 15:44:00,405,medium,client_3,server_1,router_1,2,client-router-server,4.6,1.35,33,61.32,44.05,27.31,53.52,7.82,4.6,0.01,3589,3588,1,1,26.46,normal,0,0,0
2026-01-01 15:45:00,406,medium,client_3,server_1,router_1,2,client-router-server,5.0,1.17,28,77.09,55.89,55.04,64.2,7.09,5.0,0.35,1649,1644,5,5,17.11,normal,0,0,0
2026-01-01 15:46:00,407,medium,client_3,server_1,router_1,2,client-router-server,3.98,0.79,28,61.66,91.94,100.0,80.27,4.05,3.98,4.53,5284,5045,239,111,58.91,normal,0,0,1
2026-01-01 15:47:00,408,medium,client_2,server_1,router_1,2,client-router-server,4.09,1.05,33,76.17,100.0,99.17,124.28,5.17,4.09,3.58,1238,1194,44,15,13.22,normal,0,0,1
2026-01-01 15:48:00,409,medium,client_2,server_1,router_1,2,client-router-server,4.84,0.94,27,62.08,42.58,43.45,47.84,7.09,4.84,0.01,3842,3841,1,1,31.42,normal,0,0,0
2026-01-01 15:49:00,410,medium,client_2,server_1,router_1,2,client-router-server,5.9,1.36,22,34.47,37.42,30.57,47.96,7.24,5.9,0.01,3920,3919,1,1,17.01,normal,0,0,0
2026-01-01 15:50:00,411,medium,client_2,server_1,router_1,2,client-router-server,4.07,0.81,23,75.91,97.04,100.0,123.84,9.53,4.07,4.41,1342,1283,59,48,44.98,normal,0,0,1
2026-01-01 15:51:00,412,medium,client_2,server_1,router_1,2,client-router-server,5.26,1.03,25,41.78,48.92,47.88,72.74,10.17,5.26,0.01,3401,3400,1,0,10.72,normal,0,0,0
2026-01-01 15:52:00,413,medium,client_3,server_1,router_1,2,client-router-server,5.72,0.91,28,84.04,68.84,72.22,65.74,10.36,5.72,1.46,3812,3757,55,24,38.48,normal,0,0,0
2026-01-01 15:53:00,414,medium,client_2,server_1,router_1,2,client-router-server,5.62,0.95,28,70.34,59.14,60.46,54.33,9.38,5.62,0.33,3321,3311,10,8,38.13,normal,0,0,0
2026-01-01 15:54:00,415,medium,client_2,server_1,router_1,2,client-router-server,5.87,1.04,31,52.83,59.08,39.43,66.95,10.83,5.87,0.76,2307,2290,17,13,20.1,normal,0,0,0
2026-01-01 15:55:00,416,medium,client_1,server_1,router_1,2,client-router-server,3.9,1.23,30,61.64,55.56,55.72,52.13,10.72,3.9,0.18,5133,5124,9,7,10.01,normal,0,0,0
2026-01-01 15:56:00,417,medium,client_1,server_1,router_1,2,client-router-server,5.12,0.9,28,36.79,23.09,25.95,33.29,8.5,5.12,0.01,3998,3997,1,0,16.37,normal,0,0,0
2026-01-01 15:57:00,418,medium,client_1,server_1,router_1,2,client-router-server,5.34,1.11,25,50.28,45.19,27.84,57.9,3.26,5.34,0.01,4015,4014,1,1,43.33,normal,0,0,0
2026-01-01 15:58:00,419,medium,client_2,server_1,router_1,2,client-router-server,4.61,0.76,25,92.05,100.0,100.0,71.78,10.78,4.61,2.58,2097,2043,54,36,44.05,normal,0,0,1
2026-01-01 15:59:00,420,medium,client_1,server_1,router_1,2,client-router-server,6.14,0.74,24,58.55,39.53,21.82,36.38,4.59,6.14,0.01,4006,4005,1,0,49.5,normal,0,0,0
2026-01-01 16:00:00,421,medium,client_2,server_1,router_1,2,client-router-server,5.0,1.2,30,78.02,95.17,52.54,101.89,3.96,5.0,3.91,3452,3318,134,95,32.03,normal,0,0,1
2026-01-01 16:01:00,422,medium,client_2,server_1,router_1,2,client-router-server,5.72,0.74,22,24.5,24.24,20.16,30.27,6.23,5.72,0.01,5480,5479,1,0,21.51,normal,0,0,0
2026-01-01 16:02:00,423,medium,client_3,server_1,router_1,2,client-router-server,5.56,1.15,25,71.24,43.13,26.65,62.53,8.75,5.56,0.01,2640,2639,1,1,17.85,normal,0,0,0
2026-01-01 16:03:00,424,medium,client_1,server_1,router_1,2,client-router-server,5.54,0.9,29,38.79,44.05,49.81,48.73,8.13,5.54,0.01,5654,5653,1,0,43.91,normal,0,0,0
2026-01-01 16:04:00,425,medium,client_2,server_1,router_1,2,client-router-server,5.75,1.22,29,88.48,86.5,98.0,83.87,6.02,5.75,4.05,1932,1854,78,26,49.0,normal,0,0,1
2026-01-01 16:05:00,426,medium,client_3,server_1,router_1,2,client-router-server,4.67,0.87,23,39.65,27.8,18.07,39.66,7.07,4.67,0.01,4407,4406,1,0,15.21,normal,0,0,0
2026-01-01 16:06:00,427,medium,client_1,server_1,router_1,2,client-router-server,5.68,1.13,21,77.6,74.83,83.66,93.74,10.48,5.68,0.83,3501,3472,29,17,6.89,normal,0,0,1
2026-01-01 16:07:00,428,medium,client_3,server_1,router_1,2,client-router-server,5.53,1.06,20,61.7,59.29,57.76,57.8,5.38,5.53,0.97,5716,5661,55,55,37.45,normal,0,0,0
2026-01-01 16:08:00,429,medium,client_1,server_1,router_1,2,client-router-server,6.16,0.91,30,36.27,34.79,34.35,33.08,8.9,6.16,0.01,4266,4265,1,1,7.96,normal,0,0,0
2026-01-01 16:09:00,430,medium,client_3,server_1,router_1,2,client-router-server,3.96,1.27,31,94.29,100.0,65.24,101.4,10.65,3.96,5.5,4925,4655,270,148,6.97,normal,0,0,1
2026-01-01 16:10:00,431,medium,client_1,server_1,router_1,2,client-router-server,4.15,1.03,21,37.94,55.34,65.87,55.86,9.67,4.15,0.37,1627,1621,6,2,54.19,normal,0,0,0
2026-01-01 16:11:00,432,medium,client_2,server_1,router_1,2,client-router-server,4.88,1.28,25,24.35,29.96,18.2,40.46,6.44,4.88,0.01,2711,2710,1,0,26.69,normal,0,0,0
2026-01-01 16:12:00,433,medium,client_3,server_1,router_1,2,client-router-server,3.94,1.1,27,91.98,100.0,100.0,122.1,10.28,3.94,5.5,1253,1185,68,24,46.78,normal,0,0,1
2026-01-01 16:13:00,434,medium,client_2,server_1,router_1,2,client-router-server,4.75,0.8,33,77.86,79.44,40.48,82.89,8.91,4.75,3.17,4253,4119,134,62,52.37,normal,0,0,1
2026-01-01 16:14:00,435,medium,client_1,server_1,router_1,2,client-router-server,4.98,0.87,23,71.75,86.0,62.16,106.12,11.18,4.98,3.89,1397,1343,54,35,28.15,normal,0,0,1
2026-01-01 16:15:00,436,medium,client_1,server_1,router_1,2,client-router-server,5.63,1.12,24,36.16,27.94,24.42,35.66,4.72,5.63,0.01,2401,2400,1,0,30.75,normal,0,0,0
2026-01-01 16:16:00,437,medium,client_1,server_1,router_1,2,client-router-server,5.06,0.78,33,63.33,82.07,93.51,109.7,5.47,5.06,3.69,3916,3772,144,80,59.94,normal,0,0,1
2026-01-01 16:17:00,438,medium,client_3,server_1,router_1,2,client-router-server,4.8,1.04,32,28.57,18.43,11.99,23.78,8.26,4.8,0.01,5594,5593,1,0,35.13,normal,0,0,0
2026-01-01 16:18:00,439,medium,client_2,server_1,router_1,2,client-router-server,6.13,1.04,29,83.09,69.5,36.33,78.87,7.1,6.13,1.5,3240,3192,48,33,28.69,normal,0,0,0
2026-01-01 16:19:00,440,medium,client_3,server_1,router_1,2,client-router-server,5.67,1.06,24,27.37,17.0,13.26,20.71,4.58,5.67,0.01,1305,1304,1,0,19.31,normal,0,0,0
2026-01-01 16:20:00,441,medium,client_1,server_1,router_1,2,client-router-server,4.42,0.97,28,27.76,38.92,29.54,36.33,3.3,4.42,0.01,1560,1559,1,0,27.77,normal,0,0,0
2026-01-01 16:21:00,442,medium,client_1,server_1,router_1,2,client-router-server,4.25,1.34,24,49.0,51.88,29.18,58.65,7.16,4.25,0.19,3208,3202,6,3,58.42,normal,0,0,0
2026-01-01 16:22:00,443,medium,client_1,server_1,router_1,2,client-router-server,4.7,1.31,31,49.87,63.79,73.19,92.27,12.87,4.7,1.03,3186,3154,32,1,15.91,normal,0,0,1
2026-01-01 16:23:00,444,medium,client_3,server_1,router_1,2,client-router-server,6.23,1.15,24,67.39,69.13,51.7,67.85,5.39,6.23,2.28,1759,1719,40,38,57.54,normal,0,0,0
2026-01-01 16:24:00,445,medium,client_1,server_1,router_1,2,client-router-server,4.3,1.07,22,57.24,67.76,71.82,73.84,4.74,4.3,0.69,4645,4613,32,13,26.48,normal,0,0,0
2026-01-01 16:25:00,446,medium,client_3,server_1,router_1,2,client-router-server,6.11,1.34,25,69.36,48.81,47.61,54.45,10.55,6.11,0.01,5952,5951,1,0,27.35,normal,0,0,0
2026-01-01 16:26:00,447,medium,client_2,server_1,router_1,2,client-router-server,4.78,1.31,20,60.77,73.39,50.03,95.17,7.97,4.78,1.28,3063,3024,39,35,19.96,normal,0,0,1
2026-01-01 16:27:00,448,medium,client_2,server_1,router_1,2,client-router-server,4.8,0.88,33,54.75,71.2,81.85,71.33,8.48,4.8,1.99,2484,2435,49,38,57.51,normal,0,0,0
2026-01-01 16:28:00,449,medium,client_3,server_1,router_1,2,client-router-server,4.48,1.05,31,49.04,69.41,82.37,90.75,8.62,4.48,2.28,2068,2021,47,30,23.85,normal,0,0,1
2026-01-01 16:29:00,450,medium,client_1,server_1,router_1,2,client-router-server,5.97,1.11,21,51.12,56.1,56.26,46.32,9.76,5.97,0.35,3331,3320,11,11,46.32,normal,0,0,0
2026-01-01 16:30:00,451,medium,client_1,server_1,router_1,2,client-router-server,5.53,0.71,25,70.56,66.39,71.46,70.49,10.74,5.53,1.21,1378,1362,16,1,9.98,normal,0,0,0
2026-01-01 16:31:00,452,medium,client_3,server_1,router_1,2,client-router-server,4.46,0.76,21,29.41,37.09,30.19,55.59,7.44,4.46,0.01,5638,5637,1,1,35.77,normal,0,0,0
2026-01-01 16:32:00,453,medium,client_2,server_1,router_1,2,client-router-server,5.87,1.07,22,66.91,70.69,50.85,65.79,7.69,5.87,2.14,2747,2689,58,30,14.29,normal,0,0,0
2026-01-01 16:33:00,454,medium,client_2,server_1,router_1,2,client-router-server,4.98,0.76,31,46.94,65.74,38.61,53.6,10.38,4.98,0.93,4738,4694,44,30,10.27,normal,0,0,0
2026-01-01 16:34:00,455,medium,client_3,server_1,router_1,2,client-router-server,6.21,1.1,28,29.74,30.38,33.59,49.29,9.56,6.21,0.01,1597,1596,1,0,31.82,normal,0,0,0
2026-01-01 16:35:00,456,medium,client_1,server_1,router_1,2,client-router-server,4.75,0.91,26,28.94,24.48,24.45,26.08,3.07,4.75,0.01,5723,5722,1,1,24.98,normal,0,0,0
2026-01-01 16:36:00,457,medium,client_3,server_1,router_1,2,client-router-server,4.28,1.17,32,42.65,59.06,61.35,67.23,8.32,4.28,0.55,2975,2959,16,15,60.0,normal,0,0,0
2026-01-01 16:37:00,458,medium,client_2,server_1,router_1,2,client-router-server,4.99,1.15,28,70.6,42.71,35.37,50.92,3.08,4.99,0.01,1776,1775,1,0,9.76,normal,0,0,0
2026-01-01 16:38:00,459,medium,client_3,server_1,router_1,2,client-router-server,5.64,1.2,33,22.31,18.29,16.47,28.11,6.4,5.64,0.01,5433,5432,1,1,24.83,normal,0,0,0
2026-01-01 16:39:00,460,medium,client_1,server_1,router_1,2,client-router-server,5.37,1.4,28,94.46,78.17,42.54,66.6,11.01,5.37,1.18,1009,998,11,0,15.39,normal,0,0,0
2026-01-01 16:40:00,461,medium,client_2,server_1,router_1,2,client-router-server,5.86,1.36,20,82.4,43.38,23.11,39.44,5.67,5.86,0.01,4415,4414,1,1,46.33,normal,0,0,0
2026-01-01 16:41:00,462,medium,client_1,server_1,router_1,2,client-router-server,5.74,1.08,22,22.74,23.08,20.76,37.75,5.44,5.74,0.01,4565,4564,1,1,44.74,normal,0,0,0
2026-01-01 16:42:00,463,medium,client_2,server_1,router_1,2,client-router-server,3.9,0.76,30,33.2,41.71,29.22,57.74,8.51,3.9,0.01,4237,4236,1,1,42.23,normal,0,0,0
2026-01-01 16:43:00,464,medium,client_3,server_1,router_1,2,client-router-server,6.24,1.01,28,32.01,20.96,17.47,27.01,8.45,6.24,0.01,2084,2083,1,0,8.36,normal,0,0,0
2026-01-01 16:44:00,465,medium,client_1,server_1,router_1,2,client-router-server,3.9,1.13,26,65.86,59.11,60.31,73.15,9.74,3.9,1.05,4631,4583,48,14,18.28,normal,0,0,0
2026-01-01 16:45:00,466,medium,client_3,server_1,router_1,2,client-router-server,5.63,1.22,32,22.48,25.08,26.16,25.95,4.67,5.63,0.01,2216,2215,1,1,30.57,normal,0,0,0
2026-01-01 16:46:00,467,medium,client_2,server_1,router_1,2,client-router-server,4.25,0.85,21,29.39,41.77,37.69,63.0,4.27,4.25,0.01,4272,4271,1,1,38.03,normal,0,0,0
2026-01-01 16:47:00,468,medium,client_1,server_1,router_1,2,client-router-server,4.39,0.83,27,52.59,43.1,50.02,58.28,5.42,4.39,0.01,2794,2793,1,1,42.08,normal,0,0,0
2026-01-01 16:48:00,469,medium,client_3,server_1,router_1,2,client-router-server,4.32,0.72,23,27.65,31.27,32.42,44.29,7.84,4.32,0.01,2700,2699,1,1,56.46,normal,0,0,0
2026-01-01 16:49:00,470,medium,client_3,server_1,router_1,2,client-router-server,4.33,1.15,27,20.84,29.1,28.46,40.21,6.76,4.33,0.01,4265,4264,1,0,12.03,normal,0,0,0
2026-01-01 16:50:00,471,medium,client_3,server_1,router_1,2,client-router-server,4.3,1.08,30,89.14,70.57,61.16,85.58,9.98,4.3,1.89,4448,4364,84,73,41.23,normal,0,0,1
2026-01-01 16:51:00,472,medium,client_3,server_1,router_1,2,client-router-server,5.52,0.72,30,48.96,37.51,37.87,50.73,3.52,5.52,0.01,4797,4796,1,0,28.93,normal,0,0,0
2026-01-01 16:52:00,473,medium,client_1,server_1,router_1,2,client-router-server,4.25,1.1,31,30.91,50.03,58.93,56.81,7.56,4.25,0.01,5310,5309,1,0,39.96,normal,0,0,0
2026-01-01 16:53:00,474,medium,client_1,server_1,router_1,2,client-router-server,4.92,1.23,29,54.26,73.51,71.34,98.05,7.57,4.92,1.49,1774,1748,26,19,33.04,normal,0,0,1
2026-01-01 16:54:00,475,medium,client_3,server_1,router_1,2,client-router-server,5.7,1.24,26,92.3,92.68,93.54,74.07,5.36,5.7,4.65,5292,5046,246,103,40.08,normal,0,0,1
2026-01-01 16:55:00,476,medium,client_2,server_1,router_1,2,client-router-server,4.99,1.32,30,54.33,53.18,59.01,73.93,7.8,4.99,0.17,3935,3929,6,5,38.86,normal,0,0,0
2026-01-01 16:56:00,477,medium,client_1,server_1,router_1,2,client-router-server,4.12,1.39,23,59.58,70.55,43.62,52.04,8.09,4.12,1.06,3416,3380,36,13,36.5,normal,0,0,0
2026-01-01 16:57:00,478,medium,client_1,server_1,router_1,2,client-router-server,6.04,0.74,29,65.28,44.92,28.78,51.42,6.15,6.04,0.01,4014,4013,1,0,9.1,normal,0,0,0
2026-01-01 16:58:00,479,medium,client_2,server_1,router_1,2,client-router-server,5.88,1.16,23,22.35,11.64,7.01,22.63,4.65,5.88,0.01,2374,2373,1,1,45.47,normal,0,0,0
2026-01-01 16:59:00,480,medium,client_2,server_1,router_1,2,client-router-server,4.18,1.11,23,73.99,100.0,69.96,99.34,6.16,4.18,5.91,4206,3958,248,1,48.83,normal,0,0,1
2026-01-01 17:00:00,481,medium,client_1,server_1,router_1,2,client-router-server,4.83,1.06,29,20.78,25.3,25.53,38.47,4.26,4.83,0.01,4664,4663,1,0,41.55,normal,0,0,0
2026-01-01 17:01:00,482,medium,client_3,server_1,router_1,2,client-router-server,4.96,1.09,25,67.26,64.05,34.64,79.14,9.28,4.96,1.05,3397,3362,35,23,40.12,normal,0,0,0
2026-01-01 17:02:00,483,medium,client_1,server_1,router_1,2,client-router-server,4.37,1.32,24,46.26,43.27,34.82,51.68,6.34,4.37,0.01,2915,2914,1,1,47.25,normal,0,0,0
2026-01-01 17:03:00,484,medium,client_3,server_1,router_1,2,client-router-server,4.56,0.91,32,78.98,86.68,78.08,100.28,7.25,4.56,4.36,4624,4423,201,138,48.94,normal,0,0,1
2026-01-01 17:04:00,485,medium,client_2,server_1,router_1,2,client-router-server,5.63,0.98,27,26.79,23.84,28.22,29.74,7.69,5.63,0.01,3612,3611,1,0,32.69,normal,0,0,0
2026-01-01 17:05:00,486,medium,client_3,server_1,router_1,2,client-router-server,5.03,0.86,25,24.33,25.55,23.36,36.93,4.7,5.03,0.01,2821,2820,1,1,47.6,normal,0,0,0
2026-01-01 17:06:00,487,medium,client_2,server_1,router_1,2,client-router-server,6.24,1.31,28,50.43,30.28,17.3,33.11,2.26,6.24,0.01,5472,5471,1,0,16.53,normal,0,0,0
2026-01-01 17:07:00,488,medium,client_2,server_1,router_1,2,client-router-server,6.01,0.83,29,41.81,37.22,20.14,41.34,4.18,6.01,0.01,2003,2002,1,0,28.43,normal,0,0,0
2026-01-01 17:08:00,489,medium,client_1,server_1,router_1,2,client-router-server,4.34,1.15,32,45.35,55.36,54.05,70.03,10.79,4.34,0.36,1574,1569,5,5,35.97,normal,0,0,0
2026-01-01 17:09:00,490,medium,client_1,server_1,router_1,2,client-router-server,5.05,1.22,32,82.14,63.21,41.19,49.32,8.78,5.05,1.18,2830,2797,33,32,22.26,normal,0,0,0
2026-01-01 17:10:00,491,medium,client_1,server_1,router_1,2,client-router-server,4.95,0.76,22,63.96,79.59,40.44,105.16,9.11,4.95,3.17,4814,4662,152,24,57.97,normal,0,0,1
2026-01-01 17:11:00,492,medium,client_2,server_1,router_1,2,client-router-server,5.39,0.94,28,24.11,15.04,10.63,24.12,5.52,5.39,0.01,4061,4060,1,0,53.24,normal,0,0,0
2026-01-01 17:12:00,493,medium,client_3,server_1,router_1,2,client-router-server,5.23,1.13,21,70.39,85.24,77.01,91.26,5.49,5.23,3.15,1063,1030,33,0,40.31,normal,0,0,1
2026-01-01 17:13:00,494,medium,client_1,server_1,router_1,2,client-router-server,5.63,0.81,29,83.8,100.0,100.0,133.5,14.76,5.63,5.95,1830,1722,108,76,28.24,normal,0,0,1
2026-01-01 17:14:00,495,medium,client_3,server_1,router_1,2,client-router-server,5.66,1.28,23,35.57,25.88,19.34,41.64,3.17,5.66,0.01,1338,1337,1,0,56.9,normal,0,0,0
2026-01-01 17:15:00,496,medium,client_2,server_1,router_1,2,client-router-server,4.93,1.36,33,70.72,63.88,56.79,64.14,8.27,4.93,0.43,1559,1553,6,5,55.5,normal,0,0,0
2026-01-01 17:16:00,497,medium,client_1,server_1,router_1,2,client-router-server,5.55,0.78,26,79.17,79.86,91.18,115.78,10.72,5.55,3.43,5017,4845,172,172,10.13,normal,0,0,1
2026-01-01 17:17:00,498,medium,client_3,server_1,router_1,2,client-router-server,5.11,0.83,26,23.6,30.47,29.47,30.89,7.47,5.11,0.01,5986,5985,1,0,15.76,normal,0,0,0
2026-01-01 17:18:00,499,medium,client_2,server_1,router_1,2,client-router-server,4.99,1.18,29,85.61,100.0,59.5,91.94,4.74,4.99,2.78,5915,5751,164,110,35.52,normal,0,0,1
2026-01-01 17:19:00,500,medium,client_3,server_1,router_1,2,client-router-server,5.86,0.76,29,94.73,100.0,99.27,114.18,9.42,5.86,3.96,3943,3787,156,7,23.91,normal,0,0,1
2026-01-01 17:20:00,501,medium,client_1,server_1,router_1,2,client-router-server,4.81,1.31,32,37.87,39.96,31.31,39.91,4.17,4.81,0.01,3089,3088,1,1,51.19,traffic_spike,0,0,0
2026-01-01 17:21:00,502,medium,client_3,server_1,router_1,2,client-router-server,4.01,0.71,21,115.02,90.43,94.24,118.24,7.78,4.01,2.17,3886,3802,84,3,50.11,traffic_spike,0,0,1
2026-01-01 17:22:00,503,medium,client_3,server_1,router_1,2,client-router-server,6.02,1.08,32,133.96,100.0,78.98,75.02,11.19,6.02,3.29,2805,2713,92,87,39.0,traffic_spike,0,0,1
2026-01-01 17:23:00,504,medium,client_2,server_1,router_1,2,client-router-server,4.1,1.29,29,110.46,100.0,55.47,71.11,7.43,4.1,4.29,4629,4431,198,110,14.85,traffic_spike,0,0,1
2026-01-01 17:24:00,505,medium,client_3,server_1,router_1,2,client-router-server,4.77,1.39,32,107.25,100.0,55.99,103.24,5.69,4.77,3.26,3340,3232,108,63,12.64,traffic_spike,0,0,1
2026-01-01 17:25:00,506,medium,client_2,server_1,router_1,2,client-router-server,5.53,1.23,21,88.33,100.0,72.41,127.95,8.64,5.53,4.59,4653,4440,213,99,9.66,traffic_spike,0,0,1
2026-01-01 17:26:00,507,medium,client_2,server_1,router_1,2,client-router-server,4.84,0.79,22,124.25,100.0,71.59,100.86,10.54,4.84,5.44,4383,4145,238,123,40.78,traffic_spike,0,0,1
2026-01-01 17:27:00,508,medium,client_2,server_1,router_1,2,client-router-server,4.98,0.83,26,50.89,58.61,31.14,42.25,8.01,4.98,1.0,2208,2186,22,10,13.14,traffic_spike,0,0,0
2026-01-01 17:28:00,509,medium,client_1,server_1,router_1,2,client-router-server,4.73,1.37,25,50.16,33.25,28.75,46.39,6.56,4.73,0.01,4707,4706,1,0,10.94,traffic_spike,0,0,0
2026-01-01 17:29:00,510,medium,client_1,server_1,router_1,2,client-router-server,4.65,1.37,25,124.73,100.0,65.94,77.13,7.93,4.65,3.82,4389,4222,167,4,23.12,traffic_spike,0,0,1
2026-01-01 17:30:00,511,medium,client_3,server_1,router_1,2,client-router-server,4.12,1.25,23,66.58,95.38,95.17,67.63,4.34,4.12,4.95,3114,2960,154,57,44.9,traffic_spike,0,0,1
2026-01-01 17:31:00,512,medium,client_2,server_1,router_1,2,client-router-server,5.91,1.08,31,108.88,100.0,87.68,122.84,8.18,5.91,5.58,4814,4546,268,246,37.55,traffic_spike,0,0,1
2026-01-01 17:32:00,513,medium,client_3,server_1,router_1,2,client-router-server,3.99,1.16,33,68.45,59.34,68.32,53.52,4.59,3.99,1.07,5235,5179,56,5,32.62,traffic_spike,0,0,0
2026-01-01 17:33:00,514,medium,client_1,server_1,router_1,2,client-router-server,5.9,1.02,32,113.73,70.37,55.3,98.14,8.65,5.9,2.09,3723,3646,77,46,32.72,traffic_spike,0,0,1
2026-01-01 17:34:00,515,medium,client_2,server_1,router_1,2,client-router-server,4.07,1.22,32,145.3,100.0,99.16,104.99,10.51,4.07,4.87,2221,2113,108,40,22.09,traffic_spike,0,0,1
2026-01-01 17:35:00,516,medium,client_1,server_1,router_1,2,client-router-server,3.92,1.22,30,70.63,87.63,76.1,94.44,4.19,3.92,1.28,3755,3707,48,23,17.67,traffic_spike,0,0,1
2026-01-01 17:36:00,517,medium,client_1,server_1,router_1,2,client-router-server,6.22,1.19,28,147.46,100.0,83.1,93.2,5.92,6.22,2.08,5056,4951,105,38,22.65,traffic_spike,0,0,1
2026-01-01 17:37:00,518,medium,client_3,server_1,router_1,2,client-router-server,3.89,1.23,27,41.48,52.15,33.65,62.56,10.04,3.89,0.14,2553,2550,3,0,25.43,traffic_spike,0,0,0
2026-01-01 17:38:00,519,medium,client_1,server_1,router_1,2,client-router-server,3.84,0.76,26,47.41,78.59,78.46,108.87,8.87,3.84,1.42,1997,1969,28,0,49.29,traffic_spike,0,0,1
2026-01-01 17:39:00,520,medium,client_2,server_1,router_1,2,client-router-server,5.24,1.18,25,49.08,62.99,47.04,64.95,4.93,5.24,0.47,4922,4899,23,3,49.59,traffic_spike,0,0,0
2026-01-01 17:40:00,521,medium,client_2,server_1,router_1,2,client-router-server,4.44,0.91,23,59.25,71.03,57.94,80.94,10.31,4.44,0.81,2687,2666,21,20,21.64,traffic_spike,0,0,1
2026-01-01 17:41:00,522,medium,client_3,server_1,router_1,2,client-router-server,5.11,1.36,29,91.56,79.26,70.23,78.68,5.59,5.11,2.21,4900,4792,108,65,27.19,traffic_spike,0,0,0
2026-01-01 17:42:00,523,medium,client_1,server_1,router_1,2,client-router-server,5.0,0.81,21,75.96,61.08,50.05,86.24,4.23,5.0,1.23,1368,1352,16,6,16.79,traffic_spike,0,0,1
2026-01-01 17:43:00,524,medium,client_1,server_1,router_1,2,client-router-server,5.14,1.09,23,136.51,100.0,80.73,86.43,5.15,5.14,2.9,5303,5150,153,55,48.87,traffic_spike,0,0,1
2026-01-01 17:44:00,525,medium,client_2,server_1,router_1,2,client-router-server,4.39,0.8,27,88.59,97.59,63.9,88.12,14.72,4.39,2.94,4680,4543,137,96,57.93,traffic_spike,0,0,1
2026-01-01 17:45:00,526,medium,client_3,server_1,router_1,2,client-router-server,4.2,1.25,33,50.56,69.22,60.72,55.69,9.07,4.2,2.06,5400,5289,111,21,31.44,traffic_spike,0,0,0
2026-01-01 17:46:00,527,medium,client_2,server_1,router_1,2,client-router-server,4.29,0.73,22,83.2,74.16,81.23,102.96,9.14,4.29,2.0,5668,5555,113,21,41.42,traffic_spike,0,0,1
2026-01-01 17:47:00,528,medium,client_2,server_1,router_1,2,client-router-server,5.97,1.4,26,111.22,96.36,100.0,74.92,8.12,5.97,2.49,5268,5137,131,70,36.81,traffic_spike,0,0,1
2026-01-01 17:48:00,529,medium,client_1,server_1,router_1,2,client-router-server,6.2,1.2,21,147.99,100.0,74.6,75.7,5.54,6.2,5.43,4831,4569,262,45,31.06,traffic_spike,0,0,1
2026-01-01 17:49:00,530,medium,client_2,server_1,router_1,2,client-router-server,5.72,0.88,28,117.24,82.18,95.72,67.47,11.05,5.72,2.64,5525,5380,145,95,36.5,traffic_spike,0,0,0
2026-01-01 17:50:00,531,medium,client_1,server_1,router_1,2,client-router-server,4.24,1.04,29,61.61,49.66,51.36,54.39,9.53,4.24,0.01,4274,4273,1,1,28.52,traffic_spike,0,0,0
2026-01-01 17:51:00,532,medium,client_2,server_1,router_1,2,client-router-server,5.15,1.16,25,100.15,63.93,69.26,63.23,9.51,5.15,0.51,5549,5521,28,0,57.8,traffic_spike,0,0,0
2026-01-01 17:52:00,533,medium,client_2,server_1,router_1,2,client-router-server,4.08,1.13,22,83.88,78.16,72.29,92.9,7.9,4.08,1.77,1769,1738,31,4,9.51,traffic_spike,0,0,1
2026-01-01 17:53:00,534,medium,client_2,server_1,router_1,2,client-router-server,4.46,1.21,24,95.08,100.0,78.89,83.36,11.88,4.46,2.68,1104,1075,29,2,5.14,traffic_spike,0,0,1
2026-01-01 17:54:00,535,medium,client_2,server_1,router_1,2,client-router-server,5.8,1.33,21,128.03,100.0,100.0,119.28,8.17,5.8,5.91,5675,5340,335,45,23.84,traffic_spike,0,0,1
2026-01-01 17:55:00,536,medium,client_1,server_1,router_1,2,client-router-server,4.89,1.23,28,111.38,100.0,76.66,111.97,6.8,4.89,1.66,1968,1936,32,2,49.05,traffic_spike,0,0,1
2026-01-01 17:56:00,537,medium,client_2,server_1,router_1,2,client-router-server,4.18,1.23,22,83.88,89.41,94.68,100.23,6.71,4.18,2.13,4841,4738,103,13,41.55,traffic_spike,0,0,1
2026-01-01 17:57:00,538,medium,client_2,server_1,router_1,2,client-router-server,4.24,1.14,25,141.8,100.0,84.22,67.34,5.82,4.24,4.55,4821,4602,219,173,32.45,traffic_spike,0,0,1
2026-01-01 17:58:00,539,medium,client_1,server_1,router_1,2,client-router-server,5.79,1.07,31,132.4,100.0,85.56,95.55,10.08,5.79,4.38,1514,1448,66,4,56.03,traffic_spike,0,0,1
2026-01-01 17:59:00,540,medium,client_3,server_1,router_1,2,client-router-server,5.0,1.32,29,88.91,100.0,83.52,124.8,12.99,5.0,5.23,2593,2458,135,105,20.06,traffic_spike,0,0,1
2026-01-01 18:00:00,541,medium,client_1,server_1,router_1,2,client-router-server,4.74,1.22,22,90.18,94.58,75.38,116.0,12.39,4.74,4.58,3742,3571,171,132,29.44,traffic_spike,1,0,1
2026-01-01 18:01:00,542,medium,client_2,server_1,router_1,2,client-router-server,4.41,1.2,29,81.86,88.55,49.13,77.16,11.09,4.41,2.11,3070,3006,64,40,40.63,traffic_spike,1,0,0
2026-01-01 18:02:00,543,medium,client_1,server_1,router_1,2,client-router-server,4.86,0.72,24,50.29,38.07,36.29,47.39,5.57,4.86,0.01,2859,2858,1,1,23.3,traffic_spike,1,0,0
2026-01-01 18:03:00,544,medium,client_2,server_1,router_1,2,client-router-server,5.92,1.21,32,143.96,76.12,89.63,86.35,7.57,5.92,1.25,4300,4247,53,37,15.37,traffic_spike,1,0,1
2026-01-01 18:04:00,545,medium,client_1,server_1,router_1,2,client-router-server,6.19,1.21,23,96.55,79.54,78.56,72.93,10.32,6.19,2.11,3251,3183,68,11,24.35,traffic_spike,1,0,0
2026-01-01 18:05:00,546,medium,client_2,server_1,router_1,2,client-router-server,4.39,0.84,23,78.04,55.41,31.71,69.62,9.62,4.39,0.41,4702,4683,19,18,28.75,traffic_spike,1,0,0
2026-01-01 18:06:00,547,medium,client_2,server_1,router_1,2,client-router-server,4.42,1.25,26,107.79,100.0,100.0,133.06,13.52,4.42,2.61,2118,2063,55,31,15.81,traffic_spike,1,0,1
2026-01-01 18:07:00,548,medium,client_3,server_1,router_1,2,client-router-server,4.12,1.26,27,78.77,61.46,71.81,73.71,8.21,4.12,1.25,5007,4945,62,27,7.47,traffic_spike,1,0,0
2026-01-01 18:08:00,549,medium,client_1,server_1,router_1,2,client-router-server,4.73,0.88,30,151.78,100.0,68.37,125.35,10.13,4.73,2.41,2933,2863,70,2,28.49,traffic_spike,1,0,1
2026-01-01 18:09:00,550,medium,client_1,server_1,router_1,2,client-router-server,4.42,1.23,25,105.49,100.0,86.97,82.12,11.06,4.42,5.6,2502,2362,140,104,6.74,traffic_spike,1,0,1
2026-01-01 18:10:00,551,medium,client_1,server_1,router_1,2,client-router-server,4.59,1.32,31,98.34,100.0,54.23,66.81,13.12,4.59,4.56,2310,2205,105,76,15.03,traffic_spike,1,0,1
2026-01-01 18:11:00,552,medium,client_2,server_1,router_1,2,client-router-server,4.07,1.35,21,154.07,100.0,67.75,105.43,12.91,4.07,5.82,2696,2540,156,63,32.4,traffic_spike,1,0,1
2026-01-01 18:12:00,553,medium,client_2,server_1,router_1,2,client-router-server,5.7,1.05,20,92.54,49.47,44.78,65.01,8.62,5.7,0.01,1245,1244,1,1,19.7,traffic_spike,1,0,0
2026-01-01 18:13:00,554,medium,client_2,server_1,router_1,2,client-router-server,5.36,1.35,28,74.67,66.39,67.16,73.8,3.74,5.36,0.87,3877,3844,33,29,16.72,traffic_spike,1,0,0
2026-01-01 18:14:00,555,medium,client_2,server_1,router_1,2,client-router-server,5.92,0.87,30,86.35,94.96,88.71,97.58,10.0,5.92,2.11,5539,5423,116,111,50.05,traffic_spike,1,0,1
2026-01-01 18:15:00,556,medium,client_3,server_1,router_1,2,client-router-server,4.36,1.16,32,103.59,100.0,79.96,118.09,9.02,4.36,5.23,3188,3022,166,10,35.3,traffic_spike,1,0,1
2026-01-01 18:16:00,557,medium,client_2,server_1,router_1,2,client-router-server,6.24,0.74,31,112.87,100.0,52.36,104.32,5.63,6.24,4.71,4467,4257,210,158,39.37,traffic_spike,1,0,1
2026-01-01 18:17:00,558,medium,client_3,server_1,router_1,2,client-router-server,5.37,1.38,25,73.58,90.38,83.6,100.71,9.23,5.37,2.01,2352,2305,47,15,24.7,traffic_spike,1,0,1
2026-01-01 18:18:00,559,medium,client_2,server_1,router_1,2,client-router-server,3.82,0.72,24,172.96,100.0,91.52,124.53,9.7,3.82,1.77,4792,4708,84,26,55.84,traffic_spike,1,0,1
2026-01-01 18:19:00,560,medium,client_1,server_1,router_1,2,client-router-server,4.29,1.3,33,168.1,100.0,100.0,70.31,6.25,4.29,4.49,1319,1260,59,48,59.82,traffic_spike,1,0,1
2026-01-01 18:20:00,561,medium,client_3,server_1,router_1,2,client-router-server,5.07,1.34,22,139.76,96.42,94.99,105.81,9.62,5.07,5.41,3358,3177,181,181,29.66,traffic_spike,1,0,1
2026-01-01 18:21:00,562,medium,client_2,server_1,router_1,2,client-router-server,4.87,0.96,27,140.06,100.0,100.0,135.88,9.04,4.87,2.98,2939,2852,87,67,50.64,traffic_spike,1,0,1
2026-01-01 18:22:00,563,medium,client_1,server_1,router_1,2,client-router-server,5.45,0.95,28,63.0,70.04,77.69,74.96,4.87,5.45,1.24,5132,5069,63,43,15.16,traffic_spike,1,0,0
2026-01-01 18:23:00,564,medium,client_3,server_1,router_1,2,client-router-server,5.71,0.88,27,135.88,100.0,55.55,124.48,8.6,5.71,5.72,4467,4212,255,168,51.47,traffic_spike,1,0,1
2026-01-01 18:24:00,565,medium,client_3,server_1,router_1,2,client-router-server,4.6,1.16,27,98.65,100.0,100.0,105.87,9.41,4.6,5.48,1249,1181,68,65,36.47,traffic_spike,1,0,1
2026-01-01 18:25:00,566,medium,client_2,server_1,router_1,2,client-router-server,6.04,1.06,26,128.04,65.87,75.94,70.58,10.2,6.04,0.98,2723,2697,26,11,52.35,traffic_spike,1,0,0
2026-01-01 18:26:00,567,medium,client_1,server_1,router_1,2,client-router-server,4.09,0.83,33,60.79,53.66,43.31,52.51,7.9,4.09,0.32,3224,3214,10,5,36.59,traffic_spike,1,0,0
2026-01-01 18:27:00,568,medium,client_2,server_1,router_1,2,client-router-server,4.87,1.32,31,59.35,78.07,79.29,101.47,7.09,4.87,2.4,1508,1472,36,18,53.08,traffic_spike,1,0,1
2026-01-01 18:28:00,569,medium,client_3,server_1,router_1,2,client-router-server,5.47,1.16,24,112.35,95.8,100.0,130.15,9.44,5.47,3.13,5617,5442,175,87,48.35,traffic_spike,1,0,1
2026-01-01 18:29:00,570,medium,client_2,server_1,router_1,2,client-router-server,4.3,1.34,21,65.94,100.0,100.0,124.36,7.6,4.3,4.8,3466,3300,166,31,48.02,traffic_spike,1,0,1
2026-01-01 18:30:00,571,medium,client_1,server_1,router_1,2,client-router-server,4.65,1.37,27,66.94,89.56,100.0,117.05,13.16,4.65,1.91,1404,1378,26,1,23.64,traffic_spike,1,0,1
2026-01-01 18:31:00,572,medium,client_2,server_1,router_1,2,client-router-server,4.64,1.38,28,75.23,100.0,100.0,95.45,7.17,4.64,2.05,2758,2702,56,13,25.52,traffic_spike,1,0,1
2026-01-01 18:32:00,573,medium,client_3,server_1,router_1,2,client-router-server,4.79,1.23,27,138.83,100.0,89.23,122.61,5.54,4.79,5.95,1750,1646,104,3,32.65,traffic_spike,1,0,1
2026-01-01 18:33:00,574,medium,client_1,server_1,router_1,2,client-router-server,4.68,1.32,24,73.22,67.56,56.08,63.42,6.0,4.68,1.44,2827,2787,40,25,35.58,traffic_spike,1,0,0
2026-01-01 18:34:00,575,medium,client_3,server_1,router_1,2,client-router-server,5.42,0.96,30,170.92,100.0,86.65,134.23,15.08,5.42,3.96,1200,1153,47,5,6.84,traffic_spike,1,0,1
2026-01-01 18:35:00,576,medium,client_3,server_1,router_1,2,client-router-server,4.67,1.1,23,115.06,94.08,49.92,84.35,6.67,4.67,2.08,2944,2883,61,45,16.94,traffic_spike,1,0,1
2026-01-01 18:36:00,577,medium,client_1,server_1,router_1,2,client-router-server,3.76,1.07,27,115.27,100.0,66.53,102.54,7.15,3.76,4.45,5584,5336,248,136,38.82,traffic_spike,1,0,1
2026-01-01 18:37:00,578,medium,client_2,server_1,router_1,2,client-router-server,4.78,0.76,27,115.66,100.0,78.29,118.0,9.97,4.78,2.11,2905,2844,61,19,33.19,traffic_spike,1,0,1
2026-01-01 18:38:00,579,medium,client_2,server_1,router_1,2,client-router-server,4.48,1.0,22,137.21,100.0,100.0,98.91,5.1,4.48,3.58,2363,2279,84,63,37.96,traffic_spike,1,0,1
2026-01-01 18:39:00,580,medium,client_1,server_1,router_1,2,client-router-server,5.05,0.91,27,123.03,100.0,88.48,98.75,10.62,5.05,4.05,5312,5097,215,114,41.51,traffic_spike,1,0,1
2026-01-01 18:40:00,581,medium,client_2,server_1,router_1,2,client-router-server,5.73,1.36,26,143.11,100.0,73.45,71.12,10.14,5.73,3.32,2605,2519,86,78,20.35,traffic_spike,1,0,1
2026-01-01 18:41:00,582,medium,client_3,server_1,router_1,2,client-router-server,3.78,0.79,26,145.82,100.0,89.57,94.17,11.89,3.78,3.26,5254,5083,171,16,57.73,traffic_spike,1,0,1
2026-01-01 18:42:00,583,medium,client_3,server_1,router_1,2,client-router-server,5.73,0.85,22,151.42,100.0,100.0,114.11,9.99,5.73,3.23,2521,2440,81,6,17.46,traffic_spike,1,0,1
2026-01-01 18:43:00,584,medium,client_2,server_1,router_1,2,client-router-server,6.2,0.74,31,113.01,100.0,54.5,96.93,8.25,6.2,5.47,3676,3475,201,126,32.58,traffic_spike,1,0,1
2026-01-01 18:44:00,585,medium,client_2,server_1,router_1,2,client-router-server,5.47,1.09,32,90.33,100.0,72.79,118.85,11.55,5.47,4.5,4046,3864,182,117,32.63,traffic_spike,1,0,1
2026-01-01 18:45:00,586,medium,client_1,server_1,router_1,2,client-router-server,5.87,0.86,20,153.46,92.21,71.64,109.53,8.85,5.87,2.24,2759,2698,61,61,27.78,traffic_spike,1,0,1
2026-01-01 18:46:00,587,medium,client_2,server_1,router_1,2,client-router-server,6.16,1.02,20,87.73,62.96,70.39,84.5,3.73,6.16,0.56,5178,5150,28,13,29.37,traffic_spike,1,0,1
2026-01-01 18:47:00,588,medium,client_1,server_1,router_1,2,client-router-server,4.56,0.92,33,87.0,100.0,56.49,129.27,11.1,4.56,1.6,4064,3999,65,12,17.95,traffic_spike,1,0,1
2026-01-01 18:48:00,589,medium,client_3,server_1,router_1,2,client-router-server,4.41,1.17,25,49.27,41.9,26.39,37.49,7.96,4.41,0.01,2677,2676,1,0,51.98,traffic_spike,1,0,0
2026-01-01 18:49:00,590,medium,client_3,server_1,router_1,2,client-router-server,4.27,0.81,31,51.9,63.1,31.62,43.36,12.16,4.27,1.12,5022,4966,56,2,7.1,traffic_spike,1,0,0
2026-01-01 18:50:00,591,medium,client_3,server_1,router_1,2,client-router-server,6.0,0.83,21,110.69,100.0,100.0,90.68,11.26,6.0,4.28,2087,1998,89,60,6.04,traffic_spike,1,0,1
2026-01-01 18:51:00,592,medium,client_3,server_1,router_1,2,client-router-server,5.75,1.2,29,107.87,72.46,82.06,80.95,5.16,5.75,2.43,4925,4806,119,93,54.33,traffic_spike,1,0,1
2026-01-01 18:52:00,593,medium,client_1,server_1,router_1,2,client-router-server,5.24,1.4,23,47.97,33.07,37.12,33.89,5.64,5.24,0.01,2647,2646,1,1,11.06,traffic_spike,1,0,0
2026-01-01 18:53:00,594,medium,client_1,server_1,router_1,2,client-router-server,3.96,0.76,33,64.85,57.4,40.03,73.1,4.87,3.96,0.46,2437,2426,11,3,16.07,traffic_spike,1,0,0
2026-01-01 18:54:00,595,medium,client_2,server_1,router_1,2,client-router-server,5.66,1.22,25,83.1,58.76,42.78,55.98,8.44,5.66,0.97,4319,4278,41,40,54.04,traffic_spike,1,0,0
2026-01-01 18:55:00,596,medium,client_1,server_1,router_1,2,client-router-server,3.77,1.37,27,130.57,100.0,100.0,129.18,14.96,3.77,3.97,5743,5516,227,0,22.56,traffic_spike,1,0,1
2026-01-01 18:56:00,597,medium,client_1,server_1,router_1,2,client-router-server,5.87,1.31,22,59.83,49.07,48.17,46.22,3.95,5.87,0.01,2881,2880,1,0,5.92,traffic_spike,1,0,0
2026-01-01 18:57:00,598,medium,client_2,server_1,router_1,2,client-router-server,4.55,0.8,28,84.57,61.85,68.62,62.79,11.29,4.55,0.98,1886,1868,18,16,17.5,traffic_spike,1,0,0
2026-01-01 18:58:00,599,medium,client_1,server_1,router_1,2,client-router-server,5.07,1.08,26,130.19,100.0,100.0,93.16,3.92,5.07,4.74,1530,1458,72,41,44.06,traffic_spike,1,0,1
2026-01-01 18:59:00,600,medium,client_1,server_1,router_1,2,client-router-server,4.3,0.84,32,80.68,77.64,80.92,96.56,6.06,4.3,2.73,4948,4813,135,94,43.49,traffic_spike,1,0,1
2026-01-01 19:00:00,601,medium,client_3,server_1,router_1,2,client-router-server,5.1,1.38,33,57.02,46.14,36.17,67.69,6.13,5.1,0.01,1785,1784,1,1,5.59,traffic_spike,1,0,0
2026-01-01 19:01:00,602,medium,client_2,server_1,router_1,2,client-router-server,4.6,1.15,27,61.66,77.75,72.75,85.68,11.07,4.6,2.99,5631,5463,168,120,10.09,traffic_spike,1,0,1
2026-01-01 19:02:00,603,medium,client_3,server_1,router_1,2,client-router-server,4.7,0.75,25,89.31,90.79,47.73,94.27,10.3,4.7,4.78,2957,2816,141,7,46.99,traffic_spike,1,0,1
2026-01-01 19:03:00,604,medium,client_1,server_1,router_1,2,client-router-server,5.81,0.72,30,89.11,51.16,39.13,65.83,5.55,5.81,0.04,4078,4077,1,1,40.4,traffic_spike,1,0,0
2026-01-01 19:04:00,605,medium,client_3,server_1,router_1,2,client-router-server,3.86,1.29,31,150.83,100.0,100.0,114.06,14.72,3.86,5.23,3736,3541,195,146,16.14,traffic_spike,1,0,1
2026-01-01 19:05:00,606,medium,client_2,server_1,router_1,2,client-router-server,6.23,1.2,20,134.46,100.0,50.47,78.36,4.33,6.23,3.92,4484,4309,175,37,40.89,traffic_spike,1,0,1
2026-01-01 19:06:00,607,medium,client_2,server_1,router_1,2,client-router-server,4.78,1.31,21,124.0,100.0,100.0,128.11,12.33,4.78,5.19,5596,5306,290,223,33.19,traffic_spike,1,0,1
2026-01-01 19:07:00,608,medium,client_3,server_1,router_1,2,client-router-server,6.1,1.31,21,54.26,34.52,37.52,45.51,2.74,6.1,0.01,1550,1549,1,1,7.69,traffic_spike,1,0,0
2026-01-01 19:08:00,609,medium,client_1,server_1,router_1,2,client-router-server,5.07,1.11,27,134.84,100.0,100.0,116.78,10.6,5.07,5.2,1407,1334,73,10,20.26,traffic_spike,1,0,1
2026-01-01 19:09:00,610,medium,client_1,server_1,router_1,2,client-router-server,6.15,0.92,31,90.23,50.19,36.89,60.2,9.22,6.15,0.01,5021,5020,1,1,16.13,traffic_spike,1,0,0
2026-01-01 19:10:00,611,medium,client_3,server_1,router_1,2,client-router-server,5.46,1.35,25,100.81,100.0,100.0,80.45,10.37,5.46,5.3,4017,3805,212,102,18.21,traffic_spike,1,0,1
2026-01-01 19:11:00,612,medium,client_3,server_1,router_1,2,client-router-server,5.58,0.83,31,133.5,100.0,92.69,93.16,5.48,5.58,3.41,5300,5120,180,106,40.14,traffic_spike,1,0,1
2026-01-01 19:12:00,613,medium,client_3,server_1,router_1,2,client-router-server,4.98,0.85,21,119.08,100.0,85.67,133.21,7.68,4.98,2.57,3728,3633,95,83,35.25,traffic_spike,1,0,1
2026-01-01 19:13:00,614,medium,client_1,server_1,router_1,2,client-router-server,4.92,0.79,25,97.08,69.0,51.44,85.22,10.81,4.92,0.68,3082,3062,20,13,40.22,traffic_spike,1,0,1
2026-01-01 19:14:00,615,medium,client_2,server_1,router_1,2,client-router-server,5.17,0.73,32,109.57,100.0,90.26,82.81,4.9,5.17,4.32,5547,5308,239,122,35.62,traffic_spike,1,0,1
2026-01-01 19:15:00,616,medium,client_3,server_1,router_1,2,client-router-server,5.6,1.37,26,113.38,100.0,76.17,81.71,9.97,5.6,4.6,5900,5629,271,141,47.66,traffic_spike,1,0,1
2026-01-01 19:16:00,617,medium,client_2,server_1,router_1,2,client-router-server,5.15,0.85,27,104.21,93.34,100.0,105.84,6.96,5.15,3.06,2353,2281,72,16,12.56,traffic_spike,1,0,1
2026-01-01 19:17:00,618,medium,client_2,server_1,router_1,2,client-router-server,6.01,1.04,30,103.68,52.31,35.1,61.78,9.39,6.01,0.16,1454,1452,2,1,22.91,traffic_spike,1,0,0
2026-01-01 19:18:00,619,medium,client_3,server_1,router_1,2,client-router-server,5.16,0.75,27,140.69,100.0,64.27,126.88,8.96,5.16,4.38,3028,2896,132,128,55.87,traffic_spike,1,0,1
2026-01-01 19:19:00,620,medium,client_3,server_1,router_1,2,client-router-server,5.22,1.39,25,101.87,100.0,82.16,69.94,5.11,5.22,5.04,4056,3852,204,115,40.4,traffic_spike,1,0,1
2026-01-01 19:20:00,621,medium,client_1,server_1,router_1,2,client-router-server,4.0,0.86,29,75.78,97.44,100.0,122.93,14.5,4.0,3.72,4274,4116,158,146,46.75,traffic_spike,1,0,1
2026-01-01 19:21:00,622,medium,client_3,server_1,router_1,2,client-router-server,4.02,1.11,30,155.89,100.0,54.72,81.93,13.68,4.02,4.17,2580,2473,107,44,20.31,traffic_spike,1,0,1
2026-01-01 19:22:00,623,medium,client_1,server_1,router_1,2,client-router-server,3.93,1.38,20,62.69,82.67,78.39,82.8,12.0,3.93,1.31,5802,5726,76,31,25.33,traffic_spike,1,0,1
2026-01-01 19:23:00,624,medium,client_2,server_1,router_1,2,client-router-server,5.97,1.35,23,117.39,65.09,36.61,76.01,3.3,5.97,1.07,1757,1739,18,13,20.75,traffic_spike,1,0,0
2026-01-01 19:24:00,625,medium,client_3,server_1,router_1,2,client-router-server,6.1,1.2,22,92.65,100.0,69.87,133.21,4.09,6.1,2.06,3053,2991,62,50,26.42,traffic_spike,1,0,1
2026-01-01 19:25:00,626,medium,client_1,server_1,router_1,2,client-router-server,3.76,1.03,22,130.18,100.0,55.84,92.31,9.04,3.76,3.23,3789,3667,122,106,55.94,traffic_spike,1,0,1
2026-01-01 19:26:00,627,medium,client_1,server_1,router_1,2,client-router-server,5.74,0.75,31,127.7,88.97,80.03,114.73,5.68,5.74,4.66,4204,4009,195,48,23.55,traffic_spike,1,0,1
2026-01-01 19:27:00,628,medium,client_3,server_1,router_1,2,client-router-server,3.75,1.28,32,141.68,100.0,70.37,71.54,5.77,3.75,3.82,3764,3621,143,111,18.92,traffic_spike,1,0,1
2026-01-01 19:28:00,629,medium,client_3,server_1,router_1,2,client-router-server,4.05,0.93,31,161.55,100.0,63.79,90.2,8.19,4.05,3.83,5892,5667,225,204,55.66,traffic_spike,1,0,1
2026-01-01 19:29:00,630,medium,client_2,server_1,router_1,2,client-router-server,4.04,0.76,31,137.87,100.0,56.92,87.51,7.34,4.04,1.77,3490,3429,61,37,14.81,traffic_spike,1,0,1
2026-01-01 19:30:00,631,medium,client_3,server_1,router_1,2,client-router-server,5.38,0.98,33,66.22,44.8,40.68,55.11,6.2,5.38,0.01,2772,2771,1,1,43.14,traffic_spike,1,0,0
2026-01-01 19:31:00,632,medium,client_3,server_1,router_1,2,client-router-server,5.89,1.33,29,66.56,52.53,31.92,70.7,10.44,5.89,0.08,1351,1350,1,0,7.84,traffic_spike,1,0,0
2026-01-01 19:32:00,633,medium,client_3,server_1,router_1,2,client-router-server,6.2,0.87,24,132.76,100.0,86.44,95.52,10.63,6.2,4.61,2528,2412,116,102,37.99,traffic_spike,1,0,1
2026-01-01 19:33:00,634,medium,client_2,server_1,router_1,2,client-router-server,5.27,1.09,27,153.33,99.13,78.46,131.72,11.27,5.27,5.88,2567,2417,150,38,44.56,traffic_spike,1,0,1
2026-01-01 19:34:00,635,medium,client_1,server_1,router_1,2,client-router-server,4.54,1.38,21,54.73,42.79,24.46,44.07,9.97,4.54,0.01,2499,2498,1,1,56.37,traffic_spike,1,0,0
2026-01-01 19:35:00,636,medium,client_3,server_1,router_1,2,client-router-server,5.59,1.28,22,70.6,50.61,31.47,50.46,9.76,5.59,0.07,2142,2141,1,1,18.58,traffic_spike,1,0,0
2026-01-01 19:36:00,637,medium,client_2,server_1,router_1,2,client-router-server,5.75,1.19,22,77.37,84.15,70.0,59.41,11.22,5.75,3.27,5833,5643,190,137,32.14,traffic_spike,1,0,0
2026-01-01 19:37:00,638,medium,client_2,server_1,router_1,2,client-router-server,3.88,0.74,31,96.46,100.0,100.0,130.56,7.21,3.88,1.68,2462,2421,41,18,51.36,traffic_spike,1,0,1
2026-01-01 19:38:00,639,medium,client_1,server_1,router_1,2,client-router-server,5.73,1.26,33,68.78,77.04,39.53,85.03,10.93,5.73,2.91,2184,2121,63,36,48.91,traffic_spike,1,0,1
2026-01-01 19:39:00,640,medium,client_1,server_1,router_1,2,client-router-server,4.47,0.92,25,81.67,59.54,60.82,73.76,8.31,4.47,0.8,4558,4522,36,14,36.95,traffic_spike,1,0,0
2026-01-01 19:40:00,641,medium,client_1,server_1,router_1,2,client-router-server,5.13,1.06,23,110.22,100.0,85.79,80.51,6.82,5.13,4.52,4763,4548,215,140,40.8,traffic_spike,1,0,1
2026-01-01 19:41:00,642,medium,client_2,server_1,router_1,2,client-router-server,5.38,1.21,31,156.35,100.0,100.0,101.96,8.03,5.38,4.26,2927,2803,124,9,50.13,traffic_spike,1,0,1
2026-01-01 19:42:00,643,medium,client_3,server_1,router_1,2,client-router-server,5.38,0.7,29,123.3,97.98,70.42,95.35,3.4,5.38,3.47,1027,992,35,31,31.37,traffic_spike,1,0,1
2026-01-01 19:43:00,644,medium,client_3,server_1,router_1,2,client-router-server,5.17,0.87,28,165.8,100.0,92.66,124.0,10.49,5.17,3.55,4396,4240,156,32,47.28,traffic_spike,1,0,1
2026-01-01 19:44:00,645,medium,client_1,server_1,router_1,2,client-router-server,3.93,1.27,32,89.72,100.0,68.0,83.16,10.0,3.93,2.23,3726,3643,83,43,10.55,traffic_spike,1,0,1
2026-01-01 19:45:00,646,medium,client_1,server_1,router_1,2,client-router-server,3.92,1.05,31,51.06,54.4,49.36,49.56,7.27,3.92,0.43,1815,1808,7,0,37.82,traffic_spike,1,0,0
2026-01-01 19:46:00,647,medium,client_2,server_1,router_1,2,client-router-server,5.77,1.32,21,137.36,100.0,78.13,90.51,12.89,5.77,3.01,1531,1485,46,31,18.05,traffic_spike,1,0,1
2026-01-01 19:47:00,648,medium,client_1,server_1,router_1,2,client-router-server,5.92,1.08,22,72.49,60.58,51.59,78.89,11.77,5.92,1.26,2413,2383,30,6,39.83,traffic_spike,1,0,0
2026-01-01 19:48:00,649,medium,client_1,server_1,router_1,2,client-router-server,5.73,0.78,28,52.57,46.84,43.82,61.29,8.18,5.73,0.01,3622,3621,1,0,57.48,traffic_spike,1,0,0
2026-01-01 19:49:00,650,medium,client_1,server_1,router_1,2,client-router-server,4.81,1.05,27,146.12,100.0,84.86,124.14,5.33,4.81,5.29,1861,1763,98,2,59.8,traffic_spike,1,0,1
2026-01-01 19:50:00,651,medium,client_1,server_1,router_1,2,client-router-server,5.67,0.99,23,54.94,59.36,53.84,55.29,8.1,5.67,0.97,5173,5123,50,1,18.39,traffic_spike,1,0,0
2026-01-01 19:51:00,652,medium,client_3,server_1,router_1,2,client-router-server,6.04,0.74,25,93.81,54.61,46.45,52.78,7.11,6.04,0.17,5241,5233,8,4,58.49,normal,1,0,0
2026-01-01 19:52:00,653,medium,client_3,server_1,router_1,2,client-router-server,5.73,1.15,28,71.98,47.31,48.81,48.01,7.55,5.73,0.01,2051,2050,1,0,20.41,normal,1,0,0
2026-01-01 19:53:00,654,medium,client_3,server_1,router_1,2,client-router-server,4.52,0.78,27,60.05,46.75,24.79,45.48,10.29,4.52,0.01,1537,1536,1,0,39.6,normal,1,0,0
2026-01-01 19:54:00,655,medium,client_1,server_1,router_1,2,client-router-server,5.61,1.3,23,60.23,56.74,33.66,68.05,10.85,5.61,0.62,2900,2883,17,11,28.28,normal,1,0,0
2026-01-01 19:55:00,656,medium,client_3,server_1,router_1,2,client-router-server,4.69,1.03,27,41.06,53.62,53.49,72.2,8.71,4.69,0.42,5536,5513,23,14,32.01,normal,1,0,0
2026-01-01 19:56:00,657,medium,client_2,server_1,router_1,2,client-router-server,4.95,1.03,25,98.12,100.0,59.02,76.72,9.96,4.95,4.08,2316,2222,94,5,20.28,normal,1,0,1
2026-01-01 19:57:00,658,medium,client_1,server_1,router_1,2,client-router-server,4.55,1.09,24,65.9,86.28,67.9,88.88,11.87,4.55,3.67,2829,2726,103,35,11.24,normal,1,0,1
2026-01-01 19:58:00,659,medium,client_3,server_1,router_1,2,client-router-server,5.39,0.83,20,82.01,93.05,93.94,68.62,11.69,5.39,2.64,3613,3518,95,65,23.23,normal,1,0,1
2026-01-01 19:59:00,660,medium,client_3,server_1,router_1,2,client-router-server,4.56,1.17,21,95.63,100.0,100.0,72.31,14.27,4.56,4.2,5780,5538,242,46,29.64,normal,1,0,1
2026-01-01 20:00:00,661,medium,client_2,server_1,router_1,2,client-router-server,5.04,1.16,24,38.49,48.8,55.02,40.81,10.98,5.04,0.01,3909,3908,1,0,30.23,normal,1,0,0
2026-01-01 20:01:00,662,medium,client_1,server_1,router_1,2,client-router-server,5.46,0.99,20,86.7,69.76,51.32,58.86,5.81,5.46,1.94,5228,5127,101,90,37.64,normal,1,0,0
2026-01-01 20:02:00,663,medium,client_2,server_1,router_1,2,client-router-server,5.1,0.8,31,115.69,100.0,100.0,81.53,12.39,5.1,5.89,1256,1183,73,4,30.05,normal,1,0,1
2026-01-01 20:03:00,664,medium,client_3,server_1,router_1,2,client-router-server,5.64,0.71,20,99.74,75.01,77.4,59.06,4.16,5.64,1.66,4006,3940,66,62,34.56,normal,1,0,0
2026-01-01 20:04:00,665,medium,client_2,server_1,router_1,2,client-router-server,5.49,1.36,21,101.04,78.08,62.41,80.14,7.42,5.49,1.53,2032,2001,31,18,21.53,normal,1,0,1
2026-01-01 20:05:00,666,medium,client_2,server_1,router_1,2,client-router-server,4.79,1.19,20,90.62,62.97,66.98,91.77,7.54,4.79,0.41,3673,3658,15,14,47.71,normal,1,0,1
2026-01-01 20:06:00,667,medium,client_3,server_1,router_1,2,client-router-server,4.91,1.15,24,58.13,41.89,45.58,55.21,8.67,4.91,0.01,3100,3099,1,0,46.51,normal,1,0,0
2026-01-01 20:07:00,668,medium,client_1,server_1,router_1,2,client-router-server,6.21,0.72,24,93.27,93.29,75.53,101.26,13.28,6.21,3.53,5699,5498,201,41,20.6,normal,1,0,1
2026-01-01 20:08:00,669,medium,client_3,server_1,router_1,2,client-router-server,4.23,1.25,21,51.92,41.4,33.05,61.5,4.16,4.23,0.01,4104,4103,1,1,10.33,normal,1,0,0
2026-01-01 20:09:00,670,medium,client_1,server_1,router_1,2,client-router-server,5.79,1.38,27,58.75,32.75,22.01,33.05,7.5,5.79,0.01,4123,4122,1,1,21.28,normal,1,0,0
2026-01-01 20:10:00,671,medium,client_3,server_1,router_1,2,client-router-server,3.98,0.71,25,47.82,67.26,40.92,50.9,9.14,3.98,1.51,1221,1203,18,4,6.53,normal,1,0,0
2026-01-01 20:11:00,672,medium,client_1,server_1,router_1,2,client-router-server,4.26,1.16,23,95.02,100.0,75.23,74.05,7.58,4.26,2.69,4472,4352,120,100,56.01,normal,1,0,1
2026-01-01 20:12:00,673,medium,client_1,server_1,router_1,2,client-router-server,5.15,1.21,31,98.8,100.0,72.12,94.13,6.32,5.15,5.83,5676,5346,330,312,22.11,normal,1,0,1
2026-01-01 20:13:00,674,medium,client_2,server_1,router_1,2,client-router-server,5.88,1.07,32,90.64,66.56,43.05,80.79,10.57,5.88,1.94,2042,2003,39,39,25.28,normal,1,0,1
2026-01-01 20:14:00,675,medium,client_2,server_1,router_1,2,client-router-server,5.39,1.36,33,88.16,100.0,62.81,75.97,7.69,5.39,4.17,5187,4971,216,14,43.15,normal,1,0,1
2026-01-01 20:15:00,676,medium,client_3,server_1,router_1,2,client-router-server,5.02,0.95,30,64.67,40.21,20.89,52.94,6.12,5.02,0.01,5799,5798,1,1,49.46,normal,1,0,0
2026-01-01 20:16:00,677,medium,client_2,server_1,router_1,2,client-router-server,5.5,1.26,22,61.07,55.18,46.22,52.34,10.34,5.5,0.28,1277,1274,3,2,28.49,normal,1,0,0
2026-01-01 20:17:00,678,medium,client_1,server_1,router_1,2,client-router-server,5.93,0.86,26,39.18,44.24,34.2,51.45,4.73,5.93,0.01,2703,2702,1,1,30.45,normal,1,0,0
2026-01-01 20:18:00,679,medium,client_3,server_1,router_1,2,client-router-server,5.38,0.95,25,110.72,93.01,84.45,73.19,7.74,5.38,1.38,3952,3898,54,16,49.54,normal,1,0,1
2026-01-01 20:19:00,680,medium,client_1,server_1,router_1,2,client-router-server,4.84,0.98,29,64.02,70.03,83.63,96.62,8.69,4.84,1.74,1254,1233,21,14,36.0,normal,1,0,1
2026-01-01 20:20:00,681,medium,client_1,server_1,router_1,2,client-router-server,4.01,1.24,25,93.52,100.0,64.09,110.81,9.72,4.01,3.17,2893,2802,91,87,58.82,normal,1,0,1
2026-01-01 20:21:00,682,medium,client_2,server_1,router_1,2,client-router-server,6.09,1.11,23,89.51,59.3,40.75,48.29,7.36,6.09,0.85,1743,1729,14,12,51.81,normal,1,0,0
2026-01-01 20:22:00,683,medium,client_2,server_1,router_1,2,client-router-server,6.07,0.84,29,65.0,45.24,44.74,65.41,7.84,6.07,0.01,1950,1949,1,0,29.67,normal,1,0,0
2026-01-01 20:23:00,684,medium,client_1,server_1,router_1,2,client-router-server,5.57,1.38,27,87.54,88.56,53.19,101.28,7.18,5.57,1.66,1193,1174,19,5,16.73,normal,1,0,1
2026-01-01 20:24:00,685,medium,client_2,server_1,router_1,2,client-router-server,4.72,0.77,33,81.86,84.06,96.05,78.76,6.25,4.72,4.02,4190,4022,168,86,41.51,normal,1,0,0
2026-01-01 20:25:00,686,medium,client_1,server_1,router_1,2,client-router-server,6.14,0.9,28,65.9,73.62,54.86,98.74,10.98,6.14,1.84,1310,1286,24,15,47.62,normal,1,0,1
2026-01-01 20:26:00,687,medium,client_3,server_1,router_1,2,client-router-server,6.12,0.92,25,76.62,63.89,64.06,54.4,11.19,6.12,1.03,2495,2470,25,6,39.37,normal,1,0,0
2026-01-01 20:27:00,688,medium,client_2,server_1,router_1,2,client-router-server,5.35,1.37,23,101.74,100.0,63.55,117.84,11.13,5.35,2.47,5738,5597,141,47,9.39,normal,1,0,1
2026-01-01 20:28:00,689,medium,client_1,server_1,router_1,2,client-router-server,4.97,1.35,20,36.58,44.35,24.28,38.61,6.95,4.97,0.01,5663,5662,1,1,58.42,normal,1,0,0
2026-01-01 20:29:00,690,medium,client_2,server_1,router_1,2,client-router-server,6.01,1.27,23,96.62,78.87,45.59,52.12,6.5,6.01,2.32,4712,4603,109,28,6.67,normal,1,0,0
2026-01-01 20:30:00,691,medium,client_2,server_1,router_1,2,client-router-server,4.33,1.06,20,68.87,76.3,82.46,69.18,12.21,4.33,3.13,3254,3153,101,10,45.81,normal,1,0,0
2026-01-01 20:31:00,692,medium,client_1,server_1,router_1,2,client-router-server,5.42,0.81,32,52.35,67.52,62.43,88.7,9.36,5.42,1.18,1002,991,11,9,8.23,normal,1,0,1
2026-01-01 20:32:00,693,medium,client_1,server_1,router_1,2,client-router-server,5.93,0.73,28,86.3,98.6,57.67,101.31,9.89,5.93,2.25,3648,3566,82,72,27.74,normal,1,0,1
2026-01-01 20:33:00,694,medium,client_1,server_1,router_1,2,client-router-server,5.3,0.71,23,40.57,46.84,43.87,61.17,8.88,5.3,0.01,1242,1241,1,0,14.2,normal,1,0,0
2026-01-01 20:34:00,695,medium,client_3,server_1,router_1,2,client-router-server,5.91,1.06,28,82.3,91.13,63.62,63.45,6.1,5.91,4.18,2810,2693,117,3,7.59,normal,1,0,1
2026-01-01 20:35:00,696,medium,client_3,server_1,router_1,2,client-router-server,5.5,1.13,26,72.27,64.89,47.92,70.12,8.96,5.5,0.9,3487,3456,31,21,7.37,normal,1,0,0
2026-01-01 20:36:00,697,medium,client_2,server_1,router_1,2,client-router-server,5.31,1.38,22,103.46,100.0,58.96,74.25,8.04,5.31,3.93,2100,2018,82,5,21.97,normal,1,0,1
2026-01-01 20:37:00,698,medium,client_1,server_1,router_1,2,client-router-server,4.56,0.84,30,82.99,57.95,67.69,57.23,5.34,4.56,0.87,2584,2562,22,9,38.26,normal,1,0,0
2026-01-01 20:38:00,699,medium,client_3,server_1,router_1,2,client-router-server,6.05,1.01,24,49.76,48.19,54.0,55.23,10.02,6.05,0.01,4436,4435,1,1,34.31,normal,1,0,0
2026-01-01 20:39:00,700,medium,client_3,server_1,router_1,2,client-router-server,4.74,1.08,21,103.12,100.0,80.57,110.99,11.59,4.74,1.91,2934,2878,56,41,36.85,normal,1,0,1
2026-01-01 20:40:00,701,medium,client_2,server_1,router_1,2,client-router-server,6.17,1.39,23,64.87,43.26,28.07,58.46,5.57,6.17,0.01,2206,2205,1,1,59.02,normal,1,0,0
2026-01-01 20:41:00,702,medium,client_2,server_1,router_1,2,client-router-server,4.48,1.33,28,37.7,41.49,37.86,45.47,3.57,4.48,0.01,5750,5749,1,0,59.22,normal,1,0,0
2026-01-01 20:42:00,703,medium,client_3,server_1,router_1,2,client-router-server,5.68,0.97,22,99.27,100.0,65.44,130.92,10.89,5.68,2.44,5065,4942,123,15,12.75,normal,1,0,1
2026-01-01 20:43:00,704,medium,client_2,server_1,router_1,2,client-router-server,4.37,0.83,22,106.49,75.72,79.23,80.4,8.67,4.37,2.59,2917,2842,75,18,43.81,normal,1,0,1
2026-01-01 20:44:00,705,medium,client_2,server_1,router_1,2,client-router-server,5.71,1.34,26,40.18,45.15,50.24,48.65,6.8,5.71,0.01,2683,2682,1,0,16.12,normal,1,0,0
2026-01-01 20:45:00,706,medium,client_1,server_1,router_1,2,client-router-server,5.34,1.26,33,101.95,83.12,52.56,87.99,8.58,5.34,2.59,5932,5779,153,113,52.62,normal,1,0,1
2026-01-01 20:46:00,707,medium,client_1,server_1,router_1,2,client-router-server,3.86,1.11,31,68.03,88.03,100.0,71.33,5.97,3.86,4.13,1416,1358,58,50,20.28,normal,1,0,0
2026-01-01 20:47:00,708,medium,client_3,server_1,router_1,2,client-router-server,5.98,1.31,33,94.41,65.28,50.35,66.18,9.42,5.98,1.62,5126,5043,83,58,29.02,normal,1,0,0
2026-01-01 20:48:00,709,medium,client_2,server_1,router_1,2,client-router-server,5.83,0.75,27,95.09,97.15,65.91,87.52,8.96,5.83,3.64,5417,5220,197,185,32.47,normal,1,0,1
2026-01-01 20:49:00,710,medium,client_1,server_1,router_1,2,client-router-server,5.32,0.81,27,81.18,61.08,61.57,72.59,6.36,5.32,0.54,5685,5655,30,5,9.52,normal,1,0,0
2026-01-01 20:50:00,711,medium,client_1,server_1,router_1,2,client-router-server,5.84,0.8,31,59.45,51.88,56.47,75.4,4.65,5.84,0.06,2006,2005,1,0,52.36,normal,1,0,0
2026-01-01 20:51:00,712,medium,client_3,server_1,router_1,2,client-router-server,5.03,1.15,20,55.81,74.25,55.37,74.34,8.37,5.03,2.54,1904,1856,48,46,57.28,normal,1,0,0
2026-01-01 20:52:00,713,medium,client_2,server_1,router_1,2,client-router-server,5.12,1.27,26,35.26,43.74,39.53,62.71,6.84,5.12,0.01,4282,4281,1,1,55.63,normal,1,0,0
2026-01-01 20:53:00,714,medium,client_2,server_1,router_1,2,client-router-server,5.79,0.94,32,105.08,100.0,76.94,125.68,8.73,5.79,4.03,5097,4892,205,171,45.56,normal,1,0,1
2026-01-01 20:54:00,715,medium,client_3,server_1,router_1,2,client-router-server,5.95,1.4,22,78.62,88.61,48.68,77.74,8.1,5.95,2.96,5860,5687,173,142,32.57,normal,1,0,0
2026-01-01 20:55:00,716,medium,client_2,server_1,router_1,2,client-router-server,4.17,0.86,25,56.57,64.09,62.86,73.06,8.72,4.17,1.19,5392,5328,64,59,48.1,normal,1,0,0
2026-01-01 20:56:00,717,medium,client_3,server_1,router_1,2,client-router-server,3.9,0.84,26,93.02,100.0,59.78,91.0,10.93,3.9,1.67,1718,1690,28,8,18.59,normal,1,0,1
2026-01-01 20:57:00,718,medium,client_3,server_1,router_1,2,client-router-server,5.99,1.07,31,52.74,34.93,17.95,29.49,9.83,5.99,0.01,4280,4279,1,1,18.84,normal,1,0,0
2026-01-01 20:58:00,719,medium,client_2,server_1,router_1,2,client-router-server,5.49,1.07,28,72.93,58.74,52.79,48.34,3.38,5.49,0.74,3838,3810,28,14,43.91,normal,1,0,0
2026-01-01 20:59:00,720,medium,client_2,server_1,router_1,2,client-router-server,5.95,0.87,21,114.67,73.21,62.31,88.27,4.15,5.95,1.43,4475,4412,63,55,58.54,normal,1,0,1
2026-01-01 21:00:00,721,medium,client_1,server_1,router_1,2,client-router-server,5.19,1.12,32,103.75,100.0,100.0,100.62,7.54,5.19,3.9,4170,4008,162,11,43.09,normal,1,0,1
2026-01-01 21:01:00,722,medium,client_3,server_1,router_1,2,client-router-server,6.04,1.32,29,116.11,90.9,62.23,85.82,10.49,6.04,2.78,5848,5686,162,50,26.63,normal,1,0,1
2026-01-01 21:02:00,723,medium,client_3,server_1,router_1,2,client-router-server,4.65,0.7,24,48.18,35.93,42.26,44.33,5.97,4.65,0.01,1398,1397,1,0,49.7,normal,1,0,0
2026-01-01 21:03:00,724,medium,client_3,server_1,router_1,2,client-router-server,5.27,1.02,33,105.89,64.95,68.24,77.82,11.18,5.27,1.61,2539,2499,40,34,57.53,normal,1,0,0
2026-01-01 21:04:00,725,medium,client_1,server_1,router_1,2,client-router-server,4.66,0.81,22,52.22,36.99,19.57,35.81,5.97,4.66,0.01,3217,3216,1,1,42.87,normal,1,0,0
2026-01-01 21:05:00,726,medium,client_1,server_1,router_1,2,client-router-server,5.33,1.08,26,61.36,45.4,29.44,55.6,2.59,5.33,0.01,2050,2049,1,1,18.23,normal,1,0,0
2026-01-01 21:06:00,727,medium,client_2,server_1,router_1,2,client-router-server,4.53,1.36,20,57.27,85.69,78.55,91.6,8.16,4.53,3.94,3319,3189,130,76,15.43,normal,1,0,1
2026-01-01 21:07:00,728,medium,client_1,server_1,router_1,2,client-router-server,6.14,0.89,27,51.22,45.06,45.79,44.97,3.34,6.14,0.01,5628,5627,1,1,6.34,normal,1,0,0
2026-01-01 21:08:00,729,medium,client_1,server_1,router_1,2,client-router-server,3.81,1.03,24,102.62,100.0,82.76,73.29,8.31,3.81,2.98,2058,1997,61,48,52.84,normal,1,0,1
2026-01-01 21:09:00,730,medium,client_3,server_1,router_1,2,client-router-server,4.39,0.77,23,72.03,75.33,60.74,75.68,6.86,4.39,1.49,1874,1847,27,9,30.75,normal,1,0,0
2026-01-01 21:10:00,731,medium,client_2,server_1,router_1,2,client-router-server,5.46,1.35,26,67.19,65.47,69.34,76.5,10.78,5.46,0.71,2137,2122,15,2,24.02,normal,1,0,0
2026-01-01 21:11:00,732,medium,client_1,server_1,router_1,2,client-router-server,4.31,0.9,23,108.81,100.0,53.54,71.74,11.78,4.31,5.88,3707,3490,217,129,14.95,normal,1,0,1
2026-01-01 21:12:00,733,medium,client_2,server_1,router_1,2,client-router-server,5.83,0.94,27,54.74,30.79,18.23,44.6,8.08,5.83,0.01,1898,1897,1,0,59.25,normal,1,0,0
2026-01-01 21:13:00,734,medium,client_1,server_1,router_1,2,client-router-server,4.9,1.19,29,87.7,100.0,100.0,126.14,8.03,4.9,3.4,2452,2369,83,4,50.83,normal,1,0,1
2026-01-01 21:14:00,735,medium,client_3,server_1,router_1,2,client-router-server,3.86,1.27,31,89.44,100.0,100.0,83.27,6.05,3.86,2.7,2313,2251,62,47,47.8,normal,1,0,1
2026-01-01 21:15:00,736,medium,client_2,server_1,router_1,2,client-router-server,5.48,1.02,29,39.18,49.49,49.26,61.53,5.68,5.48,0.01,4260,4259,1,0,22.55,normal,1,0,0
2026-01-01 21:16:00,737,medium,client_1,server_1,router_1,2,client-router-server,6.05,1.11,33,90.58,100.0,72.37,98.24,8.89,6.05,2.35,2786,2721,65,5,5.78,normal,1,0,1
2026-01-01 21:17:00,738,medium,client_1,server_1,router_1,2,client-router-server,4.1,0.82,30,71.24,87.88,96.87,104.23,8.44,4.1,2.26,5518,5394,124,52,11.63,normal,1,0,1
2026-01-01 21:18:00,739,medium,client_3,server_1,router_1,2,client-router-server,4.35,1.28,24,112.11,100.0,79.48,81.06,6.01,4.35,3.2,4384,4244,140,135,20.68,normal,1,0,1
2026-01-01 21:19:00,740,medium,client_1,server_1,router_1,2,client-router-server,4.25,1.17,25,58.41,47.89,34.42,42.88,10.94,4.25,0.01,1886,1885,1,1,26.77,normal,1,0,0
2026-01-01 21:20:00,741,medium,client_2,server_1,router_1,2,client-router-server,5.2,0.81,31,96.69,80.12,63.16,57.02,13.53,5.2,3.39,2793,2699,94,57,45.92,normal,1,0,0
2026-01-01 21:21:00,742,medium,client_3,server_1,router_1,2,client-router-server,4.39,1.14,33,63.72,51.65,26.14,41.66,9.22,4.39,0.06,3892,3890,2,1,55.48,normal,1,0,0
2026-01-01 21:22:00,743,medium,client_3,server_1,router_1,2,client-router-server,4.96,0.85,23,65.94,61.86,42.75,55.62,9.93,4.96,0.42,4865,4845,20,1,34.98,normal,1,0,0
2026-01-01 21:23:00,744,medium,client_2,server_1,router_1,2,client-router-server,4.05,0.72,22,51.81,70.1,44.88,78.34,7.2,4.05,1.82,2361,2319,42,38,40.09,normal,1,0,0
2026-01-01 21:24:00,745,medium,client_3,server_1,router_1,2,client-router-server,5.17,1.08,30,94.06,100.0,88.99,69.59,12.7,5.17,4.5,2623,2505,118,77,7.99,normal,1,0,1
2026-01-01 21:25:00,746,medium,client_3,server_1,router_1,2,client-router-server,5.63,0.92,23,89.29,73.14,71.74,54.84,11.04,5.63,1.02,4530,4484,46,25,25.75,normal,1,0,0
2026-01-01 21:26:00,747,medium,client_3,server_1,router_1,2,client-router-server,3.76,1.11,23,72.62,100.0,94.36,83.6,6.81,3.76,4.57,1134,1083,51,33,22.98,normal,1,0,1
2026-01-01 21:27:00,748,medium,client_2,server_1,router_1,2,client-router-server,4.94,1.36,32,79.97,60.5,46.36,75.27,6.16,4.94,1.05,2301,2277,24,15,18.48,normal,1,0,0
2026-01-01 21:28:00,749,medium,client_3,server_1,router_1,2,client-router-server,5.8,1.31,33,109.97,100.0,61.6,129.59,9.72,5.8,2.3,2973,2905,68,32,40.09,normal,1,0,1
2026-01-01 21:29:00,750,medium,client_2,server_1,router_1,2,client-router-server,4.0,0.97,26,60.52,100.0,91.96,120.45,3.9,4.0,3.2,2382,2306,76,64,49.76,normal,1,0,1
2026-01-01 21:30:00,751,medium,client_3,server_1,router_1,2,client-router-server,4.93,1.06,31,76.82,100.0,100.0,89.03,10.12,4.93,2.65,3013,2934,79,79,24.81,normal,1,0,1
2026-01-01 21:31:00,752,medium,client_2,server_1,router_1,2,client-router-server,3.97,0.78,29,89.3,100.0,69.12,123.33,11.19,3.97,4.45,5460,5218,242,63,34.95,normal,1,0,1
2026-01-01 21:32:00,753,medium,client_3,server_1,router_1,2,client-router-server,5.21,0.76,31,51.33,61.26,58.31,80.04,7.2,5.21,0.95,5996,5940,56,35,49.39,normal,1,0,1
2026-01-01 21:33:00,754,medium,client_3,server_1,router_1,2,client-router-server,3.94,0.84,22,53.99,52.9,45.01,53.75,4.27,3.94,0.15,2244,2241,3,1,9.03,normal,1,0,0
2026-01-01 21:34:00,755,medium,client_2,server_1,router_1,2,client-router-server,3.92,1.28,30,90.24,100.0,91.56,80.73,4.45,3.92,2.6,4493,4377,116,61,15.3,normal,1,0,1
2026-01-01 21:35:00,756,medium,client_1,server_1,router_1,2,client-router-server,5.87,1.16,29,56.35,38.2,36.83,44.85,7.13,5.87,0.01,1063,1062,1,0,42.96,normal,1,0,0
2026-01-01 21:36:00,757,medium,client_3,server_1,router_1,2,client-router-server,4.69,1.06,32,100.42,93.59,100.0,81.36,13.45,4.69,4.64,3106,2962,144,55,48.13,normal,1,0,1
2026-01-01 21:37:00,758,medium,client_2,server_1,router_1,2,client-router-server,4.46,0.8,21,59.04,65.81,52.96,52.23,8.05,4.46,1.75,4704,4622,82,1,12.34,normal,1,0,0
2026-01-01 21:38:00,759,medium,client_1,server_1,router_1,2,client-router-server,5.31,0.84,20,94.08,99.7,100.0,106.15,12.28,5.31,4.74,5652,5385,267,58,14.83,normal,1,0,1
2026-01-01 21:39:00,760,medium,client_1,server_1,router_1,2,client-router-server,4.69,0.97,26,80.14,92.29,92.03,76.82,10.76,4.69,1.8,3869,3800,69,23,44.13,normal,1,0,1
2026-01-01 21:40:00,761,medium,client_2,server_1,router_1,2,client-router-server,4.16,1.05,22,79.81,74.46,42.38,72.62,6.21,4.16,1.9,2762,2710,52,10,53.98,normal,1,0,0
2026-01-01 21:41:00,762,medium,client_1,server_1,router_1,2,client-router-server,4.86,0.77,21,87.45,61.96,65.82,90.77,8.6,4.86,0.94,5897,5842,55,0,14.87,normal,1,0,1
2026-01-01 21:42:00,763,medium,client_1,server_1,router_1,2,client-router-server,4.17,0.72,28,63.62,72.77,76.1,63.02,5.24,4.17,0.85,3768,3736,32,13,40.24,normal,1,0,0
2026-01-01 21:43:00,764,medium,client_3,server_1,router_1,2,client-router-server,5.27,0.9,20,60.04,46.98,25.93,55.84,3.04,5.27,0.01,5110,5109,1,1,14.01,normal,1,0,0
2026-01-01 21:44:00,765,medium,client_2,server_1,router_1,2,client-router-server,5.01,0.91,27,46.4,43.94,40.73,37.24,3.65,5.01,0.01,4682,4681,1,1,19.99,normal,1,0,0
2026-01-01 21:45:00,766,medium,client_1,server_1,router_1,2,client-router-server,4.57,0.72,25,103.52,100.0,55.89,124.37,8.82,4.57,4.18,2126,2038,88,70,15.31,normal,1,0,1
2026-01-01 21:46:00,767,medium,client_3,server_1,router_1,2,client-router-server,4.65,1.12,28,100.04,72.29,44.12,89.56,6.09,4.65,1.06,1254,1241,13,1,53.72,normal,1,0,1
2026-01-01 21:47:00,768,medium,client_2,server_1,router_1,2,client-router-server,4.54,0.89,20,44.03,31.66,26.23,43.72,5.35,4.54,0.01,4775,4774,1,0,41.76,normal,1,0,0
2026-01-01 21:48:00,769,medium,client_2,server_1,router_1,2,client-router-server,6.03,1.12,32,102.84,89.1,100.0,104.98,8.19,6.03,3.94,1458,1401,57,28,45.61,normal,1,0,1
2026-01-01 21:49:00,770,medium,client_2,server_1,router_1,2,client-router-server,6.1,1.05,30,62.6,53.05,50.95,45.88,2.89,6.1,0.37,3247,3235,12,5,43.43,normal,1,0,0
2026-01-01 21:50:00,771,medium,client_3,server_1,router_1,2,client-router-server,3.93,0.93,26,71.1,100.0,59.05,101.32,8.74,3.93,1.68,1774,1745,29,14,28.22,normal,1,0,1
2026-01-01 21:51:00,772,medium,client_2,server_1,router_1,2,client-router-server,3.85,1.16,33,112.45,100.0,96.58,108.17,10.67,3.85,5.81,5135,4837,298,83,29.22,normal,1,0,1
2026-01-01 21:52:00,773,medium,client_2,server_1,router_1,2,client-router-server,5.29,1.02,33,46.45,38.75,35.33,51.27,6.72,5.29,0.01,3955,3954,1,1,14.61,normal,1,0,0
2026-01-01 21:53:00,774,medium,client_1,server_1,router_1,2,client-router-server,4.29,1.17,29,89.82,100.0,99.04,132.23,8.37,4.29,5.56,2988,2822,166,147,32.67,normal,1,0,1
2026-01-01 21:54:00,775,medium,client_1,server_1,router_1,2,client-router-server,5.66,1.2,31,83.41,61.08,42.77,48.77,7.55,5.66,0.56,4218,4195,23,21,24.07,normal,1,0,0
2026-01-01 21:55:00,776,medium,client_3,server_1,router_1,2,client-router-server,5.4,1.14,21,79.77,68.26,71.83,59.1,8.09,5.4,1.97,3553,3484,69,0,56.65,normal,1,0,0
2026-01-01 21:56:00,777,medium,client_1,server_1,router_1,2,client-router-server,4.36,0.99,33,44.19,62.01,36.07,72.02,4.57,4.36,1.11,3812,3770,42,11,58.48,normal,1,0,0
2026-01-01 21:57:00,778,medium,client_2,server_1,router_1,2,client-router-server,4.8,0.9,22,97.9,100.0,63.65,94.89,6.58,4.8,3.13,3510,3401,109,26,19.9,normal,1,0,1
2026-01-01 21:58:00,779,medium,client_1,server_1,router_1,2,client-router-server,4.41,0.83,21,42.82,51.5,36.31,58.33,6.27,4.41,0.15,5540,5532,8,8,44.52,normal,1,0,0
2026-01-01 21:59:00,780,medium,client_3,server_1,router_1,2,client-router-server,4.02,0.97,32,56.08,62.33,38.21,47.43,10.62,4.02,1.2,2422,2393,29,28,18.84,normal,1,0,0
2026-01-01 22:00:00,781,medium,client_1,server_1,router_1,2,client-router-server,4.86,1.3,29,64.72,53.44,53.97,54.26,8.63,4.86,0.27,5668,5653,15,3,24.81,normal,0,0,0
2026-01-01 22:01:00,782,medium,client_1,server_1,router_1,2,client-router-server,4.67,1.03,27,43.71,63.42,35.05,65.86,10.09,4.67,1.09,2921,2890,31,3,23.68,normal,0,0,0
2026-01-01 22:02:00,783,medium,client_3,server_1,router_1,2,client-router-server,6.24,0.92,22,39.51,19.65,16.75,23.14,4.58,6.24,0.01,5383,5382,1,1,56.69,normal,0,0,0
2026-01-01 22:03:00,784,medium,client_3,server_1,router_1,2,client-router-server,6.05,1.22,20,94.08,85.96,43.78,78.46,9.93,6.05,3.43,5873,5672,201,160,27.73,normal,0,0,0
2026-01-01 22:04:00,785,medium,client_2,server_1,router_1,2,client-router-server,5.75,0.94,29,27.68,29.77,25.7,37.28,9.41,5.75,0.01,1635,1634,1,1,29.08,normal,0,0,0
2026-01-01 22:05:00,786,medium,client_1,server_1,router_1,2,client-router-server,3.76,1.27,21,28.06,44.09,27.94,46.04,2.57,3.76,0.01,4937,4936,1,0,35.69,normal,0,0,0
2026-01-01 22:06:00,787,medium,client_3,server_1,router_1,2,client-router-server,5.03,0.73,26,79.19,61.52,36.52,81.77,4.09,5.03,0.43,5489,5466,23,9,12.76,normal,0,0,1
2026-01-01 22:07:00,788,medium,client_2,server_1,router_1,2,client-router-server,5.26,0.8,29,49.63,52.33,61.51,61.74,3.98,5.26,0.08,1694,1693,1,1,51.1,normal,0,0,0
2026-01-01 22:08:00,789,medium,client_2,server_1,router_1,2,client-router-server,4.97,1.31,20,68.12,54.64,59.6,78.86,5.78,4.97,0.38,3638,3625,13,11,37.94,normal,0,0,0
2026-01-01 22:09:00,790,medium,client_2,server_1,router_1,2,client-router-server,5.49,1.03,27,93.15,65.38,67.18,72.0,9.64,5.49,1.28,3575,3530,45,31,31.28,normal,0,0,0
2026-01-01 22:10:00,791,medium,client_3,server_1,router_1,2,client-router-server,4.72,1.24,30,60.1,60.33,49.97,74.53,4.24,4.72,0.51,5386,5359,27,3,22.41,normal,0,0,0
2026-01-01 22:11:00,792,medium,client_1,server_1,router_1,2,client-router-server,6.18,1.3,29,24.18,18.52,9.59,21.05,4.47,6.18,0.01,4138,4137,1,1,44.42,normal,0,0,0
2026-01-01 22:12:00,793,medium,client_2,server_1,router_1,2,client-router-server,6.02,0.8,23,46.79,35.53,40.32,40.4,2.65,6.02,0.01,2061,2060,1,1,14.09,normal,0,0,0
2026-01-01 22:13:00,794,medium,client_2,server_1,router_1,2,client-router-server,5.07,0.87,33,69.16,88.75,52.49,73.23,7.18,5.07,2.38,2918,2849,69,41,27.29,normal,0,0,0
2026-01-01 22:14:00,795,medium,client_1,server_1,router_1,2,client-router-server,5.68,0.86,32,40.73,43.42,50.44,47.51,9.51,5.68,0.01,3969,3968,1,1,30.23,normal,0,0,0
2026-01-01 22:15:00,796,medium,client_2,server_1,router_1,2,client-router-server,4.63,1.11,28,80.93,100.0,60.83,67.49,6.18,4.63,5.18,3379,3204,175,107,30.19,normal,0,0,1
2026-01-01 22:16:00,797,medium,client_3,server_1,router_1,2,client-router-server,4.56,0.85,20,26.17,21.12,12.89,28.13,7.83,4.56,0.01,4507,4506,1,1,53.26,normal,0,0,0
2026-01-01 22:17:00,798,medium,client_3,server_1,router_1,2,client-router-server,5.21,1.23,26,57.23,74.06,68.99,60.79,11.17,5.21,1.46,1007,993,14,0,35.81,normal,0,0,0
2026-01-01 22:18:00,799,medium,client_2,server_1,router_1,2,client-router-server,4.46,1.31,29,73.59,76.88,78.25,81.68,8.64,4.46,2.12,2652,2596,56,43,56.79,normal,0,0,1
2026-01-01 22:19:00,800,medium,client_2,server_1,router_1,2,client-router-server,4.46,1.32,31,38.57,28.38,16.79,33.34,3.2,4.46,0.01,4259,4258,1,0,16.25,normal,0,0,0
2026-01-01 22:20:00,801,medium,client_1,server_1,router_1,2,client-router-server,4.99,0.9,21,59.54,57.22,49.49,68.85,11.88,4.99,0.8,2790,2768,22,22,32.92,normal,0,0,0
2026-01-01 22:21:00,802,medium,client_3,server_1,router_1,2,client-router-server,5.96,1.07,29,24.95,19.0,22.7,24.83,8.09,5.96,0.01,4061,4060,1,1,20.48,normal,0,0,0
2026-01-01 22:22:00,803,medium,client_2,server_1,router_1,2,client-router-server,4.82,0.75,23,51.47,60.44,58.86,72.62,8.95,4.82,0.76,1395,1385,10,2,42.63,normal,0,0,0
2026-01-01 22:23:00,804,medium,client_3,server_1,router_1,2,client-router-server,6.19,0.94,23,89.73,97.52,82.8,96.81,7.6,6.19,3.2,4736,4585,151,96,22.11,normal,0,0,1
2026-01-01 22:24:00,805,medium,client_2,server_1,router_1,2,client-router-server,6.0,1.14,29,86.42,72.26,67.16,93.1,8.19,6.0,2.21,1883,1842,41,3,12.68,normal,0,0,1
2026-01-01 22:25:00,806,medium,client_3,server_1,router_1,2,client-router-server,3.87,1.06,25,47.86,67.69,69.43,60.07,6.75,3.87,1.93,1572,1542,30,9,58.56,normal,0,0,0
2026-01-01 22:26:00,807,medium,client_2,server_1,router_1,2,client-router-server,4.11,0.91,31,78.91,76.83,61.66,96.1,7.27,4.11,1.48,2010,1981,29,23,50.37,normal,0,0,1
2026-01-01 22:27:00,808,medium,client_3,server_1,router_1,2,client-router-server,6.09,0.82,27,52.77,59.91,70.18,71.59,7.47,6.09,0.89,5742,5691,51,29,18.71,normal,0,0,0
2026-01-01 22:28:00,809,medium,client_2,server_1,router_1,2,client-router-server,4.94,0.78,20,52.76,39.25,24.23,31.47,5.27,4.94,0.01,2689,2688,1,1,30.42,normal,0,0,0
2026-01-01 22:29:00,810,medium,client_2,server_1,router_1,2,client-router-server,6.22,0.97,28,33.56,28.26,31.82,39.37,9.02,6.22,0.01,5942,5941,1,1,57.34,normal,0,0,0
2026-01-01 22:30:00,811,medium,client_3,server_1,router_1,2,client-router-server,5.52,1.11,25,66.87,64.64,46.51,82.1,8.03,5.52,0.83,3633,3603,30,4,18.1,normal,0,0,1
2026-01-01 22:31:00,812,medium,client_1,server_1,router_1,2,client-router-server,4.51,1.03,24,25.44,20.45,22.77,34.96,5.7,4.51,0.01,1076,1075,1,0,32.62,normal,0,0,0
2026-01-01 22:32:00,813,medium,client_2,server_1,router_1,2,client-router-server,4.06,0.94,29,71.56,100.0,76.3,130.98,11.94,4.06,4.89,2173,2067,106,97,40.29,normal,0,0,1
2026-01-01 22:33:00,814,medium,client_1,server_1,router_1,2,client-router-server,3.82,0.87,31,29.61,47.98,34.39,38.65,7.39,3.82,0.01,3210,3209,1,1,7.36,normal,0,0,0
2026-01-01 22:34:00,815,medium,client_2,server_1,router_1,2,client-router-server,5.62,1.15,21,36.62,34.86,20.54,44.77,4.16,5.62,0.01,2453,2452,1,1,23.99,normal,0,0,0
2026-01-01 22:35:00,816,medium,client_3,server_1,router_1,2,client-router-server,4.25,0.97,28,73.37,60.46,54.0,61.9,8.84,4.25,1.18,1427,1411,16,13,54.9,normal,0,0,0
2026-01-01 22:36:00,817,medium,client_3,server_1,router_1,2,client-router-server,4.02,0.99,21,46.06,49.27,53.46,63.76,3.8,4.02,0.01,3470,3469,1,0,36.11,normal,0,0,0
2026-01-01 22:37:00,818,medium,client_3,server_1,router_1,2,client-router-server,3.79,0.83,23,49.1,68.33,51.89,53.42,8.8,3.79,0.67,3737,3712,25,13,59.13,normal,0,0,0
2026-01-01 22:38:00,819,medium,client_2,server_1,router_1,2,client-router-server,4.68,1.19,25,89.83,100.0,54.72,69.95,13.49,4.68,3.43,3555,3434,121,71,51.17,normal,0,0,1
2026-01-01 22:39:00,820,medium,client_2,server_1,router_1,2,client-router-server,4.95,1.14,29,56.46,68.6,58.67,78.3,6.05,4.95,1.51,1478,1456,22,11,13.91,normal,0,0,0
2026-01-01 22:40:00,821,medium,client_2,server_1,router_1,2,client-router-server,5.83,0.98,31,35.36,22.64,23.39,36.63,7.15,5.83,0.01,1987,1986,1,0,31.55,normal,0,0,0
2026-01-01 22:41:00,822,medium,client_3,server_1,router_1,2,client-router-server,4.26,0.86,32,20.75,16.72,15.45,26.46,5.28,4.26,0.01,1139,1138,1,1,41.7,normal,0,0,0
2026-01-01 22:42:00,823,medium,client_2,server_1,router_1,2,client-router-server,4.23,1.06,20,51.5,56.65,42.14,59.74,7.82,4.23,0.47,3370,3355,15,5,47.15,normal,0,0,0
2026-01-01 22:43:00,824,medium,client_1,server_1,router_1,2,client-router-server,5.85,0.91,20,79.94,79.8,52.03,93.91,5.97,5.85,2.91,5290,5137,153,44,44.02,normal,0,0,1
2026-01-01 22:44:00,825,medium,client_3,server_1,router_1,2,client-router-server,4.07,1.29,26,35.53,51.49,54.11,71.66,4.32,4.07,0.14,2989,2985,4,4,5.18,normal,0,0,0
2026-01-01 22:45:00,826,medium,client_3,server_1,router_1,2,client-router-server,5.42,0.81,31,73.99,63.51,37.92,45.97,8.11,5.42,1.58,1843,1814,29,3,41.07,normal,0,0,0
2026-01-01 22:46:00,827,medium,client_1,server_1,router_1,2,client-router-server,5.77,0.81,27,56.33,37.45,28.98,40.87,4.81,5.77,0.01,2435,2434,1,0,40.75,normal,0,0,0
2026-01-01 22:47:00,828,medium,client_2,server_1,router_1,2,client-router-server,4.23,0.94,29,58.66,95.81,80.86,67.8,7.94,4.23,2.52,2842,2771,71,62,24.87,normal,0,0,1
2026-01-01 22:48:00,829,medium,client_3,server_1,router_1,2,client-router-server,4.25,0.73,23,69.97,96.18,97.89,76.54,13.25,4.25,2.76,1803,1754,49,37,39.72,normal,0,0,1
2026-01-01 22:49:00,830,medium,client_3,server_1,router_1,2,client-router-server,4.89,0.81,23,24.09,15.99,16.83,21.17,7.71,4.89,0.01,3392,3391,1,0,32.53,normal,0,0,0
2026-01-01 22:50:00,831,medium,client_3,server_1,router_1,2,client-router-server,5.01,0.98,29,91.72,67.32,33.85,77.3,5.76,5.01,1.25,3197,3158,39,36,9.91,normal,0,0,0
2026-01-01 22:51:00,832,medium,client_1,server_1,router_1,2,client-router-server,5.85,0.89,26,84.28,51.15,57.88,48.0,5.87,5.85,0.11,5648,5642,6,5,23.03,normal,0,0,0
2026-01-01 22:52:00,833,medium,client_3,server_1,router_1,2,client-router-server,6.14,1.27,30,81.1,69.36,61.96,62.93,8.63,6.14,2.07,3620,3546,74,58,31.41,normal,0,0,0
2026-01-01 22:53:00,834,medium,client_2,server_1,router_1,2,client-router-server,4.34,0.96,33,49.63,59.11,64.49,60.75,7.32,4.34,1.06,5772,5711,61,54,9.97,normal,0,0,0
2026-01-01 22:54:00,835,medium,client_2,server_1,router_1,2,client-router-server,4.22,1.35,31,50.02,80.42,71.98,93.22,11.48,4.22,3.54,2542,2453,89,49,49.39,normal,0,0,1
2026-01-01 22:55:00,836,medium,client_3,server_1,router_1,2,client-router-server,4.9,1.17,32,41.36,39.34,22.59,51.6,7.45,4.9,0.01,1340,1339,1,1,12.47,normal,0,0,0
2026-01-01 22:56:00,837,medium,client_1,server_1,router_1,2,client-router-server,5.53,1.01,33,87.74,82.54,73.0,112.13,7.51,5.53,2.67,4905,4775,130,109,58.82,normal,0,0,1
2026-01-01 22:57:00,838,medium,client_1,server_1,router_1,2,client-router-server,5.69,1.3,23,68.52,60.37,71.89,64.39,5.15,5.69,0.91,1020,1011,9,5,27.31,normal,0,0,0
2026-01-01 22:58:00,839,medium,client_2,server_1,router_1,2,client-router-server,4.23,1.22,32,41.53,45.48,37.97,45.9,5.88,4.23,0.01,3058,3057,1,0,37.47,normal,0,0,0
2026-01-01 22:59:00,840,medium,client_2,server_1,router_1,2,client-router-server,5.38,0.93,24,94.08,87.1,100.0,108.66,4.94,5.38,4.35,2020,1933,87,7,51.74,normal,0,0,1
2026-01-01 23:00:00,841,medium,client_1,server_1,router_1,2,client-router-server,4.81,1.29,22,92.57,100.0,58.94,80.84,9.52,4.81,1.72,3685,3622,63,6,21.82,normal,0,0,1
2026-01-01 23:01:00,842,medium,client_2,server_1,router_1,2,client-router-server,5.72,1.36,26,29.16,30.97,15.77,26.1,9.28,5.72,0.01,4692,4691,1,0,33.55,normal,0,0,0
2026-01-01 23:02:00,843,medium,client_2,server_1,router_1,2,client-router-server,4.33,0.77,26,53.08,51.93,44.0,48.44,6.64,4.33,0.2,1265,1263,2,2,38.24,normal,0,0,0
2026-01-01 23:03:00,844,medium,client_1,server_1,router_1,2,client-router-server,4.69,0.75,29,59.83,41.72,27.26,35.33,9.42,4.69,0.01,3073,3072,1,0,24.72,normal,0,0,0
2026-01-01 23:04:00,845,medium,client_1,server_1,router_1,2,client-router-server,4.63,1.22,29,69.22,62.81,64.29,73.39,5.59,4.63,0.46,5626,5601,25,14,39.18,normal,0,0,0
2026-01-01 23:05:00,846,medium,client_3,server_1,router_1,2,client-router-server,5.68,1.07,20,74.65,52.41,46.1,56.61,6.45,5.68,0.26,4172,4162,10,2,51.28,normal,0,0,0
2026-01-01 23:06:00,847,medium,client_2,server_1,router_1,2,client-router-server,6.12,0.77,33,25.33,17.54,16.72,27.29,7.57,6.12,0.01,3377,3376,1,0,6.17,normal,0,0,0
2026-01-01 23:07:00,848,medium,client_1,server_1,router_1,2,client-router-server,5.17,1.03,26,37.91,28.0,26.22,39.85,4.71,5.17,0.01,5176,5175,1,0,53.26,normal,0,0,0
2026-01-01 23:08:00,849,medium,client_2,server_1,router_1,2,client-router-server,4.04,1.12,24,61.94,59.69,66.08,50.34,6.97,4.04,0.59,4325,4300,25,14,32.13,normal,0,0,0
2026-01-01 23:09:00,850,medium,client_3,server_1,router_1,2,client-router-server,5.13,1.05,32,85.54,59.01,30.88,49.18,10.51,5.13,1.07,4586,4537,49,17,6.84,normal,0,0,0
2026-01-01 23:10:00,851,medium,client_1,server_1,router_1,2,client-router-server,4.79,1.23,23,70.97,66.86,56.31,70.57,9.08,4.79,0.91,2433,2411,22,12,22.8,normal,0,0,0
2026-01-01 23:11:00,852,medium,client_2,server_1,router_1,2,client-router-server,5.19,0.91,21,34.2,30.69,35.71,44.41,3.65,5.19,0.01,2455,2454,1,1,29.39,normal,0,0,0
2026-01-01 23:12:00,853,medium,client_2,server_1,router_1,2,client-router-server,5.08,0.77,30,80.82,100.0,72.62,114.95,13.27,5.08,4.08,1921,1843,78,66,25.09,normal,0,0,1
2026-01-01 23:13:00,854,medium,client_1,server_1,router_1,2,client-router-server,4.94,0.99,33,28.42,23.0,15.24,36.17,2.62,4.94,0.01,1303,1302,1,1,8.32,normal,0,0,0
2026-01-01 23:14:00,855,medium,client_3,server_1,router_1,2,client-router-server,5.01,0.74,20,92.79,71.08,38.91,75.22,5.62,5.01,0.75,3621,3594,27,16,57.42,normal,0,0,0
2026-01-01 23:15:00,856,medium,client_3,server_1,router_1,2,client-router-server,4.69,1.02,24,75.99,93.21,100.0,118.01,8.28,4.69,3.72,2133,2054,79,35,47.31,normal,0,0,1
2026-01-01 23:16:00,857,medium,client_2,server_1,router_1,2,client-router-server,4.59,1.4,21,43.76,46.54,40.55,67.76,3.4,4.59,0.01,2659,2658,1,0,57.88,normal,0,0,0
2026-01-01 23:17:00,858,medium,client_3,server_1,router_1,2,client-router-server,4.69,0.88,33,88.1,100.0,100.0,97.28,9.7,4.69,3.8,5751,5533,218,118,57.72,normal,0,0,1
2026-01-01 23:18:00,859,medium,client_2,server_1,router_1,2,client-router-server,6.24,1.1,31,80.41,71.27,36.86,80.03,9.09,6.24,1.54,2518,2480,38,26,33.96,normal,0,0,1
2026-01-01 23:19:00,860,medium,client_1,server_1,router_1,2,client-router-server,5.56,0.87,21,79.74,97.61,54.97,114.3,15.16,5.56,4.44,1007,963,44,25,15.2,normal,0,0,1
2026-01-01 23:20:00,861,medium,client_3,server_1,router_1,2,client-router-server,5.0,0.7,24,85.07,69.73,52.83,51.6,6.86,5.0,1.55,2958,2913,45,5,19.37,normal,0,0,0
2026-01-01 23:21:00,862,medium,client_1,server_1,router_1,2,client-router-server,6.01,0.77,25,50.18,30.34,18.37,35.89,4.44,6.01,0.01,4659,4658,1,1,24.82,normal,0,0,0
2026-01-01 23:22:00,863,medium,client_3,server_1,router_1,2,client-router-server,3.98,1.14,29,73.53,66.34,67.49,67.06,6.69,3.98,1.28,3570,3525,45,24,21.07,normal,0,0,0
2026-01-01 23:23:00,864,medium,client_2,server_1,router_1,2,client-router-server,5.06,0.9,27,49.0,62.88,55.13,55.46,9.5,5.06,1.02,5898,5838,60,50,40.81,normal,0,0,0
2026-01-01 23:24:00,865,medium,client_2,server_1,router_1,2,client-router-server,4.74,0.85,30,36.01,30.21,33.12,34.91,2.75,4.74,0.01,2247,2246,1,0,17.96,normal,0,0,0
2026-01-01 23:25:00,866,medium,client_2,server_1,router_1,2,client-router-server,5.77,0.72,24,65.65,69.76,67.47,65.13,3.34,5.77,2.03,2823,2766,57,54,59.85,normal,0,0,0
2026-01-01 23:26:00,867,medium,client_1,server_1,router_1,2,client-router-server,4.72,0.7,20,73.5,61.35,46.79,51.58,8.02,4.72,0.62,3506,3485,21,2,20.96,normal,0,0,0
2026-01-01 23:27:00,868,medium,client_3,server_1,router_1,2,client-router-server,5.88,0.97,25,54.03,41.47,25.46,48.37,4.45,5.88,0.01,5317,5316,1,1,9.39,normal,0,0,0
2026-01-01 23:28:00,869,medium,client_2,server_1,router_1,2,client-router-server,3.9,1.14,31,23.28,38.59,43.36,42.11,7.39,3.9,0.01,3748,3747,1,0,33.11,normal,0,0,0
2026-01-01 23:29:00,870,medium,client_1,server_1,router_1,2,client-router-server,4.09,0.8,33,73.93,76.81,42.31,50.47,7.52,4.09,2.12,4855,4753,102,28,51.66,normal,0,0,0
2026-01-01 23:30:00,871,medium,client_1,server_1,router_1,2,client-router-server,6.03,0.75,26,46.19,31.37,35.38,46.62,6.29,6.03,0.01,1114,1113,1,1,9.19,normal,0,0,0
2026-01-01 23:31:00,872,medium,client_1,server_1,router_1,2,client-router-server,5.04,1.08,30,54.8,33.66,22.58,43.5,9.9,5.04,0.01,4553,4552,1,1,10.19,normal,0,0,0
2026-01-01 23:32:00,873,medium,client_1,server_1,router_1,2,client-router-server,5.0,1.23,23,69.28,46.03,37.68,60.45,6.45,5.0,0.01,5525,5524,1,0,21.1,normal,0,0,0
2026-01-01 23:33:00,874,medium,client_1,server_1,router_1,2,client-router-server,5.02,1.01,22,20.43,23.14,20.46,29.12,6.1,5.02,0.01,3901,3900,1,0,11.09,normal,0,0,0
2026-01-01 23:34:00,875,medium,client_2,server_1,router_1,2,client-router-server,4.14,1.12,28,20.27,26.58,16.38,41.86,8.7,4.14,0.01,2113,2112,1,1,46.24,normal,0,0,0
2026-01-01 23:35:00,876,medium,client_1,server_1,router_1,2,client-router-server,5.8,0.9,29,42.15,41.8,25.84,33.23,8.35,5.8,0.01,2963,2962,1,0,32.82,normal,0,0,0
2026-01-01 23:36:00,877,medium,client_1,server_1,router_1,2,client-router-server,6.17,0.71,32,88.44,91.15,76.32,86.8,7.88,6.17,3.43,5605,5413,192,91,45.56,normal,0,0,1
2026-01-01 23:37:00,878,medium,client_1,server_1,router_1,2,client-router-server,5.8,0.89,20,59.21,42.37,33.39,40.92,4.39,5.8,0.01,3725,3724,1,0,46.47,normal,0,0,0
2026-01-01 23:38:00,879,medium,client_3,server_1,router_1,2,client-router-server,4.59,0.88,28,84.12,57.01,41.07,63.25,10.12,4.59,0.32,1425,1421,4,3,18.92,normal,0,0,0
2026-01-01 23:39:00,880,medium,client_3,server_1,router_1,2,client-router-server,3.93,1.07,31,37.36,33.27,38.52,50.9,2.13,3.93,0.01,5129,5128,1,1,55.34,normal,0,0,0
2026-01-01 23:40:00,881,medium,client_2,server_1,router_1,2,client-router-server,4.95,1.26,30,90.01,100.0,91.92,96.72,12.27,4.95,2.49,1475,1439,36,18,51.82,normal,0,0,1
2026-01-01 23:41:00,882,medium,client_2,server_1,router_1,2,client-router-server,5.11,0.85,21,31.1,22.96,19.79,26.53,6.42,5.11,0.01,5797,5796,1,1,5.26,normal,0,0,0
2026-01-01 23:42:00,883,medium,client_1,server_1,router_1,2,client-router-server,4.09,0.85,32,47.38,62.91,62.66,68.97,5.85,4.09,1.45,3372,3324,48,35,56.44,normal,0,0,0
2026-01-01 23:43:00,884,medium,client_3,server_1,router_1,2,client-router-server,5.06,1.32,21,52.05,49.78,30.1,65.0,6.61,5.06,0.01,3192,3191,1,0,38.54,normal,0,0,0
2026-01-01 23:44:00,885,medium,client_3,server_1,router_1,2,client-router-server,4.27,0.83,23,76.69,98.72,100.0,86.1,9.93,4.27,5.33,5275,4994,281,275,58.99,normal,0,0,1
2026-01-01 23:45:00,886,medium,client_3,server_1,router_1,2,client-router-server,4.34,0.84,32,61.91,83.01,43.26,56.74,10.0,4.34,3.47,3695,3567,128,69,45.01,normal,0,0,0
2026-01-01 23:46:00,887,medium,client_3,server_1,router_1,2,client-router-server,5.65,1.04,27,84.22,100.0,52.79,129.36,6.62,5.65,2.9,4189,4068,121,110,23.5,normal,0,0,1
2026-01-01 23:47:00,888,medium,client_2,server_1,router_1,2,client-router-server,6.07,1.06,23,65.72,61.21,63.74,57.98,5.38,6.07,1.24,5755,5684,71,12,55.74,normal,0,0,0
2026-01-01 23:48:00,889,medium,client_3,server_1,router_1,2,client-router-server,5.44,1.05,20,42.0,53.01,38.15,62.02,4.69,5.44,0.22,2323,2318,5,0,54.38,normal,0,0,0
2026-01-01 23:49:00,890,medium,client_3,server_1,router_1,2,client-router-server,5.44,0.88,27,69.63,60.12,68.91,72.58,6.74,5.44,0.47,3524,3508,16,2,11.53,normal,0,0,0
2026-01-01 23:50:00,891,medium,client_2,server_1,router_1,2,client-router-server,4.8,1.11,27,94.75,100.0,57.73,71.72,8.16,4.8,2.22,5532,5410,122,18,51.26,normal,0,0,1
2026-01-01 23:51:00,892,medium,client_1,server_1,router_1,2,client-router-server,5.31,0.9,22,83.71,100.0,85.62,130.95,7.62,5.31,4.53,4312,4117,195,6,40.1,normal,0,0,1
2026-01-01 23:52:00,893,medium,client_3,server_1,router_1,2,client-router-server,5.7,0.96,31,46.08,52.57,33.4,63.96,4.99,5.7,0.13,2664,2661,3,0,34.13,normal,0,0,0
2026-01-01 23:53:00,894,medium,client_2,server_1,router_1,2,client-router-server,4.84,1.01,27,21.63,24.53,16.65,32.54,8.08,4.84,0.01,1484,1483,1,1,6.99,normal,0,0,0
2026-01-01 23:54:00,895,medium,client_2,server_1,router_1,2,client-router-server,6.24,1.09,20,31.17,16.0,12.74,29.8,2.34,6.24,0.01,4367,4366,1,0,14.71,normal,0,0,0
2026-01-01 23:55:00,896,medium,client_3,server_1,router_1,2,client-router-server,4.88,1.15,25,76.19,59.71,41.03,83.67,9.24,4.88,0.94,4070,4032,38,7,48.83,normal,0,0,1
2026-01-01 23:56:00,897,medium,client_3,server_1,router_1,2,client-router-server,4.77,1.04,27,71.72,94.66,68.65,79.87,10.1,4.77,4.96,5589,5312,277,124,57.51,normal,0,0,1
2026-01-01 23:57:00,898,medium,client_1,server_1,router_1,2,client-router-server,6.18,1.2,20,82.96,80.27,48.16,88.13,10.57,6.18,2.8,1986,1931,55,35,22.81,normal,0,0,1
2026-01-01 23:58:00,899,medium,client_1,server_1,router_1,2,client-router-server,6.07,0.99,32,67.64,64.66,43.97,88.25,4.86,6.07,1.49,1990,1961,29,6,54.52,normal,0,0,1
2026-01-01 23:59:00,900,medium,client_2,server_1,router_1,2,client-router-server,4.95,1.22,33,57.07,80.69,65.07,111.24,11.57,4.95,2.87,1840,1788,52,28,28.65,normal,0,0,1
2026-01-02 00:00:00,901,medium,client_2,server_1,router_1,2,client-router-server,4.49,0.99,20,50.78,79.15,64.98,86.21,6.95,4.49,1.65,1824,1794,30,15,54.96,normal,0,0,1
2026-01-02 00:01:00,902,medium,client_2,server_1,router_1,2,client-router-server,5.96,1.4,22,89.97,47.38,48.17,48.93,9.73,5.96,0.01,1546,1545,1,1,33.07,normal,0,0,0
2026-01-02 00:02:00,903,medium,client_2,server_1,router_1,2,client-router-server,5.82,0.78,27,29.46,22.96,18.99,37.31,3.46,5.82,0.01,1175,1174,1,1,43.15,normal,0,0,0
2026-01-02 00:03:00,904,medium,client_3,server_1,router_1,2,client-router-server,5.78,1.17,32,72.72,57.52,31.36,49.64,10.07,5.78,0.54,2106,2095,11,2,48.61,normal,0,0,0
2026-01-02 00:04:00,905,medium,client_3,server_1,router_1,2,client-router-server,6.18,0.86,26,48.79,32.73,16.46,31.75,6.64,6.18,0.01,4374,4373,1,1,17.17,normal,0,0,0
2026-01-02 00:05:00,906,medium,client_1,server_1,router_1,2,client-router-server,4.92,0.96,28,75.91,87.36,66.04,112.54,9.49,4.92,1.23,2837,2803,34,11,11.37,normal,0,0,1
2026-01-02 00:06:00,907,medium,client_2,server_1,router_1,2,client-router-server,5.38,0.71,33,61.84,52.18,39.13,69.09,3.32,5.38,0.09,3849,3846,3,2,59.0,normal,0,0,0
2026-01-02 00:07:00,908,medium,client_1,server_1,router_1,2,client-router-server,4.75,1.35,29,90.97,95.2,100.0,87.36,4.88,4.75,5.13,5474,5194,280,222,41.07,normal,0,0,1
2026-01-02 00:08:00,909,medium,client_2,server_1,router_1,2,client-router-server,4.75,0.95,28,49.79,44.6,23.08,44.41,4.98,4.75,0.01,5811,5810,1,1,43.21,normal,0,0,0
2026-01-02 00:09:00,910,medium,client_3,server_1,router_1,2,client-router-server,5.22,1.14,23,55.6,41.24,44.73,40.43,8.1,5.22,0.01,3738,3737,1,0,41.8,normal,0,0,0
2026-01-02 00:10:00,911,medium,client_2,server_1,router_1,2,client-router-server,6.09,0.81,26,71.58,54.86,30.85,48.76,5.79,6.09,0.56,4535,4510,25,24,23.45,normal,0,0,0
2026-01-02 00:11:00,912,medium,client_1,server_1,router_1,2,client-router-server,6.01,1.01,22,83.51,84.69,44.66,92.91,8.39,6.01,1.38,1885,1859,26,5,37.06,normal,0,0,1
2026-01-02 00:12:00,913,medium,client_3,server_1,router_1,2,client-router-server,5.85,0.98,28,60.14,55.56,65.41,55.07,7.88,5.85,0.32,1978,1972,6,6,12.47,normal,0,0,0
2026-01-02 00:13:00,914,medium,client_1,server_1,router_1,2,client-router-server,3.77,0.89,27,76.56,62.08,68.05,62.51,8.24,3.77,1.31,5160,5093,67,5,35.06,normal,0,0,0
2026-01-02 00:14:00,915,medium,client_1,server_1,router_1,2,client-router-server,4.6,1.06,23,41.2,28.06,30.51,29.53,6.69,4.6,0.01,2813,2812,1,1,57.65,normal,0,0,0
2026-01-02 00:15:00,916,medium,client_3,server_1,router_1,2,client-router-server,3.85,0.75,26,80.78,78.42,45.01,63.32,4.98,3.85,1.91,1180,1158,22,4,57.84,normal,0,0,0
2026-01-02 00:16:00,917,medium,client_2,server_1,router_1,2,client-router-server,5.69,1.27,26,92.21,57.96,33.64,68.54,8.43,5.69,0.61,2300,2286,14,0,30.14,normal,0,0,0
2026-01-02 00:17:00,918,medium,client_3,server_1,router_1,2,client-router-server,4.41,1.29,28,81.77,100.0,100.0,111.92,11.26,4.41,5.38,3004,2843,161,57,9.35,normal,0,0,1
2026-01-02 00:18:00,919,medium,client_3,server_1,router_1,2,client-router-server,4.63,1.39,26,47.71,60.4,67.06,79.66,6.72,4.63,1.12,1790,1770,20,6,6.25,normal,0,0,0
2026-01-02 00:19:00,920,medium,client_3,server_1,router_1,2,client-router-server,6.07,1.32,25,83.7,72.8,74.81,68.9,4.34,6.07,0.76,5616,5574,42,20,15.45,normal,0,0,0
2026-01-02 00:20:00,921,medium,client_1,server_1,router_1,2,client-router-server,4.12,1.1,33,36.96,36.64,36.98,57.24,9.0,4.12,0.01,1808,1807,1,0,41.82,normal,0,0,0
2026-01-02 00:21:00,922,medium,client_2,server_1,router_1,2,client-router-server,4.05,1.27,27,38.85,57.4,56.34,78.59,4.39,4.05,0.81,2796,2774,22,11,19.92,normal,0,0,0
2026-01-02 00:22:00,923,medium,client_2,server_1,router_1,2,client-router-server,5.04,1.34,33,30.56,26.75,23.59,34.97,5.69,5.04,0.01,2606,2605,1,0,25.38,normal,0,0,0
2026-01-02 00:23:00,924,medium,client_2,server_1,router_1,2,client-router-server,5.47,1.13,32,30.66,19.93,15.75,24.41,7.6,5.47,0.01,5361,5360,1,0,38.72,normal,0,0,0
2026-01-02 00:24:00,925,medium,client_2,server_1,router_1,2,client-router-server,5.15,1.02,25,67.61,78.68,91.72,68.68,13.69,5.15,3.05,5210,5052,158,4,9.84,normal,0,0,0
2026-01-02 00:25:00,926,medium,client_1,server_1,router_1,2,client-router-server,5.16,1.4,30,92.99,80.22,91.44,67.87,8.96,5.16,1.69,3988,3921,67,27,20.27,normal,0,0,0
2026-01-02 00:26:00,927,medium,client_3,server_1,router_1,2,client-router-server,3.83,0.73,24,72.24,72.95,84.98,93.76,5.64,3.83,2.42,4839,4722,117,109,36.52,normal,0,0,1
2026-01-02 00:27:00,928,medium,client_2,server_1,router_1,2,client-router-server,4.39,0.88,26,67.98,76.32,72.07,95.07,7.96,4.39,2.36,1012,989,23,17,17.68,normal,0,0,1
2026-01-02 00:28:00,929,medium,client_3,server_1,router_1,2,client-router-server,3.79,0.85,27,83.46,73.54,64.89,76.53,8.54,3.79,1.44,3314,3267,47,9,12.33,normal,0,0,0
2026-01-02 00:29:00,930,medium,client_1,server_1,router_1,2,client-router-server,4.65,1.06,29,29.73,38.72,32.29,52.82,5.55,4.65,0.01,2350,2349,1,0,41.21,normal,0,0,0
2026-01-02 00:30:00,931,medium,client_2,server_1,router_1,2,client-router-server,4.45,1.05,22,26.99,25.69,30.74,30.51,4.98,4.45,0.01,5376,5375,1,1,34.81,normal,0,0,0
2026-01-02 00:31:00,932,medium,client_2,server_1,router_1,2,client-router-server,5.62,1.23,22,80.85,81.55,67.16,107.44,11.34,5.62,3.14,5120,4960,160,152,22.11,normal,0,0,1
2026-01-02 00:32:00,933,medium,client_1,server_1,router_1,2,client-router-server,5.82,1.3,26,63.22,62.24,38.86,57.5,5.55,5.82,0.53,3598,3579,19,9,27.4,normal,0,0,0
2026-01-02 00:33:00,934,medium,client_3,server_1,router_1,2,client-router-server,6.13,0.99,30,72.81,55.18,65.72,70.12,8.41,6.13,0.4,5233,5213,20,13,16.84,normal,0,0,0
2026-01-02 00:34:00,935,medium,client_1,server_1,router_1,2,client-router-server,5.3,1.37,33,36.86,28.95,27.39,46.88,6.9,5.3,0.01,3746,3745,1,1,14.51,normal,0,0,0
2026-01-02 00:35:00,936,medium,client_2,server_1,router_1,2,client-router-server,4.9,1.09,30,23.87,24.25,21.82,26.4,6.94,4.9,0.01,3892,3891,1,1,47.12,normal,0,0,0
2026-01-02 00:36:00,937,medium,client_3,server_1,router_1,2,client-router-server,5.52,0.88,27,70.92,67.01,63.13,87.43,7.98,5.52,1.35,1190,1174,16,0,10.36,normal,0,0,1
2026-01-02 00:37:00,938,medium,client_3,server_1,router_1,2,client-router-server,3.89,1.14,33,50.58,48.48,27.15,51.4,6.39,3.89,0.01,1350,1349,1,1,29.49,normal,0,0,0
2026-01-02 00:38:00,939,medium,client_3,server_1,router_1,2,client-router-server,3.75,1.19,32,21.05,22.79,26.39,32.61,5.09,3.75,0.01,3400,3399,1,1,28.29,normal,0,0,0
2026-01-02 00:39:00,940,medium,client_1,server_1,router_1,2,client-router-server,5.88,1.36,29,42.31,48.93,36.29,52.47,6.54,5.88,0.01,2778,2777,1,1,16.31,normal,0,0,0
2026-01-02 00:40:00,941,medium,client_2,server_1,router_1,2,client-router-server,5.44,0.93,23,90.84,95.51,81.03,78.63,13.74,5.44,1.9,3742,3671,71,68,51.98,normal,0,0,1
2026-01-02 00:41:00,942,medium,client_1,server_1,router_1,2,client-router-server,5.37,0.99,30,25.22,22.31,12.59,21.46,7.93,5.37,0.01,5177,5176,1,0,57.56,normal,0,0,0
2026-01-02 00:42:00,943,medium,client_3,server_1,router_1,2,client-router-server,4.41,1.36,29,64.72,67.18,75.32,97.99,8.58,4.41,1.55,1738,1712,26,14,11.58,normal,0,0,1
2026-01-02 00:43:00,944,medium,client_2,server_1,router_1,2,client-router-server,5.0,1.32,32,37.27,46.5,48.72,62.28,4.43,5.0,0.01,5692,5691,1,1,44.33,normal,0,0,0
2026-01-02 00:44:00,945,medium,client_2,server_1,router_1,2,client-router-server,4.7,0.91,28,53.41,43.5,43.96,50.64,6.04,4.7,0.01,5281,5280,1,0,40.89,normal,0,0,0
2026-01-02 00:45:00,946,medium,client_2,server_1,router_1,2,client-router-server,4.79,0.87,33,48.95,58.39,67.6,54.37,5.73,4.79,0.78,2676,2656,20,12,41.86,normal,0,0,0
2026-01-02 00:46:00,947,medium,client_3,server_1,router_1,2,client-router-server,4.85,0.98,26,33.2,31.34,22.21,31.87,7.77,4.85,0.01,3759,3758,1,1,53.88,normal,0,0,0
2026-01-02 00:47:00,948,medium,client_1,server_1,router_1,2,client-router-server,4.11,1.05,20,68.9,100.0,100.0,73.77,10.08,4.11,1.75,1454,1429,25,9,51.16,normal,0,0,1
2026-01-02 00:48:00,949,medium,client_1,server_1,router_1,2,client-router-server,5.91,1.04,23,75.57,76.91,85.49,94.89,8.79,5.91,2.43,4404,4297,107,46,56.21,normal,0,0,1
2026-01-02 00:49:00,950,medium,client_3,server_1,router_1,2,client-router-server,5.2,0.83,22,77.41,77.06,62.3,78.57,4.64,5.2,2.07,1302,1276,26,15,9.9,normal,0,0,0
2026-01-02 00:50:00,951,medium,client_3,server_1,router_1,2,client-router-server,6.08,1.28,29,48.81,34.54,34.29,35.1,8.44,6.08,0.01,3025,3024,1,0,47.68,normal,0,0,0
2026-01-02 00:51:00,952,medium,client_1,server_1,router_1,2,client-router-server,4.93,0.79,22,49.33,40.5,20.81,32.19,6.18,4.93,0.01,5093,5092,1,1,9.6,normal,0,0,0
2026-01-02 00:52:00,953,medium,client_3,server_1,router_1,2,client-router-server,5.31,0.81,21,59.47,50.37,50.66,52.73,5.16,5.31,0.03,3986,3985,1,1,35.69,normal,0,0,0
2026-01-02 00:53:00,954,medium,client_1,server_1,router_1,2,client-router-server,5.48,0.86,31,47.65,37.33,31.48,31.9,9.64,5.48,0.01,2211,2210,1,0,38.46,normal,0,0,0
2026-01-02 00:54:00,955,medium,client_1,server_1,router_1,2,client-router-server,4.85,1.16,25,91.29,100.0,57.27,112.29,9.17,4.85,4.19,4968,4760,208,40,27.58,normal,0,0,1
2026-01-02 00:55:00,956,medium,client_3,server_1,router_1,2,client-router-server,4.65,0.73,27,39.96,26.94,26.38,42.97,4.48,4.65,0.01,5510,5509,1,1,44.93,normal,0,0,0
2026-01-02 00:56:00,957,medium,client_3,server_1,router_1,2,client-router-server,4.76,0.7,20,90.1,80.29,92.73,80.37,6.05,4.76,2.39,3621,3535,86,67,5.58,normal,0,0,1
2026-01-02 00:57:00,958,medium,client_3,server_1,router_1,2,client-router-server,4.97,1.28,28,86.72,86.67,100.0,80.06,8.84,4.97,2.57,5489,5348,141,109,25.73,normal,0,0,1
2026-01-02 00:58:00,959,medium,client_3,server_1,router_1,2,client-router-server,6.09,1.31,24,49.15,31.76,34.05,39.36,7.62,6.09,0.01,5728,5727,1,0,13.59,normal,0,0,0
2026-01-02 00:59:00,960,medium,client_3,server_1,router_1,2,client-router-server,4.04,1.37,26,88.99,100.0,74.14,77.52,7.63,4.04,5.49,3361,3177,184,80,7.77,normal,0,0,1
2026-01-02 01:00:00,961,medium,client_1,server_1,router_1,2,client-router-server,5.33,1.36,29,41.73,31.4,18.57,35.43,7.63,5.33,0.01,5875,5874,1,0,19.83,normal,0,0,0
2026-01-02 01:01:00,962,medium,client_2,server_1,router_1,2,client-router-server,4.69,0.96,27,37.72,42.53,43.63,63.6,7.46,4.69,0.01,4970,4969,1,0,26.39,normal,0,0,0
2026-01-02 01:02:00,963,medium,client_3,server_1,router_1,2,client-router-server,5.06,1.13,27,68.42,84.17,71.9,93.14,12.0,5.06,3.71,3004,2893,111,14,48.99,normal,0,0,1
2026-01-02 01:03:00,964,medium,client_2,server_1,router_1,2,client-router-server,5.25,1.15,24,39.8,34.58,39.53,37.62,6.02,5.25,0.01,4959,4958,1,1,18.04,normal,0,0,0
2026-01-02 01:04:00,965,medium,client_1,server_1,router_1,2,client-router-server,4.89,1.04,22,36.67,33.57,37.99,32.73,8.92,4.89,0.01,5252,5251,1,1,23.27,normal,0,0,0
2026-01-02 01:05:00,966,medium,client_3,server_1,router_1,2,client-router-server,5.58,0.93,28,83.63,93.76,49.54,108.54,11.12,5.58,1.36,1928,1902,26,14,17.66,normal,0,0,1
2026-01-02 01:06:00,967,medium,client_2,server_1,router_1,2,client-router-server,3.92,0.87,24,22.43,22.3,15.88,24.98,5.46,3.92,0.01,2103,2102,1,0,38.55,normal,0,0,0
2026-01-02 01:07:00,968,medium,client_1,server_1,router_1,2,client-router-server,4.34,0.98,32,93.43,96.6,100.0,127.93,10.99,4.34,2.71,5794,5637,157,138,6.11,normal,0,0,1
2026-01-02 01:08:00,969,medium,client_1,server_1,router_1,2,client-router-server,5.24,1.25,28,33.94,43.17,37.46,51.69,8.05,5.24,0.01,5522,5521,1,0,47.8,normal,0,0,0
2026-01-02 01:09:00,970,medium,client_1,server_1,router_1,2,client-router-server,3.87,1.16,27,83.9,100.0,81.9,107.05,13.04,3.87,5.4,4374,4138,236,6,36.31,normal,0,0,1
2026-01-02 01:10:00,971,medium,client_2,server_1,router_1,2,client-router-server,6.19,1.36,28,80.78,80.44,82.68,97.35,9.46,6.19,2.73,2150,2092,58,38,26.99,normal,0,0,1
2026-01-02 01:11:00,972,medium,client_3,server_1,router_1,2,client-router-server,3.79,0.71,32,75.53,94.98,62.87,72.66,11.85,3.79,1.95,3831,3757,74,37,26.22,normal,0,0,1
2026-01-02 01:12:00,973,medium,client_3,server_1,router_1,2,client-router-server,4.81,1.15,24,70.3,50.92,41.81,50.12,8.67,4.81,0.11,4623,4618,5,1,20.29,normal,0,0,0
2026-01-02 01:13:00,974,medium,client_3,server_1,router_1,2,client-router-server,5.87,0.7,21,73.75,65.49,63.49,93.92,8.2,5.87,1.15,2642,2612,30,22,35.28,normal,0,0,1
2026-01-02 01:14:00,975,medium,client_1,server_1,router_1,2,client-router-server,4.94,1.3,31,49.39,47.49,30.96,55.77,6.74,4.94,0.01,3860,3859,1,0,48.86,normal,0,0,0
2026-01-02 01:15:00,976,medium,client_2,server_1,router_1,2,client-router-server,5.7,1.1,29,51.16,46.12,33.31,52.79,7.95,5.7,0.01,5265,5264,1,1,17.34,normal,0,0,0
2026-01-02 01:16:00,977,medium,client_3,server_1,router_1,2,client-router-server,6.15,1.07,32,31.67,27.26,19.55,29.06,2.66,6.15,0.01,2574,2573,1,0,50.59,normal,0,0,0
2026-01-02 01:17:00,978,medium,client_3,server_1,router_1,2,client-router-server,5.46,1.17,23,22.5,20.64,24.45,29.29,8.59,5.46,0.01,2629,2628,1,1,28.41,normal,0,0,0
2026-01-02 01:18:00,979,medium,client_1,server_1,router_1,2,client-router-server,6.09,1.16,26,55.61,48.0,39.08,45.2,10.64,6.09,0.01,3608,3607,1,1,31.48,normal,0,0,0
2026-01-02 01:19:00,980,medium,client_2,server_1,router_1,2,client-router-server,5.47,0.94,20,42.02,47.72,41.67,57.96,5.65,5.47,0.01,3665,3664,1,1,13.32,normal,0,0,0
2026-01-02 01:20:00,981,medium,client_3,server_1,router_1,2,client-router-server,5.32,0.78,24,76.71,45.94,23.65,42.37,4.9,5.32,0.01,4824,4823,1,1,36.89,normal,0,0,0
2026-01-02 01:21:00,982,medium,client_2,server_1,router_1,2,client-router-server,5.67,1.16,20,59.22,65.68,36.79,72.83,10.54,5.67,0.6,1136,1130,6,5,20.15,normal,0,0,0
2026-01-02 01:22:00,983,medium,client_2,server_1,router_1,2,client-router-server,4.53,0.97,20,23.16,26.63,13.95,35.39,5.85,4.53,0.01,5675,5674,1,0,55.98,normal,0,0,0
2026-01-02 01:23:00,984,medium,client_3,server_1,router_1,2,client-router-server,4.84,0.98,32,43.08,39.1,38.6,57.87,9.77,4.84,0.01,4225,4224,1,0,35.93,normal,0,0,0
2026-01-02 01:24:00,985,medium,client_2,server_1,router_1,2,client-router-server,4.56,0.88,22,85.31,94.29,96.24,98.94,7.8,4.56,2.72,3431,3338,93,82,41.73,normal,0,0,1
2026-01-02 01:25:00,986,medium,client_3,server_1,router_1,2,client-router-server,5.82,1.38,30,85.4,67.91,67.34,82.54,2.77,5.82,0.59,5847,5813,34,1,20.03,normal,0,0,1
2026-01-02 01:26:00,987,medium,client_3,server_1,router_1,2,client-router-server,5.59,1.36,28,85.08,75.85,46.72,66.47,7.76,5.59,1.65,1417,1394,23,18,36.88,normal,0,0,0
2026-01-02 01:27:00,988,medium,client_1,server_1,router_1,2,client-router-server,5.22,0.91,21,57.34,75.51,84.67,108.39,13.35,5.22,1.0,2882,2854,28,27,39.47,normal,0,0,1
2026-01-02 01:28:00,989,medium,client_3,server_1,router_1,2,client-router-server,4.66,0.78,21,70.95,51.84,35.08,47.23,7.99,4.66,0.12,2268,2266,2,1,17.05,normal,0,0,0
2026-01-02 01:29:00,990,medium,client_2,server_1,router_1,2,client-router-server,4.18,0.73,26,64.51,99.82,100.0,135.9,12.64,4.18,5.04,3531,3354,177,125,20.41,normal,0,0,1
2026-01-02 01:30:00,991,medium,client_1,server_1,router_1,2,client-router-server,5.71,1.36,30,62.31,37.96,42.99,51.11,3.15,5.71,0.01,1301,1300,1,1,14.49,normal,0,0,0
2026-01-02 01:31:00,992,medium,client_1,server_1,router_1,2,client-router-server,4.87,1.22,24,82.57,100.0,73.31,124.03,5.47,4.87,2.33,3826,3737,89,87,41.28,normal,0,0,1
2026-01-02 01:32:00,993,medium,client_1,server_1,router_1,2,client-router-server,5.24,1.05,29,87.72,99.0,75.08,70.6,11.1,5.24,5.37,4792,4535,257,22,18.99,normal,0,0,1
2026-01-02 01:33:00,994,medium,client_2,server_1,router_1,2,client-router-server,5.12,1.04,22,21.57,15.88,10.68,22.85,3.75,5.12,0.01,4415,4414,1,0,43.78,normal,0,0,0
2026-01-02 01:34:00,995,medium,client_3,server_1,router_1,2,client-router-server,5.86,1.09,30,29.08,32.62,16.39,30.22,6.88,5.86,0.01,3893,3892,1,1,26.2,normal,0,0,0
2026-01-02 01:35:00,996,medium,client_1,server_1,router_1,2,client-router-server,5.83,1.31,33,90.85,59.7,40.54,47.12,8.24,5.83,1.03,3880,3841,39,17,56.14,normal,0,0,0
2026-01-02 01:36:00,997,medium,client_3,server_1,router_1,2,client-router-server,4.6,0.81,25,77.95,75.77,85.76,84.16,7.06,4.6,2.27,2408,2354,54,44,5.73,normal,0,0,1
2026-01-02 01:37:00,998,medium,client_1,server_1,router_1,2,client-router-server,3.83,0.87,22,49.35,72.88,69.94,63.95,6.62,3.83,2.3,4849,4738,111,20,29.82,normal,0,0,0
2026-01-02 01:38:00,999,medium,client_2,server_1,router_1,2,client-router-server,4.82,1.01,22,53.66,46.38,51.83,49.82,6.89,4.82,0.01,3399,3398,1,1,34.56,normal,0,0,0
2026-01-02 01:39:00,1000,medium,client_3,server_1,router_1,2,client-router-server,4.13,1.28,27,76.44,98.11,67.49,104.67,9.66,4.13,3.56,5054,4875,179,40,59.35,normal,0,0,1
2026-01-02 01:40:00,1001,medium,client_2,server_1,router_1,2,client-router-server,5.26,0.98,26,75.2,93.02,100.0,88.72,8.05,5.26,2.99,2529,2454,75,4,15.53,link_degradation,0,1,1
2026-01-02 01:41:00,1002,medium,client_3,server_1,router_1,2,client-router-server,4.96,1.17,31,101.76,100.0,73.91,85.95,12.73,4.96,3.9,1834,1763,71,40,48.75,link_degradation,0,1,1
2026-01-02 01:42:00,1003,medium,client_3,server_1,router_1,2,client-router-server,4.76,1.22,21,75.93,82.35,41.83,65.69,3.88,4.76,1.32,5102,5035,67,67,51.01,link_degradation,0,1,0
2026-01-02 01:43:00,1004,medium,client_3,server_1,router_1,2,client-router-server,3.93,1.3,30,111.15,100.0,100.0,116.77,7.59,3.93,5.59,3015,2847,168,66,49.5,link_degradation,0,1,1
2026-01-02 01:44:00,1005,medium,client_3,server_1,router_1,2,client-router-server,5.69,1.16,32,34.23,18.34,14.57,22.6,6.77,5.69,0.01,2156,2155,1,1,55.21,link_degradation,0,0,0
2026-01-02 01:45:00,1006,medium,client_1,server_1,router_1,2,client-router-server,5.35,1.25,24,110.13,72.61,83.73,104.54,6.59,5.35,2.7,4491,4370,121,82,10.46,link_degradation,0,0,1
2026-01-02 01:46:00,1007,medium,client_1,server_1,router_1,2,client-router-server,3.91,1.13,25,30.2,39.53,20.68,38.89,6.61,3.91,0.01,1144,1143,1,1,12.48,link_degradation,0,0,0
2026-01-02 01:47:00,1008,medium,client_3,server_1,router_1,2,client-router-server,4.94,1.09,21,29.62,26.47,29.3,34.28,5.78,4.94,0.01,4430,4429,1,0,46.95,link_degradation,0,0,0
2026-01-02 01:48:00,1009,medium,client_3,server_1,router_1,2,client-router-server,6.13,1.12,22,37.09,29.55,18.83,36.46,8.55,6.13,0.01,1146,1145,1,0,39.05,link_degradation,0,0,0
2026-01-02 01:49:00,1010,medium,client_1,server_1,router_1,2,client-router-server,5.73,0.93,20,115.06,100.0,62.4,118.21,10.17,5.73,5.93,5034,4736,298,146,33.25,link_degradation,0,1,1
2026-01-02 01:50:00,1011,medium,client_3,server_1,router_1,2,client-router-server,5.86,0.82,27,86.81,80.95,44.05,60.72,4.79,5.86,1.85,5882,5774,108,100,50.44,link_degradation,0,1,0
2026-01-02 01:51:00,1012,medium,client_3,server_1,router_1,2,client-router-server,5.68,0.96,27,91.39,64.74,37.45,70.24,9.24,5.68,1.35,3422,3376,46,31,47.4,link_degradation,0,0,0
2026-01-02 01:52:00,1013,medium,client_1,server_1,router_1,2,client-router-server,5.72,0.99,30,34.32,26.66,18.34,34.52,3.24,5.72,0.01,3208,3207,1,1,16.92,link_degradation,0,0,0
2026-01-02 01:53:00,1014,medium,client_3,server_1,router_1,2,client-router-server,4.63,1.22,33,77.02,100.0,95.47,114.48,10.47,4.63,3.95,3956,3800,156,9,5.75,link_degradation,0,1,1
2026-01-02 01:54:00,1015,medium,client_3,server_1,router_1,2,client-router-server,3.89,0.84,27,120.51,100.0,81.07,76.35,7.88,3.89,2.52,5813,5667,146,128,5.13,link_degradation,0,1,1
2026-01-02 01:55:00,1016,medium,client_1,server_1,router_1,2,client-router-server,4.8,1.29,21,104.6,100.0,51.29,63.67,5.37,4.8,5.49,2710,2562,148,83,15.21,link_degradation,0,1,1
2026-01-02 01:56:00,1017,medium,client_2,server_1,router_1,2,client-router-server,4.71,0.77,22,122.16,100.0,64.49,132.18,8.99,4.71,3.24,2857,2765,92,29,11.43,link_degradation,0,1,1
2026-01-02 01:57:00,1018,medium,client_1,server_1,router_1,2,client-router-server,3.77,1.12,28,118.96,100.0,98.38,78.15,10.33,3.77,3.59,1378,1329,49,21,46.93,link_degradation,0,1,1
2026-01-02 01:58:00,1019,medium,client_3,server_1,router_1,2,client-router-server,5.25,1.4,29,61.29,68.17,34.36,83.75,9.75,5.25,1.27,3933,3884,49,10,49.14,link_degradation,0,0,1
2026-01-02 01:59:00,1020,medium,client_2,server_1,router_1,2,client-router-server,4.83,0.77,29,61.99,57.06,39.06,50.21,9.27,4.83,0.33,5319,5302,17,12,31.34,link_degradation,0,0,0
2026-01-02 02:00:00,1021,medium,client_2,server_1,router_1,2,client-router-server,4.17,1.05,26,57.84,73.85,86.91,75.86,7.56,4.17,0.89,1359,1347,12,5,30.9,link_degradation,0,0,0
2026-01-02 02:01:00,1022,medium,client_1,server_1,router_1,2,client-router-server,5.46,1.07,22,38.53,47.42,51.83,55.71,9.68,5.46,0.01,3587,3586,1,1,56.91,link_degradation,0,0,0
2026-01-02 02:02:00,1023,medium,client_3,server_1,router_1,2,client-router-server,5.54,1.21,33,116.14,96.52,97.49,126.34,9.24,5.54,2.72,1766,1718,48,4,19.19,link_degradation,0,1,1
2026-01-02 02:03:00,1024,medium,client_1,server_1,router_1,2,client-router-server,4.53,1.32,22,54.54,53.66,38.3,54.77,6.54,4.53,0.42,4849,4829,20,8,10.08,link_degradation,0,0,0
2026-01-02 02:04:00,1025,medium,client_1,server_1,router_1,2,client-router-server,4.53,0.76,30,65.96,98.66,94.54,105.86,11.12,4.53,2.3,2001,1955,46,41,58.93,link_degradation,0,1,1
2026-01-02 02:05:00,1026,medium,client_2,server_1,router_1,2,client-router-server,3.82,1.14,26,112.09,100.0,95.52,71.68,4.48,3.82,2.46,1741,1699,42,42,57.38,link_degradation,0,1,1
2026-01-02 02:06:00,1027,medium,client_3,server_1,router_1,2,client-router-server,4.36,1.25,21,70.37,68.94,62.8,67.4,9.32,4.36,0.62,3598,3576,22,9,52.07,link_degradation,0,0,0
2026-01-02 02:07:00,1028,medium,client_3,server_1,router_1,2,client-router-server,5.13,1.29,20,95.19,100.0,100.0,75.26,7.63,5.13,2.72,3481,3387,94,84,43.91,link_degradation,0,1,1
2026-01-02 02:08:00,1029,medium,client_1,server_1,router_1,2,client-router-server,5.94,1.32,24,111.66,100.0,100.0,80.11,12.54,5.94,2.07,1511,1480,31,27,54.2,link_degradation,0,1,1
2026-01-02 02:09:00,1030,medium,client_1,server_1,router_1,2,client-router-server,6.05,1.34,31,33.15,22.17,11.94,29.3,8.88,6.05,0.01,3768,3767,1,0,18.09,link_degradation,0,0,0
2026-01-02 02:10:00,1031,medium,client_2,server_1,router_1,2,client-router-server,5.63,0.72,26,57.06,42.02,28.57,38.06,8.57,5.63,0.01,5755,5754,1,1,5.53,link_degradation,0,0,0
2026-01-02 02:11:00,1032,medium,client_2,server_1,router_1,2,client-router-server,5.48,0.71,30,106.1,74.59,88.48,106.01,4.22,5.48,2.23,2983,2917,66,13,46.63,link_degradation,0,0,1
2026-01-02 02:12:00,1033,medium,client_2,server_1,router_1,2,client-router-server,5.35,0.89,28,84.37,81.09,73.27,95.94,8.51,5.35,1.08,5316,5259,57,14,59.12,link_degradation,0,1,1
2026-01-02 02:13:00,1034,medium,client_3,server_1,router_1,2,client-router-server,4.45,1.23,30,57.46,53.38,38.14,57.6,5.98,4.45,0.21,5986,5974,12,7,18.67,link_degradation,0,0,0
2026-01-02 02:14:00,1035,medium,client_2,server_1,router_1,2,client-router-server,5.68,0.7,20,35.14,22.43,26.15,37.34,3.07,5.68,0.01,3619,3618,1,0,18.98,link_degradation,0,0,0
2026-01-02 02:15:00,1036,medium,client_3,server_1,router_1,2,client-router-server,5.62,1.21,23,72.19,65.17,60.93,73.66,8.23,5.62,0.48,2385,2374,11,9,6.17,link_degradation,0,0,0
2026-01-02 02:16:00,1037,medium,client_3,server_1,router_1,2,client-router-server,6.05,1.0,25,29.17,17.42,9.53,22.13,6.87,6.05,0.01,2683,2682,1,0,20.84,link_degradation,0,0,0
2026-01-02 02:17:00,1038,medium,client_3,server_1,router_1,2,client-router-server,4.42,1.07,21,34.81,49.22,49.45,71.35,9.19,4.42,0.01,5200,5199,1,0,33.08,link_degradation,0,0,0
2026-01-02 02:18:00,1039,medium,client_3,server_1,router_1,2,client-router-server,5.75,1.32,31,89.97,52.51,30.77,72.45,9.25,5.75,0.21,5541,5530,11,2,47.82,link_degradation,0,0,0
2026-01-02 02:19:00,1040,medium,client_1,server_1,router_1,2,client-router-server,4.73,1.18,23,119.17,100.0,74.24,122.57,9.24,4.73,5.33,4513,4273,240,31,28.35,link_degradation,0,1,1
2026-01-02 02:20:00,1041,medium,client_3,server_1,router_1,2,client-router-server,4.22,1.34,21,119.4,100.0,84.78,116.54,5.53,4.22,4.43,5014,4792,222,220,18.99,link_degradation,0,1,1
2026-01-02 02:21:00,1042,medium,client_1,server_1,router_1,2,client-router-server,3.78,0.9,30,113.35,100.0,52.43,102.06,10.84,3.78,3.16,1536,1488,48,39,43.99,link_degradation,0,1,1
2026-01-02 02:22:00,1043,medium,client_2,server_1,router_1,2,client-router-server,6.24,1.29,20,121.31,68.89,80.7,91.97,7.56,6.24,1.66,5707,5613,94,46,24.74,link_degradation,0,0,1
2026-01-02 02:23:00,1044,medium,client_3,server_1,router_1,2,client-router-server,6.17,0.77,28,73.94,65.04,50.52,76.69,4.4,6.17,1.24,2822,2788,34,33,44.69,link_degradation,0,0,0
2026-01-02 02:24:00,1045,medium,client_3,server_1,router_1,2,client-router-server,4.12,1.36,32,114.19,100.0,57.26,107.63,8.89,4.12,2.43,4894,4776,118,42,15.32,link_degradation,0,1,1
2026-01-02 02:25:00,1046,medium,client_3,server_1,router_1,2,client-router-server,6.19,0.82,20,43.37,28.84,25.02,42.21,4.86,6.19,0.01,2033,2032,1,0,17.55,link_degradation,0,0,0
2026-01-02 02:26:00,1047,medium,client_1,server_1,router_1,2,client-router-server,5.63,0.71,28,73.2,85.11,93.8,91.07,13.16,5.63,3.33,5790,5598,192,26,18.67,link_degradation,0,1,1
2026-01-02 02:27:00,1048,medium,client_3,server_1,router_1,2,client-router-server,5.05,1.06,25,80.78,78.68,48.67,63.61,11.49,5.05,3.3,2151,2081,70,48,40.72,link_degradation,0,1,0
2026-01-02 02:28:00,1049,medium,client_3,server_1,router_1,2,client-router-server,4.68,1.01,32,84.12,98.83,54.57,91.52,8.38,4.68,4.1,3018,2895,123,69,5.17,link_degradation,0,1,1
2026-01-02 02:29:00,1050,medium,client_2,server_1,router_1,2,client-router-server,4.33,1.01,30,68.67,55.4,36.36,47.53,3.37,4.33,0.29,4000,3989,11,5,21.97,link_degradation,0,0,0
2026-01-02 02:30:00,1051,medium,client_2,server_1,router_1,2,client-router-server,6.05,1.27,20,27.51,19.5,22.63,29.41,8.44,6.05,0.01,2018,2017,1,0,41.73,link_degradation,0,0,0
2026-01-02 02:31:00,1052,medium,client_3,server_1,router_1,2,client-router-server,4.56,0.95,30,98.74,100.0,59.54,125.66,7.85,4.56,5.89,3790,3567,223,131,31.75,link_degradation,0,1,1
2026-01-02 02:32:00,1053,medium,client_2,server_1,router_1,2,client-router-server,4.49,0.74,21,122.73,100.0,100.0,136.3,4.71,4.49,4.97,4408,4189,219,174,54.04,link_degradation,0,1,1
2026-01-02 02:33:00,1054,medium,client_3,server_1,router_1,2,client-router-server,4.33,0.72,31,65.15,51.15,53.82,43.7,5.32,4.33,0.05,3722,3721,1,1,45.9,link_degradation,0,0,0
2026-01-02 02:34:00,1055,medium,client_1,server_1,router_1,2,client-router-server,4.23,0.77,27,46.04,62.48,41.32,64.81,4.54,4.23,1.24,5687,5617,70,27,6.51,link_degradation,0,0,0
2026-01-02 02:35:00,1056,medium,client_3,server_1,router_1,2,client-router-server,3.79,1.0,29,39.37,72.09,54.77,56.33,9.27,3.79,1.44,4676,4609,67,38,11.98,link_degradation,0,0,0
2026-01-02 02:36:00,1057,medium,client_2,server_1,router_1,2,client-router-server,5.72,1.36,27,49.77,37.28,38.68,57.31,8.87,5.72,0.01,2792,2791,1,1,49.39,link_degradation,0,0,0
2026-01-02 02:37:00,1058,medium,client_3,server_1,router_1,2,client-router-server,4.88,1.38,30,37.67,28.06,31.66,41.86,6.71,4.88,0.01,1185,1184,1,0,22.26,link_degradation,0,0,0
2026-01-02 02:38:00,1059,medium,client_2,server_1,router_1,2,client-router-server,5.17,1.19,20,115.74,100.0,100.0,129.49,11.58,5.17,5.7,3636,3429,207,111,22.97,link_degradation,0,1,1
2026-01-02 02:39:00,1060,medium,client_3,server_1,router_1,2,client-router-server,5.81,1.17,31,96.13,79.24,55.95,63.17,10.61,5.81,3.32,1695,1639,56,23,55.78,link_degradation,0,1,0
2026-01-02 02:40:00,1061,medium,client_2,server_1,router_1,2,client-router-server,5.16,0.75,27,103.76,74.34,43.26,68.87,7.39,5.16,2.34,1290,1260,30,29,58.95,link_degradation,0,0,0
2026-01-02 02:41:00,1062,medium,client_2,server_1,router_1,2,client-router-server,3.83,1.06,33,87.2,100.0,87.72,94.68,9.78,3.83,5.29,3226,3056,170,110,24.76,link_degradation,0,1,1
2026-01-02 02:42:00,1063,medium,client_1,server_1,router_1,2,client-router-server,3.84,0.95,20,27.32,29.68,23.41,44.2,4.18,3.84,0.01,5386,5385,1,1,24.31,link_degradation,0,0,0
2026-01-02 02:43:00,1064,medium,client_1,server_1,router_1,2,client-router-server,5.26,0.76,24,122.87,100.0,77.74,74.97,6.47,5.26,5.85,4854,4571,283,169,45.62,link_degradation,0,1,1
2026-01-02 02:44:00,1065,medium,client_3,server_1,router_1,2,client-router-server,5.73,0.94,21,42.64,33.76,21.06,43.26,3.46,5.73,0.01,1184,1183,1,1,18.21,link_degradation,0,0,0
2026-01-02 02:45:00,1066,medium,client_1,server_1,router_1,2,client-router-server,3.93,1.28,27,110.63,100.0,54.98,91.29,10.62,3.93,3.68,4172,4019,153,48,50.02,link_degradation,0,1,1
2026-01-02 02:46:00,1067,medium,client_1,server_1,router_1,2,client-router-server,4.32,0.88,30,29.89,43.53,43.11,39.74,6.31,4.32,0.01,4078,4077,1,0,27.73,link_degradation,0,0,0
2026-01-02 02:47:00,1068,medium,client_2,server_1,router_1,2,client-router-server,4.66,1.24,24,63.02,91.87,78.42,120.47,7.86,4.66,1.57,2867,2822,45,11,32.97,link_degradation,0,1,1
2026-01-02 02:48:00,1069,medium,client_1,server_1,router_1,2,client-router-server,4.86,1.22,33,103.91,75.0,86.94,93.24,6.67,4.86,2.35,2287,2234,53,49,36.81,link_degradation,0,0,1
2026-01-02 02:49:00,1070,medium,client_2,server_1,router_1,2,client-router-server,6.04,1.3,29,35.0,24.32,21.19,39.64,8.46,6.04,0.01,4149,4148,1,1,51.79,link_degradation,0,0,0
2026-01-02 02:50:00,1071,medium,client_2,server_1,router_1,2,client-router-server,5.2,1.15,26,48.88,52.43,36.83,65.55,9.21,5.2,0.08,2998,2996,2,1,26.85,link_degradation,0,0,0
2026-01-02 02:51:00,1072,medium,client_2,server_1,router_1,2,client-router-server,4.93,0.79,26,104.27,80.86,70.49,74.65,5.25,4.93,1.24,5407,5340,67,58,11.74,link_degradation,0,1,0
2026-01-02 02:52:00,1073,medium,client_3,server_1,router_1,2,client-router-server,5.77,0.88,29,69.52,56.99,56.19,60.0,4.63,5.77,0.58,3988,3965,23,5,25.93,link_degradation,0,0,0
2026-01-02 02:53:00,1074,medium,client_2,server_1,router_1,2,client-router-server,4.03,0.72,29,90.14,100.0,90.56,127.29,12.11,4.03,3.1,4665,4521,144,81,36.63,link_degradation,0,1,1
2026-01-02 02:54:00,1075,medium,client_2,server_1,router_1,2,client-router-server,4.28,1.34,33,89.63,100.0,91.38,115.24,12.77,4.28,4.48,4648,4440,208,122,58.13,link_degradation,0,1,1
2026-01-02 02:55:00,1076,medium,client_1,server_1,router_1,2,client-router-server,5.86,0.9,24,29.32,24.38,27.98,27.65,5.44,5.86,0.01,4018,4017,1,1,19.08,link_degradation,0,0,0
2026-01-02 02:56:00,1077,medium,client_3,server_1,router_1,2,client-router-server,5.95,0.95,33,102.46,73.75,78.81,62.09,7.99,5.95,1.76,3188,3132,56,47,35.23,link_degradation,0,0,0
2026-01-02 02:57:00,1078,medium,client_3,server_1,router_1,2,client-router-server,4.73,1.33,25,95.18,100.0,100.0,98.7,6.72,4.73,2.72,3735,3634,101,3,59.98,link_degradation,0,1,1
2026-01-02 02:58:00,1079,medium,client_1,server_1,router_1,2,client-router-server,4.93,1.2,32,26.96,32.46,19.2,41.03,6.8,4.93,0.01,5157,5156,1,1,8.31,link_degradation,0,0,0
2026-01-02 02:59:00,1080,medium,client_3,server_1,router_1,2,client-router-server,5.59,1.31,24,108.05,100.0,79.85,94.19,10.19,5.59,5.15,2535,2405,130,118,28.93,link_degradation,0,1,1
2026-01-02 03:00:00,1081,medium,client_2,server_1,router_1,2,client-router-server,5.25,1.03,28,42.82,51.35,61.19,49.84,4.72,5.25,0.1,1840,1839,1,1,24.52,link_degradation,0,0,0
2026-01-02 03:01:00,1082,medium,client_2,server_1,router_1,2,client-router-server,4.98,1.18,30,77.24,72.59,50.93,99.78,8.25,4.98,2.6,3733,3636,97,2,52.0,link_degradation,0,0,1
2026-01-02 03:02:00,1083,medium,client_1,server_1,router_1,2,client-router-server,4.0,1.07,25,85.22,100.0,74.41,107.8,9.59,4.0,3.79,4917,4731,186,171,7.53,link_degradation,0,1,1
2026-01-02 03:03:00,1084,medium,client_1,server_1,router_1,2,client-router-server,5.81,1.14,23,99.54,91.11,54.57,117.75,7.45,5.81,4.31,2438,2333,105,97,47.9,link_degradation,0,1,1
2026-01-02 03:04:00,1085,medium,client_1,server_1,router_1,2,client-router-server,5.43,1.39,28,26.37,26.98,30.63,38.5,3.49,5.43,0.01,3153,3152,1,0,18.6,link_degradation,0,0,0
2026-01-02 03:05:00,1086,medium,client_3,server_1,router_1,2,client-router-server,6.01,1.22,22,79.95,53.91,61.48,66.13,3.02,6.01,0.17,2888,2884,4,4,49.75,link_degradation,0,0,0
2026-01-02 03:06:00,1087,medium,client_1,server_1,router_1,2,client-router-server,4.83,1.32,25,84.77,83.03,75.21,67.22,11.3,4.83,3.45,2702,2609,93,92,31.49,link_degradation,0,1,0
2026-01-02 03:07:00,1088,medium,client_3,server_1,router_1,2,client-router-server,4.15,1.27,31,112.3,100.0,76.94,98.57,8.19,4.15,3.97,1439,1382,57,47,18.4,link_degradation,0,1,1
2026-01-02 03:08:00,1089,medium,client_3,server_1,router_1,2,client-router-server,4.09,1.0,22,111.23,100.0,100.0,110.28,11.1,4.09,3.11,3703,3588,115,45,15.88,link_degradation,0,1,1
2026-01-02 03:09:00,1090,medium,client_3,server_1,router_1,2,client-router-server,5.39,1.32,29,40.2,31.48,32.8,40.41,6.74,5.39,0.01,4992,4991,1,0,45.36,link_degradation,0,0,0
2026-01-02 03:10:00,1091,medium,client_3,server_1,router_1,2,client-router-server,3.95,0.91,29,107.13,99.97,86.83,97.88,7.08,3.95,2.66,4142,4032,110,78,9.59,link_degradation,0,1,1
2026-01-02 03:11:00,1092,medium,client_2,server_1,router_1,2,client-router-server,4.16,1.06,26,94.73,100.0,93.43,124.29,10.2,4.16,2.77,4981,4844,137,56,9.09,link_degradation,0,1,1
2026-01-02 03:12:00,1093,medium,client_1,server_1,router_1,2,client-router-server,5.51,1.35,20,53.85,29.63,31.53,39.91,3.91,5.51,0.01,3035,3034,1,1,8.09,link_degradation,0,0,0
2026-01-02 03:13:00,1094,medium,client_2,server_1,router_1,2,client-router-server,4.48,1.2,25,68.69,70.26,74.49,68.63,3.84,4.48,0.99,1650,1634,16,0,53.52,link_degradation,0,0,0
2026-01-02 03:14:00,1095,medium,client_3,server_1,router_1,2,client-router-server,4.31,0.76,24,62.01,93.53,99.97,98.65,11.79,4.31,4.11,4777,4581,196,70,36.2,link_degradation,0,1,1
2026-01-02 03:15:00,1096,medium,client_2,server_1,router_1,2,client-router-server,5.0,1.12,25,66.45,52.27,32.9,41.28,11.71,5.0,0.24,4712,4701,11,3,17.98,link_degradation,0,0,0
2026-01-02 03:16:00,1097,medium,client_3,server_1,router_1,2,client-router-server,5.94,1.17,30,30.32,17.31,19.33,24.3,2.71,5.94,0.01,2294,2293,1,0,57.21,link_degradation,0,0,0
2026-01-02 03:17:00,1098,medium,client_2,server_1,router_1,2,client-router-server,4.27,1.08,20,121.83,100.0,68.89,112.25,8.4,4.27,2.27,1696,1658,38,17,18.73,link_degradation,0,1,1
2026-01-02 03:18:00,1099,medium,client_1,server_1,router_1,2,client-router-server,3.91,1.1,33,52.98,70.84,77.74,103.17,3.93,3.91,0.72,2985,2964,21,2,43.93,link_degradation,0,0,1
2026-01-02 03:19:00,1100,medium,client_2,server_1,router_1,2,client-router-server,6.05,1.12,29,120.28,100.0,54.07,128.3,9.98,6.05,2.36,3244,3168,76,63,59.82,link_degradation,0,1,1
2026-01-02 03:20:00,1101,medium,client_2,server_1,router_1,2,client-router-server,5.01,1.31,20,108.62,100.0,76.32,87.44,10.47,5.01,2.26,3137,3067,70,7,26.27,link_degradation,0,1,1
2026-01-02 03:21:00,1102,medium,client_3,server_1,router_1,2,client-router-server,4.02,1.09,31,71.92,100.0,84.44,126.58,13.59,4.02,2.22,1895,1853,42,7,21.51,normal,0,0,1
2026-01-02 03:22:00,1103,medium,client_1,server_1,router_1,2,client-router-server,3.8,0.93,26,24.16,21.0,17.84,33.52,4.88,3.8,0.01,5029,5028,1,1,51.77,normal,0,0,0
2026-01-02 03:23:00,1104,medium,client_1,server_1,router_1,2,client-router-server,6.01,1.29,24,40.31,44.43,30.89,38.22,9.39,6.01,0.01,1153,1152,1,0,43.5,normal,0,0,0
2026-01-02 03:24:00,1105,medium,client_1,server_1,router_1,2,client-router-server,5.42,0.74,25,81.44,84.62,100.0,116.09,6.85,5.42,2.96,1352,1312,40,18,12.86,normal,0,0,1
2026-01-02 03:25:00,1106,medium,client_3,server_1,router_1,2,client-router-server,4.12,0.85,29,69.9,100.0,50.39,128.39,8.09,4.12,4.44,5381,5143,238,19,54.59,normal,0,0,1
2026-01-02 03:26:00,1107,medium,client_2,server_1,router_1,2,client-router-server,4.31,0.72,29,55.43,77.07,80.98,78.14,10.86,4.31,1.57,4760,4686,74,10,22.73,normal,0,0,0
2026-01-02 03:27:00,1108,medium,client_2,server_1,router_1,2,client-router-server,5.93,0.9,26,21.04,15.58,18.28,27.64,5.08,5.93,0.01,5535,5534,1,1,14.85,normal,0,0,0
2026-01-02 03:28:00,1109,medium,client_2,server_1,router_1,2,client-router-server,5.31,0.91,25,54.24,68.27,57.18,50.93,5.9,5.31,0.7,2448,2431,17,17,46.78,normal,0,0,0
2026-01-02 03:29:00,1110,medium,client_1,server_1,router_1,2,client-router-server,5.23,0.9,24,35.4,24.4,18.39,31.17,3.26,5.23,0.01,4463,4462,1,1,55.14,normal,0,0,0
2026-01-02 03:30:00,1111,medium,client_3,server_1,router_1,2,client-router-server,4.01,1.07,20,87.15,100.0,53.15,102.14,13.51,4.01,4.6,4203,4010,193,151,45.4,normal,0,0,1
2026-01-02 03:31:00,1112,medium,client_3,server_1,router_1,2,client-router-server,4.16,1.28,20,26.8,38.79,41.05,35.38,3.51,4.16,0.01,1313,1312,1,0,24.67,normal,0,0,0
2026-01-02 03:32:00,1113,medium,client_1,server_1,router_1,2,client-router-server,5.37,0.97,32,25.24,27.59,27.99,34.32,3.34,5.37,0.01,3881,3880,1,0,22.49,normal,0,0,0
2026-01-02 03:33:00,1114,medium,client_2,server_1,router_1,2,client-router-server,4.13,0.87,32,25.77,33.01,36.75,52.93,6.24,4.13,0.01,1445,1444,1,0,47.93,normal,0,0,0
2026-01-02 03:34:00,1115,medium,client_2,server_1,router_1,2,client-router-server,5.77,1.01,28,56.61,53.72,33.55,71.03,7.19,5.77,0.44,4172,4154,18,8,6.01,normal,0,0,0
2026-01-02 03:35:00,1116,medium,client_2,server_1,router_1,2,client-router-server,5.37,1.01,33,35.32,34.43,39.18,51.3,5.85,5.37,0.01,1458,1457,1,0,40.18,normal,0,0,0
2026-01-02 03:36:00,1117,medium,client_2,server_1,router_1,2,client-router-server,6.15,1.27,28,41.97,46.74,51.23,63.65,8.11,6.15,0.01,4527,4526,1,0,17.38,normal,0,0,0
2026-01-02 03:37:00,1118,medium,client_3,server_1,router_1,2,client-router-server,5.27,0.9,31,51.06,62.11,58.39,85.11,7.04,5.27,1.29,4055,4003,52,39,48.82,normal,0,0,1
2026-01-02 03:38:00,1119,medium,client_2,server_1,router_1,2,client-router-server,6.12,0.96,29,93.31,91.33,98.18,69.86,6.81,6.12,3.68,2309,2225,84,58,28.4,normal,0,0,1
2026-01-02 03:39:00,1120,medium,client_1,server_1,router_1,2,client-router-server,4.55,1.33,20,71.42,86.68,46.37,105.78,11.84,4.55,4.24,3690,3534,156,76,31.52,normal,0,0,1
2026-01-02 03:40:00,1121,medium,client_3,server_1,router_1,2,client-router-server,4.96,0.8,32,20.02,12.5,7.65,17.97,3.53,4.96,0.01,2505,2504,1,0,25.37,normal,0,0,0
2026-01-02 03:41:00,1122,medium,client_3,server_1,router_1,2,client-router-server,6.0,0.79,25,25.47,14.72,10.75,20.64,2.57,6.0,0.01,3830,3829,1,0,44.58,normal,0,0,0
2026-01-02 03:42:00,1123,medium,client_3,server_1,router_1,2,client-router-server,5.34,1.35,31,71.87,45.1,23.32,56.34,7.93,5.34,0.01,1026,1025,1,1,19.21,normal,0,0,0
2026-01-02 03:43:00,1124,medium,client_2,server_1,router_1,2,client-router-server,4.82,1.34,31,93.31,100.0,100.0,85.14,11.24,4.82,4.65,4134,3942,192,143,36.45,normal,0,0,1
2026-01-02 03:44:00,1125,medium,client_2,server_1,router_1,2,client-router-server,5.28,1.27,27,36.96,22.18,25.62,34.47,2.96,5.28,0.01,4006,4005,1,1,15.93,normal,0,0,0
2026-01-02 03:45:00,1126,medium,client_2,server_1,router_1,2,client-router-server,5.87,0.97,21,31.15,20.24,13.03,32.68,5.88,5.87,0.01,1569,1568,1,0,54.15,normal,0,0,0
2026-01-02 03:46:00,1127,medium,client_2,server_1,router_1,2,client-router-server,6.17,1.09,33,34.23,24.41,24.05,26.01,4.71,6.17,0.01,3293,3292,1,1,57.38,normal,0,0,0
2026-01-02 03:47:00,1128,medium,client_1,server_1,router_1,2,client-router-server,4.55,1.25,25,22.38,16.9,11.92,27.44,7.81,4.55,0.01,5510,5509,1,1,53.26,normal,0,0,0
2026-01-02 03:48:00,1129,medium,client_1,server_1,router_1,2,client-router-server,3.77,0.8,30,76.97,73.96,79.68,67.98,6.33,3.77,2.08,5669,5552,117,49,5.22,normal,0,0,0
2026-01-02 03:49:00,1130,medium,client_1,server_1,router_1,2,client-router-server,4.99,1.27,29,74.47,60.2,31.12,53.38,9.6,4.99,0.71,5219,5182,37,19,30.7,normal,0,0,0
2026-01-02 03:50:00,1131,medium,client_3,server_1,router_1,2,client-router-server,4.91,1.29,22,49.15,49.12,41.97,52.43,6.19,4.91,0.01,4977,4976,1,0,34.15,normal,0,0,0
2026-01-02 03:51:00,1132,medium,client_3,server_1,router_1,2,client-router-server,3.86,1.18,22,35.09,44.01,24.88,57.14,6.39,3.86,0.01,4823,4822,1,1,10.46,normal,0,0,0
2026-01-02 03:52:00,1133,medium,client_2,server_1,router_1,2,client-router-server,5.4,1.08,22,27.82,33.51,32.15,50.97,8.36,5.4,0.01,2424,2423,1,0,53.36,normal,0,0,0
2026-01-02 03:53:00,1134,medium,client_3,server_1,router_1,2,client-router-server,5.96,1.08,26,20.85,16.08,16.96,27.49,5.83,5.96,0.01,3552,3551,1,0,25.32,normal,0,0,0
2026-01-02 03:54:00,1135,medium,client_2,server_1,router_1,2,client-router-server,4.81,0.85,26,44.19,56.09,54.65,66.8,4.18,4.81,0.55,4738,4712,26,19,29.36,normal,0,0,0
2026-01-02 03:55:00,1136,medium,client_1,server_1,router_1,2,client-router-server,5.15,1.26,28,24.67,14.45,12.75,26.93,7.71,5.15,0.01,5513,5512,1,0,56.93,normal,0,0,0
2026-01-02 03:56:00,1137,medium,client_2,server_1,router_1,2,client-router-server,6.0,1.05,28,38.5,27.42,20.95,38.44,9.0,6.0,0.01,2773,2772,1,0,41.85,normal,0,0,0
2026-01-02 03:57:00,1138,medium,client_1,server_1,router_1,2,client-router-server,4.79,0.71,26,72.74,48.97,56.09,61.57,7.89,4.79,0.01,5351,5350,1,1,44.86,normal,0,0,0
2026-01-02 03:58:00,1139,medium,client_3,server_1,router_1,2,client-router-server,6.19,1.4,23,53.38,52.64,52.34,72.51,5.52,6.19,0.25,5321,5308,13,7,6.27,normal,0,0,0
2026-01-02 03:59:00,1140,medium,client_1,server_1,router_1,2,client-router-server,5.1,0.97,25,78.99,85.9,57.08,99.91,4.52,5.1,3.72,1978,1905,73,61,41.78,normal,0,0,1
2026-01-02 04:00:00,1141,medium,client_1,server_1,router_1,2,client-router-server,6.16,0.79,24,56.04,36.46,23.24,32.07,8.91,6.16,0.01,3882,3881,1,1,27.47,normal,0,0,0
2026-01-02 04:01:00,1142,medium,client_3,server_1,router_1,2,client-router-server,4.85,1.13,24,81.87,69.16,78.9,65.7,2.95,4.85,1.34,4163,4108,55,8,11.43,normal,0,0,0
2026-01-02 04:02:00,1143,medium,client_2,server_1,router_1,2,client-router-server,4.61,1.1,28,69.67,52.91,59.9,67.74,5.0,4.61,0.23,4722,4712,10,2,38.56,normal,0,0,0
2026-01-02 04:03:00,1144,medium,client_1,server_1,router_1,2,client-router-server,4.8,1.35,27,32.15,36.59,19.41,45.58,4.6,4.8,0.01,2340,2339,1,1,44.45,normal,0,0,0
2026-01-02 04:04:00,1145,medium,client_3,server_1,router_1,2,client-router-server,6.22,1.22,26,70.32,61.78,65.64,83.92,9.15,6.22,0.77,3071,3048,23,13,40.71,normal,0,0,1
2026-01-02 04:05:00,1146,medium,client_1,server_1,router_1,2,client-router-server,3.97,1.11,29,50.92,50.11,39.14,55.31,6.65,3.97,0.01,1648,1647,1,1,50.78,normal,0,0,0
2026-01-02 04:06:00,1147,medium,client_2,server_1,router_1,2,client-router-server,3.76,0.75,22,56.08,68.54,36.78,48.47,9.82,3.76,1.03,1297,1284,13,9,48.97,normal,0,0,0
2026-01-02 04:07:00,1148,medium,client_3,server_1,router_1,2,client-router-server,3.96,0.77,32,22.72,18.29,10.51,24.44,7.86,3.96,0.01,3547,3546,1,0,7.13,normal,0,0,0
2026-01-02 04:08:00,1149,medium,client_3,server_1,router_1,2,client-router-server,5.39,0.79,33,40.16,48.26,48.7,68.17,6.97,5.39,0.01,3578,3577,1,0,50.17,normal,0,0,0
2026-01-02 04:09:00,1150,medium,client_3,server_1,router_1,2,client-router-server,5.98,0.98,30,61.24,58.84,63.38,48.54,8.29,5.98,0.35,4059,4045,14,13,47.58,normal,0,0,0
2026-01-02 04:10:00,1151,medium,client_1,server_1,router_1,2,client-router-server,5.08,1.37,20,76.21,85.08,87.27,65.4,6.05,5.08,1.73,1007,990,17,4,24.67,normal,0,0,0
2026-01-02 04:11:00,1152,medium,client_2,server_1,router_1,2,client-router-server,6.23,0.92,24,33.21,35.36,24.05,36.63,6.38,6.23,0.01,4531,4530,1,1,8.35,normal,0,0,0
2026-01-02 04:12:00,1153,medium,client_1,server_1,router_1,2,client-router-server,5.87,1.12,24,57.43,32.46,38.86,31.09,6.57,5.87,0.01,5500,5499,1,1,23.88,normal,0,0,0
2026-01-02 04:13:00,1154,medium,client_3,server_1,router_1,2,client-router-server,5.6,1.3,27,89.23,51.58,51.92,65.32,8.71,5.6,0.16,2349,2346,3,1,7.74,normal,0,0,0
2026-01-02 04:14:00,1155,medium,client_2,server_1,router_1,2,client-router-server,5.4,1.38,24,74.64,76.14,91.17,90.83,9.21,5.4,1.48,2861,2819,42,14,47.66,normal,0,0,1
2026-01-02 04:15:00,1156,medium,client_3,server_1,router_1,2,client-router-server,5.06,1.15,31,43.18,57.98,66.13,74.55,10.33,5.06,0.28,4870,4857,13,7,12.12,normal,0,0,0
2026-01-02 04:16:00,1157,medium,client_2,server_1,router_1,2,client-router-server,4.13,1.16,31,40.55,63.54,64.63,71.02,8.03,4.13,1.09,4691,4640,51,40,54.38,normal,0,0,0
2026-01-02 04:17:00,1158,medium,client_1,server_1,router_1,2,client-router-server,5.15,1.0,20,22.41,18.13,11.27,25.95,5.68,5.15,0.01,1992,1991,1,0,32.65,normal,0,0,0
2026-01-02 04:18:00,1159,medium,client_3,server_1,router_1,2,client-router-server,5.69,0.95,25,92.03,100.0,100.0,82.6,7.04,5.69,3.04,5618,5448,170,146,36.23,normal,0,0,1
2026-01-02 04:19:00,1160,medium,client_3,server_1,router_1,2,client-router-server,6.22,1.03,31,39.58,41.8,31.15,36.37,4.8,6.22,0.01,3254,3253,1,0,44.42,normal,0,0,0
2026-01-02 04:20:00,1161,medium,client_1,server_1,router_1,2,client-router-server,5.38,1.22,28,77.91,47.56,48.21,58.34,7.06,5.38,0.01,3207,3206,1,1,39.07,normal,0,0,0
2026-01-02 04:21:00,1162,medium,client_1,server_1,router_1,2,client-router-server,5.06,1.24,31,74.62,48.57,27.71,37.4,6.58,5.06,0.01,1644,1643,1,1,19.08,normal,0,0,0
2026-01-02 04:22:00,1163,medium,client_3,server_1,router_1,2,client-router-server,5.34,0.79,28,63.77,57.6,48.46,57.65,2.44,5.34,0.48,1163,1158,5,5,27.12,normal,0,0,0
2026-01-02 04:23:00,1164,medium,client_3,server_1,router_1,2,client-router-server,6.08,1.04,23,33.91,32.66,36.3,50.38,3.91,6.08,0.01,5063,5062,1,0,19.04,normal,0,0,0
2026-01-02 04:24:00,1165,medium,client_2,server_1,router_1,2,client-router-server,5.87,0.84,28,66.61,45.01,41.54,52.6,6.25,5.87,0.01,5824,5823,1,1,50.97,normal,0,0,0
2026-01-02 04:25:00,1166,medium,client_3,server_1,router_1,2,client-router-server,4.65,0.98,32,28.16,24.65,27.27,39.23,5.64,4.65,0.01,5658,5657,1,0,34.0,normal,0,0,0
2026-01-02 04:26:00,1167,medium,client_1,server_1,router_1,2,client-router-server,5.76,0.95,31,65.35,50.01,36.06,62.54,5.64,5.76,0.01,5451,5450,1,1,57.68,normal,0,0,0
2026-01-02 04:27:00,1168,medium,client_2,server_1,router_1,2,client-router-server,3.93,1.13,31,36.79,52.33,47.2,68.73,4.63,3.93,0.2,3699,3692,7,6,53.39,normal,0,0,0
2026-01-02 04:28:00,1169,medium,client_2,server_1,router_1,2,client-router-server,4.65,1.28,31,27.11,18.67,10.81,19.9,1.56,4.65,0.01,5612,5611,1,1,53.83,normal,0,0,0
2026-01-02 04:29:00,1170,medium,client_3,server_1,router_1,2,client-router-server,5.67,1.19,32,85.12,66.12,62.52,92.57,7.47,5.67,0.56,4455,4431,24,6,10.26,normal,0,0,1
2026-01-02 04:30:00,1171,medium,client_2,server_1,router_1,2,client-router-server,4.71,1.26,23,86.53,99.07,61.37,100.48,12.81,4.71,4.49,5079,4851,228,73,42.15,normal,0,0,1
2026-01-02 04:31:00,1172,medium,client_1,server_1,router_1,2,client-router-server,5.28,0.72,22,49.64,40.14,22.57,51.56,5.85,5.28,0.01,5030,5029,1,0,52.26,normal,0,0,0
2026-01-02 04:32:00,1173,medium,client_2,server_1,router_1,2,client-router-server,4.53,1.1,27,65.19,80.65,54.5,87.52,12.15,4.53,2.56,3213,3131,82,40,58.3,normal,0,0,1
2026-01-02 04:33:00,1174,medium,client_3,server_1,router_1,2,client-router-server,4.26,1.35,26,33.19,32.04,37.68,51.61,6.93,4.26,0.01,1609,1608,1,1,29.78,normal,0,0,0
2026-01-02 04:34:00,1175,medium,client_3,server_1,router_1,2,client-router-server,5.37,1.0,30,51.05,30.76,29.89,47.57,2.87,5.37,0.01,2568,2567,1,0,40.92,normal,0,0,0
2026-01-02 04:35:00,1176,medium,client_1,server_1,router_1,2,client-router-server,4.43,0.76,20,55.76,79.48,60.51,77.8,11.93,4.43,3.02,4083,3960,123,101,5.53,normal,0,0,0
2026-01-02 04:36:00,1177,medium,client_2,server_1,router_1,2,client-router-server,6.24,1.29,20,73.73,71.78,35.94,55.21,8.49,6.24,1.4,4032,3976,56,26,51.43,normal,0,0,0
2026-01-02 04:37:00,1178,medium,client_2,server_1,router_1,2,client-router-server,5.56,0.74,25,75.95,73.11,60.95,101.29,3.3,5.56,0.7,1172,1164,8,2,18.27,normal,0,0,1
2026-01-02 04:38:00,1179,medium,client_2,server_1,router_1,2,client-router-server,4.04,1.25,33,51.97,74.76,70.69,99.25,12.12,4.04,2.86,4791,4654,137,56,51.0,normal,0,0,1
2026-01-02 04:39:00,1180,medium,client_2,server_1,router_1,2,client-router-server,4.16,0.96,23,78.2,100.0,100.0,119.65,8.84,4.16,3.38,1511,1460,51,36,49.17,normal,0,0,1
2026-01-02 04:40:00,1181,medium,client_2,server_1,router_1,2,client-router-server,5.86,1.02,33,24.21,19.53,11.43,28.35,3.93,5.86,0.01,1480,1479,1,1,11.51,normal,0,0,0
2026-01-02 04:41:00,1182,medium,client_3,server_1,router_1,2,client-router-server,5.27,1.13,30,84.11,90.96,52.1,93.43,7.23,5.27,3.32,1398,1352,46,35,30.37,normal,0,0,1
2026-01-02 04:42:00,1183,medium,client_1,server_1,router_1,2,client-router-server,6.08,0.85,33,31.15,19.86,17.06,31.8,5.56,6.08,0.01,5416,5415,1,0,19.08,normal,0,0,0
2026-01-02 04:43:00,1184,medium,client_2,server_1,router_1,2,client-router-server,4.73,0.93,29,50.25,61.05,73.1,68.14,5.84,4.73,1.27,1292,1276,16,14,8.56,normal,0,0,0
2026-01-02 04:44:00,1185,medium,client_2,server_1,router_1,2,client-router-server,3.79,0.97,33,44.97,74.15,47.17,88.6,10.78,3.79,2.59,1719,1675,44,4,50.94,normal,0,0,1
2026-01-02 04:45:00,1186,medium,client_3,server_1,router_1,2,client-router-server,5.09,0.76,28,92.53,100.0,62.78,83.12,10.68,5.09,4.24,1975,1892,83,82,18.2,normal,0,0,1
2026-01-02 04:46:00,1187,medium,client_2,server_1,router_1,2,client-router-server,4.17,1.16,20,62.59,93.67,61.04,66.62,11.51,4.17,2.24,1702,1664,38,14,11.5,normal,0,0,1
2026-01-02 04:47:00,1188,medium,client_3,server_1,router_1,2,client-router-server,3.94,0.74,21,47.34,47.64,50.74,65.99,4.72,3.94,0.01,3500,3499,1,1,37.91,normal,0,0,0
2026-01-02 04:48:00,1189,medium,client_2,server_1,router_1,2,client-router-server,4.0,0.81,30,80.41,100.0,93.14,132.17,9.85,4.0,1.92,1595,1565,30,19,58.76,normal,0,0,1
2026-01-02 04:49:00,1190,medium,client_3,server_1,router_1,2,client-router-server,5.86,1.15,29,24.08,19.33,18.84,30.17,7.78,5.86,0.01,3525,3524,1,0,28.59,normal,0,0,0
2026-01-02 04:50:00,1191,medium,client_3,server_1,router_1,2,client-router-server,4.92,1.22,26,27.2,19.95,18.48,23.95,2.48,4.92,0.01,1244,1243,1,1,45.72,normal,0,0,0
2026-01-02 04:51:00,1192,medium,client_2,server_1,router_1,2,client-router-server,3.78,0.84,28,31.52,45.8,38.28,58.79,7.97,3.78,0.01,1055,1054,1,0,17.68,normal,0,0,0
2026-01-02 04:52:00,1193,medium,client_2,server_1,router_1,2,client-router-server,4.78,1.37,21,75.98,76.13,69.48,86.79,4.46,4.78,1.51,4835,4762,73,53,19.52,normal,0,0,1
2026-01-02 04:53:00,1194,medium,client_3,server_1,router_1,2,client-router-server,5.91,1.35,24,64.23,73.13,45.84,67.0,6.82,5.91,0.71,4305,4275,30,7,16.67,normal,0,0,0
2026-01-02 04:54:00,1195,medium,client_1,server_1,router_1,2,client-router-server,5.49,1.19,22,53.23,47.45,41.38,56.43,8.37,5.49,0.01,3952,3951,1,1,19.52,normal,0,0,0
2026-01-02 04:55:00,1196,medium,client_2,server_1,router_1,2,client-router-server,5.06,1.08,28,79.09,47.15,27.56,55.76,5.46,5.06,0.01,4036,4035,1,0,16.59,normal,0,0,0
2026-01-02 04:56:00,1197,medium,client_2,server_1,router_1,2,client-router-server,6.01,1.39,25,80.45,51.12,38.5,56.19,5.05,6.01,0.05,2366,2365,1,1,13.23,normal,0,0,0
2026-01-02 04:57:00,1198,medium,client_1,server_1,router_1,2,client-router-server,4.11,1.32,22,40.91,59.28,53.25,77.46,7.61,4.11,0.64,2358,2343,15,0,32.0,normal,0,0,0
2026-01-02 04:58:00,1199,medium,client_2,server_1,router_1,2,client-router-server,5.89,1.18,20,20.92,15.28,11.13,23.93,8.58,5.89,0.01,3397,3396,1,0,31.17,normal,0,0,0
2026-01-02 04:59:00,1200,medium,client_1,server_1,router_1,2,client-router-server,4.62,1.37,28,48.43,49.93,31.25,42.84,8.48,4.62,0.01,2288,2287,1,1,52.79,normal,0,0,0
2026-01-02 05:00:00,1201,medium,client_3,server_1,router_1,2,client-router-server,4.67,0.71,23,48.54,53.57,57.77,48.08,3.73,4.67,0.33,4348,4334,14,7,25.53,normal,0,0,0
2026-01-02 05:01:00,1202,medium,client_1,server_1,router_1,2,client-router-server,6.1,1.23,25,34.85,34.22,40.78,36.99,3.99,6.1,0.01,4635,4634,1,1,55.87,normal,0,0,0
2026-01-02 05:02:00,1203,medium,client_3,server_1,router_1,2,client-router-server,4.28,1.08,28,58.2,67.31,44.79,66.59,8.65,4.28,0.53,3726,3707,19,7,32.82,normal,0,0,0
2026-01-02 05:03:00,1204,medium,client_3,server_1,router_1,2,client-router-server,4.19,1.15,28,75.4,64.79,67.9,59.61,9.29,4.19,1.51,3979,3919,60,54,15.74,normal,0,0,0
2026-01-02 05:04:00,1205,medium,client_2,server_1,router_1,2,client-router-server,4.15,0.88,24,80.48,83.6,64.24,111.26,6.46,4.15,3.66,3298,3178,120,98,27.43,normal,0,0,1
2026-01-02 05:05:00,1206,medium,client_2,server_1,router_1,2,client-router-server,5.47,1.16,32,93.69,77.87,50.37,54.32,6.25,5.47,3.2,4543,4398,145,145,37.59,normal,0,0,0
2026-01-02 05:06:00,1207,medium,client_3,server_1,router_1,2,client-router-server,6.13,1.19,29,39.72,36.49,31.76,44.2,3.1,6.13,0.01,5229,5228,1,1,5.81,normal,0,0,0
2026-01-02 05:07:00,1208,medium,client_2,server_1,router_1,2,client-router-server,5.75,0.72,28,47.99,50.08,33.65,59.58,7.52,5.75,0.01,4401,4400,1,0,22.38,normal,0,0,0
2026-01-02 05:08:00,1209,medium,client_3,server_1,router_1,2,client-router-server,4.29,1.36,26,66.01,56.51,49.17,66.74,9.65,4.29,0.59,5214,5184,30,24,46.99,normal,0,0,0
2026-01-02 05:09:00,1210,medium,client_1,server_1,router_1,2,client-router-server,3.76,0.93,28,25.14,22.72,20.84,26.03,9.13,3.76,0.01,4391,4390,1,0,32.92,normal,0,0,0
2026-01-02 05:10:00,1211,medium,client_3,server_1,router_1,2,client-router-server,5.67,0.85,30,57.92,39.2,42.45,37.86,3.04,5.67,0.01,5049,5048,1,1,51.95,normal,0,0,0
2026-01-02 05:11:00,1212,medium,client_3,server_1,router_1,2,client-router-server,3.93,1.1,32,91.46,100.0,97.88,104.88,10.0,3.93,5.51,1382,1306,76,75,59.09,normal,0,0,1
2026-01-02 05:12:00,1213,medium,client_2,server_1,router_1,2,client-router-server,5.54,1.12,25,91.89,67.1,39.06,50.36,7.79,5.54,1.76,4870,4785,85,35,30.45,normal,0,0,0
2026-01-02 05:13:00,1214,medium,client_3,server_1,router_1,2,client-router-server,4.15,0.78,31,86.8,95.08,88.75,95.12,6.85,4.15,1.88,2088,2049,39,4,31.91,normal,0,0,1
2026-01-02 05:14:00,1215,medium,client_1,server_1,router_1,2,client-router-server,4.1,0.88,24,33.33,52.22,45.33,60.11,9.82,4.1,0.19,4395,4387,8,3,6.34,normal,0,0,0
2026-01-02 05:15:00,1216,medium,client_2,server_1,router_1,2,client-router-server,5.94,1.29,25,29.77,16.83,18.88,21.72,5.59,5.94,0.01,1568,1567,1,1,38.11,normal,0,0,0
2026-01-02 05:16:00,1217,medium,client_2,server_1,router_1,2,client-router-server,4.17,0.92,21,36.91,33.46,32.01,31.55,8.22,4.17,0.01,5587,5586,1,0,50.79,normal,0,0,0
2026-01-02 05:17:00,1218,medium,client_1,server_1,router_1,2,client-router-server,5.29,1.19,33,88.69,55.82,55.44,75.3,3.93,5.29,0.25,1297,1294,3,2,25.05,normal,0,0,0
2026-01-02 05:18:00,1219,medium,client_3,server_1,router_1,2,client-router-server,5.99,1.38,28,20.54,19.75,22.14,27.18,3.33,5.99,0.01,2535,2534,1,1,12.26,normal,0,0,0
2026-01-02 05:19:00,1220,medium,client_1,server_1,router_1,2,client-router-server,4.69,0.72,24,83.23,61.72,41.41,80.92,5.05,4.69,1.12,2695,2665,30,7,41.16,normal,0,0,1
2026-01-02 05:20:00,1221,medium,client_2,server_1,router_1,2,client-router-server,6.09,0.87,27,35.23,36.67,39.56,36.43,9.61,6.09,0.01,3768,3767,1,1,27.82,normal,0,0,0
2026-01-02 05:21:00,1222,medium,client_3,server_1,router_1,2,client-router-server,5.4,1.09,20,36.67,34.43,40.18,43.39,4.34,5.4,0.01,1159,1158,1,0,6.52,normal,0,0,0
2026-01-02 05:22:00,1223,medium,client_1,server_1,router_1,2,client-router-server,4.65,1.24,26,30.62,22.19,15.91,30.13,6.34,4.65,0.01,1145,1144,1,0,36.76,normal,0,0,0
2026-01-02 05:23:00,1224,medium,client_2,server_1,router_1,2,client-router-server,5.44,0.82,33,83.16,89.8,63.16,112.63,5.68,5.44,1.54,5897,5807,90,2,12.72,normal,0,0,1
2026-01-02 05:24:00,1225,medium,client_1,server_1,router_1,2,client-router-server,5.06,1.39,26,93.32,100.0,50.49,112.19,9.57,5.06,3.69,4739,4565,174,87,11.6,normal,0,0,1
2026-01-02 05:25:00,1226,medium,client_3,server_1,router_1,2,client-router-server,4.93,1.21,22,49.24,44.12,22.71,44.58,9.79,4.93,0.01,5220,5219,1,1,59.54,normal,0,0,0
2026-01-02 05:26:00,1227,medium,client_3,server_1,router_1,2,client-router-server,5.61,0.72,26,45.93,45.4,49.13,58.29,7.85,5.61,0.01,5552,5551,1,1,9.42,normal,0,0,0
2026-01-02 05:27:00,1228,medium,client_1,server_1,router_1,2,client-router-server,4.46,1.35,26,78.72,79.54,56.21,67.12,11.54,4.46,2.78,1942,1889,53,43,54.88,normal,0,0,0
2026-01-02 05:28:00,1229,medium,client_2,server_1,router_1,2,client-router-server,4.66,0.84,25,36.34,34.88,17.81,41.19,2.36,4.66,0.01,4494,4493,1,1,21.78,normal,0,0,0
2026-01-02 05:29:00,1230,medium,client_2,server_1,router_1,2,client-router-server,5.78,0.74,26,88.35,87.92,80.49,73.77,7.36,5.78,3.81,5265,5065,200,40,19.36,normal,0,0,0
2026-01-02 05:30:00,1231,medium,client_3,server_1,router_1,2,client-router-server,4.49,0.93,21,39.81,28.06,30.45,35.53,4.83,4.49,0.01,2371,2370,1,0,24.97,normal,0,0,0
2026-01-02 05:31:00,1232,medium,client_1,server_1,router_1,2,client-router-server,5.61,0.77,30,69.38,59.37,37.43,48.99,4.44,5.61,0.53,4030,4009,21,8,42.34,normal,0,0,0
2026-01-02 05:32:00,1233,medium,client_1,server_1,router_1,2,client-router-server,5.12,1.37,27,66.05,67.31,59.74,69.87,7.49,5.12,1.84,1846,1813,33,1,46.85,normal,0,0,0
2026-01-02 05:33:00,1234,medium,client_3,server_1,router_1,2,client-router-server,5.4,1.02,22,80.1,65.5,76.41,57.75,6.04,5.4,1.0,4348,4305,43,30,25.68,normal,0,0,0
2026-01-02 05:34:00,1235,medium,client_2,server_1,router_1,2,client-router-server,5.14,1.32,26,32.72,42.57,23.01,51.91,8.94,5.14,0.01,5698,5697,1,0,24.59,normal,0,0,0
2026-01-02 05:35:00,1236,medium,client_3,server_1,router_1,2,client-router-server,4.05,0.87,29,86.31,76.23,56.49,69.66,9.5,4.05,2.04,3640,3566,74,42,12.75,normal,0,0,0
2026-01-02 05:36:00,1237,medium,client_3,server_1,router_1,2,client-router-server,4.59,0.84,33,74.38,85.2,74.61,116.53,11.61,4.59,3.76,3858,3713,145,47,34.15,normal,0,0,1
2026-01-02 05:37:00,1238,medium,client_3,server_1,router_1,2,client-router-server,5.9,0.9,32,94.97,60.83,71.75,69.5,11.12,5.9,0.85,2859,2835,24,17,54.57,normal,0,0,0
2026-01-02 05:38:00,1239,medium,client_1,server_1,router_1,2,client-router-server,5.73,0.72,31,52.31,49.02,48.39,69.17,7.95,5.73,0.01,5010,5009,1,0,36.83,normal,0,0,0
2026-01-02 05:39:00,1240,medium,client_2,server_1,router_1,2,client-router-server,4.52,1.03,27,41.99,62.66,43.49,81.03,10.11,4.52,0.51,5176,5150,26,14,48.92,normal,0,0,1
2026-01-02 05:40:00,1241,medium,client_3,server_1,router_1,2,client-router-server,5.48,0.99,30,42.89,43.32,44.25,47.48,6.91,5.48,0.01,2339,2338,1,1,14.9,normal,0,0,0
2026-01-02 05:41:00,1242,medium,client_1,server_1,router_1,2,client-router-server,4.41,0.92,31,55.69,49.42,50.86,46.54,9.85,4.41,0.01,3674,3673,1,1,27.3,normal,0,0,0
2026-01-02 05:42:00,1243,medium,client_1,server_1,router_1,2,client-router-server,4.23,1.22,24,24.72,38.4,29.88,48.86,5.57,4.23,0.01,5483,5482,1,0,40.25,normal,0,0,0
2026-01-02 05:43:00,1244,medium,client_1,server_1,router_1,2,client-router-server,5.21,0.73,25,80.78,75.71,38.25,84.01,4.9,5.21,2.51,2761,2692,69,59,18.72,normal,0,0,1
2026-01-02 05:44:00,1245,medium,client_1,server_1,router_1,2,client-router-server,4.47,0.9,21,59.41,49.89,54.96,57.77,4.14,4.47,0.01,1535,1534,1,0,45.72,normal,0,0,0
2026-01-02 05:45:00,1246,medium,client_2,server_1,router_1,2,client-router-server,4.9,1.02,22,21.89,22.01,23.19,26.97,4.01,4.9,0.01,3858,3857,1,1,52.9,normal,0,0,0
2026-01-02 05:46:00,1247,medium,client_1,server_1,router_1,2,client-router-server,5.03,0.86,21,68.89,58.99,36.77,57.57,8.06,5.03,0.28,5281,5267,14,14,38.24,normal,0,0,0
2026-01-02 05:47:00,1248,medium,client_1,server_1,router_1,2,client-router-server,4.66,1.13,20,29.34,31.66,37.89,32.55,5.07,4.66,0.01,3167,3166,1,0,32.95,normal,0,0,0
2026-01-02 05:48:00,1249,medium,client_3,server_1,router_1,2,client-router-server,5.77,1.27,22,41.1,26.63,23.14,28.46,2.32,5.77,0.01,5465,5464,1,1,16.96,normal,0,0,0
2026-01-02 05:49:00,1250,medium,client_1,server_1,router_1,2,client-router-server,3.98,0.86,21,39.64,33.28,27.16,31.86,4.2,3.98,0.01,3502,3501,1,1,5.37,normal,0,0,0
2026-01-02 05:50:00,1251,medium,client_3,server_1,router_1,2,client-router-server,5.17,0.84,28,79.03,85.88,67.1,87.23,5.46,5.17,2.62,4335,4222,113,71,49.54,normal,0,0,1
2026-01-02 05:51:00,1252,medium,client_1,server_1,router_1,2,client-router-server,5.5,1.05,31,55.63,56.06,59.81,75.03,3.1,5.5,0.37,5748,5727,21,5,25.08,normal,0,0,0
2026-01-02 05:52:00,1253,medium,client_1,server_1,router_1,2,client-router-server,4.74,1.06,20,89.94,61.74,33.09,51.62,6.03,4.74,1.12,4727,4675,52,25,5.73,normal,0,0,0
2026-01-02 05:53:00,1254,medium,client_2,server_1,router_1,2,client-router-server,4.78,1.06,29,94.56,100.0,67.56,99.13,7.2,4.78,2.62,4938,4809,129,19,14.55,normal,0,0,1
2026-01-02 05:54:00,1255,medium,client_1,server_1,router_1,2,client-router-server,5.37,1.06,27,65.72,52.82,49.86,49.36,7.54,5.37,0.23,2505,2500,5,3,40.54,normal,0,0,0
2026-01-02 05:55:00,1256,medium,client_2,server_1,router_1,2,client-router-server,4.54,1.06,26,62.91,87.44,69.53,90.5,8.75,4.54,3.74,2371,2283,88,80,21.53,normal,0,0,1
2026-01-02 05:56:00,1257,medium,client_1,server_1,router_1,2,client-router-server,5.75,0.9,33,70.93,70.17,73.8,89.79,4.24,5.75,1.87,1240,1217,23,2,42.35,normal,0,0,1
2026-01-02 05:57:00,1258,medium,client_2,server_1,router_1,2,client-router-server,6.21,0.84,20,94.62,97.44,87.01,134.27,7.29,6.21,5.66,2298,2168,130,9,59.3,normal,0,0,1
2026-01-02 05:58:00,1259,medium,client_2,server_1,router_1,2,client-router-server,5.01,1.02,22,41.37,38.07,24.74,42.13,7.56,5.01,0.01,2813,2812,1,0,48.88,normal,0,0,0
2026-01-02 05:59:00,1260,medium,client_2,server_1,router_1,2,client-router-server,4.22,0.9,20,72.76,100.0,98.06,114.46,10.39,4.22,4.06,4495,4313,182,92,47.49,normal,0,0,1
2026-01-02 06:00:00,1261,medium,client_3,server_1,router_1,2,client-router-server,4.3,0.85,26,64.52,98.29,76.99,113.45,10.5,4.3,5.07,1701,1615,86,64,19.98,normal,0,0,1
2026-01-02 06:01:00,1262,medium,client_2,server_1,router_1,2,client-router-server,5.06,0.92,27,56.12,58.24,57.17,56.01,5.36,5.06,0.3,5202,5187,15,6,29.19,normal,0,0,0
2026-01-02 06:02:00,1263,medium,client_3,server_1,router_1,2,client-router-server,6.22,1.04,22,34.26,17.35,10.26,22.23,1.74,6.22,0.01,1509,1508,1,0,11.63,normal,0,0,0
2026-01-02 06:03:00,1264,medium,client_3,server_1,router_1,2,client-router-server,5.22,0.7,22,66.34,65.91,36.26,61.98,3.09,5.22,0.81,2706,2685,21,5,37.4,normal,0,0,0
2026-01-02 06:04:00,1265,medium,client_3,server_1,router_1,2,client-router-server,4.28,0.71,33,74.47,69.98,65.61,72.52,10.95,4.28,0.62,3611,3589,22,10,52.22,normal,0,0,0
2026-01-02 06:05:00,1266,medium,client_2,server_1,router_1,2,client-router-server,5.23,0.91,32,83.99,100.0,50.22,94.77,11.09,5.23,4.31,1655,1584,71,30,12.03,normal,0,0,1
2026-01-02 06:06:00,1267,medium,client_1,server_1,router_1,2,client-router-server,4.48,0.8,30,55.32,54.77,29.03,71.73,6.39,4.48,0.3,5271,5256,15,12,16.67,normal,0,0,0
2026-01-02 06:07:00,1268,medium,client_1,server_1,router_1,2,client-router-server,5.42,0.98,20,71.41,79.29,83.17,80.23,10.29,5.42,1.71,3325,3269,56,7,7.79,normal,0,0,1
2026-01-02 06:08:00,1269,medium,client_1,server_1,router_1,2,client-router-server,4.04,0.91,31,52.37,84.45,89.76,112.66,8.29,4.04,1.28,1170,1156,14,12,43.11,normal,0,0,1
2026-01-02 06:09:00,1270,medium,client_3,server_1,router_1,2,client-router-server,5.22,1.29,25,48.25,46.6,32.87,42.72,9.22,5.22,0.01,4699,4698,1,1,30.2,normal,0,0,0
2026-01-02 06:10:00,1271,medium,client_2,server_1,router_1,2,client-router-server,5.14,0.96,24,49.49,39.22,47.05,46.57,4.95,5.14,0.01,3541,3540,1,1,37.36,normal,0,0,0
2026-01-02 06:11:00,1272,medium,client_1,server_1,router_1,2,client-router-server,5.56,1.36,28,72.82,75.2,64.65,92.9,6.29,5.56,1.0,2580,2555,25,13,58.96,normal,0,0,1
2026-01-02 06:12:00,1273,medium,client_3,server_1,router_1,2,client-router-server,5.75,1.12,27,39.51,31.34,35.59,48.96,8.84,5.75,0.01,5975,5974,1,0,53.35,normal,0,0,0
2026-01-02 06:13:00,1274,medium,client_3,server_1,router_1,2,client-router-server,3.93,1.03,24,42.07,39.11,41.21,41.41,8.49,3.93,0.01,5887,5886,1,0,55.58,normal,0,0,0
2026-01-02 06:14:00,1275,medium,client_2,server_1,router_1,2,client-router-server,5.64,1.15,26,49.05,42.97,49.72,38.86,8.77,5.64,0.01,2622,2621,1,1,43.38,normal,0,0,0
2026-01-02 06:15:00,1276,medium,client_2,server_1,router_1,2,client-router-server,4.0,0.79,21,92.37,100.0,81.88,133.18,13.61,4.0,5.12,2652,2517,135,32,44.57,normal,0,0,1
2026-01-02 06:16:00,1277,medium,client_3,server_1,router_1,2,client-router-server,5.22,1.35,26,55.96,52.39,38.24,55.16,11.46,5.22,0.08,3740,3738,2,1,41.85,normal,0,0,0
2026-01-02 06:17:00,1278,medium,client_3,server_1,router_1,2,client-router-server,6.01,0.97,31,66.84,42.41,48.69,52.39,5.98,6.01,0.01,1991,1990,1,0,42.13,normal,0,0,0
2026-01-02 06:18:00,1279,medium,client_2,server_1,router_1,2,client-router-server,5.02,1.18,32,60.94,84.5,65.37,108.43,8.75,5.02,2.35,1644,1606,38,19,11.72,normal,0,0,1
2026-01-02 06:19:00,1280,medium,client_2,server_1,router_1,2,client-router-server,5.31,1.21,29,22.86,23.42,22.97,36.91,3.68,5.31,0.01,3967,3966,1,1,20.0,normal,0,0,0
2026-01-02 06:20:00,1281,medium,client_2,server_1,router_1,2,client-router-server,4.59,0.88,28,50.9,53.68,51.24,62.37,4.19,4.59,0.22,3012,3006,6,4,11.81,normal,0,0,0
2026-01-02 06:21:00,1282,medium,client_1,server_1,router_1,2,client-router-server,5.15,1.04,23,53.66,68.02,44.88,65.89,11.49,5.15,0.73,5586,5546,40,23,34.42,normal,0,0,0
2026-01-02 06:22:00,1283,medium,client_1,server_1,router_1,2,client-router-server,4.23,0.91,31,55.23,73.33,68.7,96.09,7.43,4.23,1.38,4701,4637,64,61,43.04,normal,0,0,1
2026-01-02 06:23:00,1284,medium,client_3,server_1,router_1,2,client-router-server,5.66,1.33,32,49.58,43.07,36.08,50.08,4.18,5.66,0.01,5321,5320,1,1,8.85,normal,0,0,0
2026-01-02 06:24:00,1285,medium,client_1,server_1,router_1,2,client-router-server,5.09,0.88,32,62.13,48.42,56.02,45.4,7.94,5.09,0.01,4451,4450,1,1,6.5,normal,0,0,0
2026-01-02 06:25:00,1286,medium,client_2,server_1,router_1,2,client-router-server,4.97,0.77,25,80.69,50.67,36.43,51.53,6.8,4.97,0.04,5613,5611,2,2,23.51,normal,0,0,0
2026-01-02 06:26:00,1287,medium,client_1,server_1,router_1,2,client-router-server,6.01,1.25,30,54.88,51.21,56.0,66.8,9.96,6.01,0.13,2339,2336,3,0,55.44,normal,0,0,0
2026-01-02 06:27:00,1288,medium,client_3,server_1,router_1,2,client-router-server,5.9,0.85,22,81.71,59.35,41.67,56.82,8.06,5.9,0.78,1652,1640,12,9,14.32,normal,0,0,0
2026-01-02 06:28:00,1289,medium,client_1,server_1,router_1,2,client-router-server,4.5,0.99,32,87.96,100.0,100.0,78.6,7.93,4.5,3.81,2191,2108,83,59,28.27,normal,0,0,1
2026-01-02 06:29:00,1290,medium,client_1,server_1,router_1,2,client-router-server,5.79,0.77,30,80.81,82.53,89.9,103.9,5.23,5.79,1.68,3545,3486,59,57,13.51,normal,0,0,1
2026-01-02 06:30:00,1291,medium,client_2,server_1,router_1,2,client-router-server,6.16,0.9,24,79.74,43.18,47.85,58.52,10.77,6.16,0.01,3981,3980,1,0,45.22,normal,0,0,0
2026-01-02 06:31:00,1292,medium,client_1,server_1,router_1,2,client-router-server,5.34,1.33,23,25.84,32.67,39.0,51.17,7.58,5.34,0.01,3094,3093,1,1,25.32,normal,0,0,0
2026-01-02 06:32:00,1293,medium,client_2,server_1,router_1,2,client-router-server,5.8,0.75,24,52.21,55.82,36.52,69.3,7.36,5.8,0.41,3132,3120,12,4,42.12,normal,0,0,0
2026-01-02 06:33:00,1294,medium,client_3,server_1,router_1,2,client-router-server,5.51,1.2,33,76.53,70.01,64.49,94.65,10.63,5.51,2.37,3147,3073,74,23,23.86,normal,0,0,1
2026-01-02 06:34:00,1295,medium,client_2,server_1,router_1,2,client-router-server,5.91,1.02,22,82.21,86.58,82.47,91.22,10.1,5.91,3.59,5151,4967,184,72,58.29,normal,0,0,1
2026-01-02 06:35:00,1296,medium,client_2,server_1,router_1,2,client-router-server,4.39,0.74,33,25.47,18.41,17.87,28.91,5.7,4.39,0.01,5388,5387,1,0,41.84,normal,0,0,0
2026-01-02 06:36:00,1297,medium,client_2,server_1,router_1,2,client-router-server,4.79,1.15,30,90.03,82.8,49.0,76.19,5.93,4.79,2.26,3857,3770,87,75,29.99,normal,0,0,0
2026-01-02 06:37:00,1298,medium,client_1,server_1,router_1,2,client-router-server,4.05,0.88,25,37.88,48.08,36.78,44.26,9.57,4.05,0.01,2046,2045,1,0,42.84,normal,0,0,0
2026-01-02 06:38:00,1299,medium,client_1,server_1,router_1,2,client-router-server,6.03,1.29,20,63.83,63.69,36.64,58.63,12.4,6.03,1.1,3803,3762,41,12,37.0,normal,0,0,0
2026-01-02 06:39:00,1300,medium,client_1,server_1,router_1,2,client-router-server,5.33,1.21,32,40.37,51.37,52.51,46.77,4.82,5.33,0.08,4012,4009,3,2,56.66,normal,0,0,0
2026-01-02 06:40:00,1301,medium,client_2,server_1,router_1,2,client-router-server,5.27,1.24,33,31.08,26.46,27.99,39.76,5.72,5.27,0.01,5868,5867,1,0,38.13,normal,0,0,0
2026-01-02 06:41:00,1302,medium,client_1,server_1,router_1,2,client-router-server,3.95,1.21,21,22.21,29.0,24.82,42.03,6.33,3.95,0.01,1123,1122,1,1,31.53,normal,0,0,0
2026-01-02 06:42:00,1303,medium,client_3,server_1,router_1,2,client-router-server,3.78,1.26,23,65.3,100.0,89.26,107.22,12.48,3.78,4.15,5281,5062,219,74,27.23,normal,0,0,1
2026-01-02 06:43:00,1304,medium,client_3,server_1,router_1,2,client-router-server,4.48,1.07,31,21.33,30.84,18.82,32.99,8.03,4.48,0.01,2282,2281,1,1,10.47,normal,0,0,0
2026-01-02 06:44:00,1305,medium,client_3,server_1,router_1,2,client-router-server,5.81,1.26,28,53.54,29.62,26.83,45.27,6.31,5.81,0.01,2039,2038,1,0,18.86,normal,0,0,0
2026-01-02 06:45:00,1306,medium,client_3,server_1,router_1,2,client-router-server,4.27,1.26,20,86.5,62.46,48.67,56.07,7.78,4.27,0.93,1339,1327,12,2,21.38,normal,0,0,0
2026-01-02 06:46:00,1307,medium,client_2,server_1,router_1,2,client-router-server,4.0,0.83,20,71.16,87.8,99.76,105.19,8.0,4.0,1.36,2604,2569,35,25,31.86,normal,0,0,1
2026-01-02 06:47:00,1308,medium,client_3,server_1,router_1,2,client-router-server,5.76,0.72,30,25.4,17.69,10.4,24.52,9.03,5.76,0.01,3249,3248,1,1,8.65,normal,0,0,0
2026-01-02 06:48:00,1309,medium,client_3,server_1,router_1,2,client-router-server,4.6,0.75,29,36.49,35.43,42.23,50.16,5.74,4.6,0.01,2579,2578,1,0,40.83,normal,0,0,0
2026-01-02 06:49:00,1310,medium,client_2,server_1,router_1,2,client-router-server,4.2,0.89,21,67.67,69.64,83.04,100.04,6.8,4.2,1.11,4139,4094,45,24,44.12,normal,0,0,1
2026-01-02 06:50:00,1311,medium,client_1,server_1,router_1,2,client-router-server,4.12,0.73,28,48.33,75.42,50.12,71.19,4.08,4.12,3.03,3065,2973,92,35,31.08,normal,0,0,0
2026-01-02 06:51:00,1312,medium,client_1,server_1,router_1,2,client-router-server,6.15,1.26,32,49.51,31.78,36.09,41.68,8.15,6.15,0.01,1322,1321,1,0,30.25,normal,0,0,0
2026-01-02 06:52:00,1313,medium,client_1,server_1,router_1,2,client-router-server,5.77,1.17,28,69.55,76.26,76.56,94.59,9.2,5.77,2.52,3223,3142,81,59,40.07,normal,0,0,1
2026-01-02 06:53:00,1314,medium,client_3,server_1,router_1,2,client-router-server,5.64,1.24,25,60.45,51.44,26.49,43.99,8.38,5.64,0.1,5825,5820,5,5,55.67,normal,0,0,0
2026-01-02 06:54:00,1315,medium,client_3,server_1,router_1,2,client-router-server,5.21,1.24,21,82.51,86.66,80.87,111.7,8.54,5.21,2.69,4294,4179,115,40,13.92,normal,0,0,1
2026-01-02 06:55:00,1316,medium,client_3,server_1,router_1,2,client-router-server,4.23,1.24,20,41.68,64.13,33.18,69.76,6.19,4.23,1.01,1192,1180,12,2,26.6,normal,0,0,0
2026-01-02 06:56:00,1317,medium,client_2,server_1,router_1,2,client-router-server,5.78,1.27,25,39.64,41.86,33.65,41.99,9.2,5.78,0.01,1660,1659,1,0,30.91,normal,0,0,0
2026-01-02 06:57:00,1318,medium,client_3,server_1,router_1,2,client-router-server,4.62,1.22,23,23.95,18.95,15.77,33.44,9.34,4.62,0.01,5457,5456,1,0,48.05,normal,0,0,0
2026-01-02 06:58:00,1319,medium,client_2,server_1,router_1,2,client-router-server,5.34,0.91,28,89.99,93.54,81.82,109.05,12.81,5.34,1.62,4009,3945,64,64,6.14,normal,0,0,1
2026-01-02 06:59:00,1320,medium,client_1,server_1,router_1,2,client-router-server,5.82,1.3,20,49.84,41.6,34.89,36.32,3.03,5.82,0.01,5625,5624,1,0,58.05,normal,0,0,0
2026-01-02 07:00:00,1321,medium,client_2,server_1,router_1,2,client-router-server,6.03,1.07,26,87.52,51.01,37.42,71.17,7.94,6.03,0.07,4702,4699,3,0,56.48,normal,0,0,0
2026-01-02 07:01:00,1322,medium,client_3,server_1,router_1,2,client-router-server,5.6,0.9,30,52.49,39.64,27.89,56.03,5.69,5.6,0.01,3749,3748,1,0,39.97,normal,0,0,0
2026-01-02 07:02:00,1323,medium,client_1,server_1,router_1,2,client-router-server,6.06,1.14,25,32.93,28.0,30.36,39.82,5.81,6.06,0.01,5690,5689,1,1,9.86,normal,0,0,0
2026-01-02 07:03:00,1324,medium,client_2,server_1,router_1,2,client-router-server,5.42,1.27,20,36.84,27.17,22.72,41.17,3.34,5.42,0.01,1506,1505,1,1,48.78,normal,0,0,0
2026-01-02 07:04:00,1325,medium,client_2,server_1,router_1,2,client-router-server,5.27,0.99,30,94.67,81.2,78.54,100.1,3.89,5.27,1.8,2236,2196,40,21,44.48,normal,0,0,1
2026-01-02 07:05:00,1326,medium,client_3,server_1,router_1,2,client-router-server,5.27,1.39,21,47.1,52.02,51.02,63.91,6.16,5.27,0.15,4223,4217,6,1,55.82,normal,0,0,0
2026-01-02 07:06:00,1327,medium,client_3,server_1,router_1,2,client-router-server,3.79,1.1,30,92.92,91.71,93.05,97.96,8.91,3.79,2.79,2581,2509,72,3,58.37,normal,0,0,1
2026-01-02 07:07:00,1328,medium,client_1,server_1,router_1,2,client-router-server,4.29,1.14,25,90.62,100.0,69.19,103.56,7.78,4.29,3.87,5278,5074,204,127,29.36,normal,0,0,1
2026-01-02 07:08:00,1329,medium,client_1,server_1,router_1,2,client-router-server,5.5,0.79,24,56.54,34.71,27.67,38.84,3.47,5.5,0.01,4334,4333,1,1,32.49,normal,0,0,0
2026-01-02 07:09:00,1330,medium,client_3,server_1,router_1,2,client-router-server,5.57,0.94,23,30.5,27.87,14.41,38.06,7.0,5.57,0.01,2382,2381,1,0,35.61,normal,0,0,0
2026-01-02 07:10:00,1331,medium,client_3,server_1,router_1,2,client-router-server,4.94,0.98,32,31.58,24.44,13.97,38.39,3.99,4.94,0.01,5590,5589,1,1,26.63,normal,0,0,0
2026-01-02 07:11:00,1332,medium,client_2,server_1,router_1,2,client-router-server,4.86,0.98,20,39.21,52.19,35.31,71.55,6.39,4.86,0.1,3485,3482,3,3,51.46,normal,0,0,0
2026-01-02 07:12:00,1333,medium,client_2,server_1,router_1,2,client-router-server,3.92,1.28,32,28.61,32.72,26.93,34.14,6.75,3.92,0.01,4721,4720,1,0,44.14,normal,0,0,0
2026-01-02 07:13:00,1334,medium,client_1,server_1,router_1,2,client-router-server,4.85,0.87,30,21.73,25.68,25.59,42.56,5.55,4.85,0.01,1942,1941,1,0,35.01,normal,0,0,0
2026-01-02 07:14:00,1335,medium,client_1,server_1,router_1,2,client-router-server,5.68,1.26,27,52.68,35.11,32.46,43.82,8.0,5.68,0.01,2038,2037,1,1,50.44,normal,0,0,0
2026-01-02 07:15:00,1336,medium,client_3,server_1,router_1,2,client-router-server,5.41,1.24,28,28.9,34.83,37.09,38.89,6.57,5.41,0.01,3146,3145,1,0,10.68,normal,0,0,0
2026-01-02 07:16:00,1337,medium,client_3,server_1,router_1,2,client-router-server,5.43,0.9,21,22.45,20.05,13.15,29.64,6.26,5.43,0.01,2927,2926,1,1,33.59,normal,0,0,0
2026-01-02 07:17:00,1338,medium,client_3,server_1,router_1,2,client-router-server,4.94,0.77,20,70.57,50.6,40.97,55.78,3.72,4.94,0.05,2594,2593,1,0,50.82,normal,0,0,0
2026-01-02 07:18:00,1339,medium,client_2,server_1,router_1,2,client-router-server,6.11,0.73,24,40.36,20.19,17.53,30.87,2.58,6.11,0.01,2310,2309,1,0,36.14,normal,0,0,0
2026-01-02 07:19:00,1340,medium,client_2,server_1,router_1,2,client-router-server,5.66,1.38,24,82.11,62.43,63.94,49.2,8.03,5.66,0.84,4407,4370,37,20,35.53,normal,0,0,0
2026-01-02 07:20:00,1341,medium,client_3,server_1,router_1,2,client-router-server,5.95,1.06,20,89.66,64.51,40.31,62.56,11.35,5.95,0.91,1984,1966,18,16,47.26,normal,0,0,0
2026-01-02 07:21:00,1342,medium,client_1,server_1,router_1,2,client-router-server,6.07,1.4,31,38.56,30.65,18.62,46.84,9.02,6.07,0.01,2266,2265,1,0,54.96,normal,0,0,0
2026-01-02 07:22:00,1343,medium,client_1,server_1,router_1,2,client-router-server,5.11,0.89,27,25.29,32.66,26.03,45.14,8.63,5.11,0.01,4207,4206,1,0,11.21,normal,0,0,0
2026-01-02 07:23:00,1344,medium,client_2,server_1,router_1,2,client-router-server,5.2,1.29,33,93.34,94.15,76.43,118.2,8.35,5.2,4.24,2365,2265,100,88,37.69,normal,0,0,1
2026-01-02 07:24:00,1345,medium,client_1,server_1,router_1,2,client-router-server,5.09,0.89,30,61.9,77.93,55.68,61.44,9.67,5.09,2.3,5428,5304,124,62,40.47,normal,0,0,0
2026-01-02 07:25:00,1346,medium,client_2,server_1,router_1,2,client-router-server,4.1,1.16,25,65.68,97.65,64.53,78.35,8.57,4.1,2.92,2216,2152,64,28,19.44,normal,0,0,1
2026-01-02 07:26:00,1347,medium,client_3,server_1,router_1,2,client-router-server,4.84,0.89,28,81.2,94.8,49.17,79.07,12.05,4.84,2.18,2225,2177,48,37,27.52,normal,0,0,1
2026-01-02 07:27:00,1348,medium,client_3,server_1,router_1,2,client-router-server,5.72,1.25,29,70.19,70.02,75.39,82.97,4.82,5.72,1.19,1345,1329,16,5,30.53,normal,0,0,1
2026-01-02 07:28:00,1349,medium,client_3,server_1,router_1,2,client-router-server,4.44,1.25,29,71.17,100.0,100.0,75.66,9.21,4.44,5.81,2324,2189,135,131,20.38,normal,0,0,1
2026-01-02 07:29:00,1350,medium,client_2,server_1,router_1,2,client-router-server,4.39,1.05,28,75.4,100.0,90.34,80.27,9.75,4.39,3.83,5424,5217,207,5,58.9,normal,0,0,1
2026-01-02 07:30:00,1351,medium,client_1,server_1,router_1,2,client-router-server,5.41,0.8,20,82.12,67.12,71.25,54.87,9.82,5.41,0.84,3636,3606,30,14,22.68,normal,0,0,0
2026-01-02 07:31:00,1352,medium,client_3,server_1,router_1,2,client-router-server,6.01,1.19,22,44.76,44.97,49.97,51.26,3.93,6.01,0.01,1108,1107,1,0,10.72,normal,0,0,0
2026-01-02 07:32:00,1353,medium,client_3,server_1,router_1,2,client-router-server,5.89,1.18,21,29.58,20.55,12.97,29.74,8.63,5.89,0.01,2109,2108,1,1,11.38,normal,0,0,0
2026-01-02 07:33:00,1354,medium,client_2,server_1,router_1,2,client-router-server,5.49,0.9,30,53.64,59.84,32.04,79.67,9.56,5.49,0.72,3353,3329,24,17,31.36,normal,0,0,0
2026-01-02 07:34:00,1355,medium,client_2,server_1,router_1,2,client-router-server,6.11,1.28,23,91.45,76.72,56.26,59.03,6.43,6.11,2.29,1465,1432,33,2,44.39,normal,0,0,0
2026-01-02 07:35:00,1356,medium,client_1,server_1,router_1,2,client-router-server,5.68,1.02,24,68.07,39.81,20.31,37.35,7.33,5.68,0.01,3588,3587,1,1,53.16,normal,0,0,0
2026-01-02 07:36:00,1357,medium,client_1,server_1,router_1,2,client-router-server,5.69,1.09,32,81.96,86.48,99.58,115.9,10.35,5.69,2.28,2136,2088,48,21,32.99,normal,0,0,1
2026-01-02 07:37:00,1358,medium,client_2,server_1,router_1,2,client-router-server,4.82,0.74,28,47.01,44.26,52.67,53.76,7.31,4.82,0.01,4874,4873,1,0,17.33,normal,0,0,0
2026-01-02 07:38:00,1359,medium,client_1,server_1,router_1,2,client-router-server,4.41,0.7,25,46.43,67.32,44.91,66.87,6.46,4.41,0.93,5167,5119,48,18,20.83,normal,0,0,0
2026-01-02 07:39:00,1360,medium,client_1,server_1,router_1,2,client-router-server,4.57,0.98,31,72.44,94.8,61.47,73.21,6.61,4.57,2.69,1537,1496,41,33,10.74,normal,0,0,1
2026-01-02 07:40:00,1361,medium,client_1,server_1,router_1,2,client-router-server,5.94,0.75,23,60.11,56.87,42.3,63.65,5.24,5.94,0.79,3016,2993,23,20,13.35,normal,0,0,0
2026-01-02 07:41:00,1362,medium,client_3,server_1,router_1,2,client-router-server,4.91,0.88,29,54.52,37.18,32.12,53.7,7.58,4.91,0.01,2586,2585,1,1,7.84,normal,0,0,0
2026-01-02 07:42:00,1363,medium,client_3,server_1,router_1,2,client-router-server,5.26,1.04,20,84.96,76.79,91.87,71.1,8.99,5.26,1.94,2683,2631,52,40,21.82,normal,0,0,0
2026-01-02 07:43:00,1364,medium,client_3,server_1,router_1,2,client-router-server,5.01,0.83,28,59.99,39.83,37.53,35.97,9.84,5.01,0.01,3591,3590,1,0,34.68,normal,0,0,0
2026-01-02 07:44:00,1365,medium,client_3,server_1,router_1,2,client-router-server,3.92,0.92,26,67.59,99.61,100.0,121.17,7.64,3.92,2.92,2099,2038,61,26,6.09,normal,0,0,1
2026-01-02 07:45:00,1366,medium,client_2,server_1,router_1,2,client-router-server,6.24,1.31,24,24.66,20.26,23.31,35.9,6.41,6.24,0.01,5695,5694,1,1,25.59,normal,0,0,0
2026-01-02 07:46:00,1367,medium,client_1,server_1,router_1,2,client-router-server,4.32,0.87,30,32.79,37.83,25.32,53.15,3.7,4.32,0.01,3515,3514,1,0,14.41,normal,0,0,0
2026-01-02 07:47:00,1368,medium,client_3,server_1,router_1,2,client-router-server,4.25,1.27,24,44.58,65.49,64.52,51.66,8.69,4.25,0.91,1832,1816,16,12,59.66,normal,0,0,0
2026-01-02 07:48:00,1369,medium,client_2,server_1,router_1,2,client-router-server,6.03,1.37,24,77.86,53.35,31.36,68.3,5.06,6.03,0.12,4806,4801,5,2,39.87,normal,0,0,0
2026-01-02 07:49:00,1370,medium,client_1,server_1,router_1,2,client-router-server,4.7,1.38,28,75.77,98.74,100.0,96.3,10.41,4.7,2.37,1016,992,24,5,40.73,normal,0,0,1
2026-01-02 07:50:00,1371,medium,client_3,server_1,router_1,2,client-router-server,5.56,0.95,26,92.79,76.64,42.28,70.76,7.49,5.56,2.39,2401,2344,57,21,13.29,normal,0,0,0
2026-01-02 07:51:00,1372,medium,client_3,server_1,router_1,2,client-router-server,5.57,1.26,21,40.17,48.96,53.76,43.6,3.48,5.57,0.01,1356,1355,1,1,45.16,normal,0,0,0
2026-01-02 07:52:00,1373,medium,client_2,server_1,router_1,2,client-router-server,5.33,1.35,28,47.27,53.25,57.26,79.72,6.49,5.33,0.14,1291,1290,1,1,56.02,normal,0,0,0
2026-01-02 07:53:00,1374,medium,client_1,server_1,router_1,2,client-router-server,6.15,1.05,20,77.29,87.64,81.41,61.6,8.1,6.15,3.18,2352,2278,74,25,19.74,normal,0,0,0
2026-01-02 07:54:00,1375,medium,client_1,server_1,router_1,2,client-router-server,6.01,1.09,32,48.05,55.73,36.66,52.67,10.11,6.01,0.43,1518,1512,6,4,47.36,normal,0,0,0
2026-01-02 07:55:00,1376,medium,client_1,server_1,router_1,2,client-router-server,5.07,1.02,29,62.29,56.0,49.97,44.11,5.74,5.07,0.56,2658,2644,14,14,33.85,normal,0,0,0
2026-01-02 07:56:00,1377,medium,client_3,server_1,router_1,2,client-router-server,5.2,0.97,22,50.45,40.32,28.74,44.74,8.23,5.2,0.01,3729,3728,1,1,42.37,normal,0,0,0
2026-01-02 07:57:00,1378,medium,client_2,server_1,router_1,2,client-router-server,6.17,0.9,28,64.64,33.06,25.73,40.75,5.61,6.17,0.01,2090,2089,1,0,16.11,normal,0,0,0
2026-01-02 07:58:00,1379,medium,client_1,server_1,router_1,2,client-router-server,4.35,0.94,24,38.02,28.46,16.32,25.39,5.54,4.35,0.01,3017,3016,1,1,46.73,normal,0,0,0
2026-01-02 07:59:00,1380,medium,client_1,server_1,router_1,2,client-router-server,5.86,1.18,32,70.37,83.2,50.16,56.19,11.25,5.86,1.32,2771,2735,36,10,35.46,normal,0,0,0
2026-01-02 08:00:00,1381,medium,client_1,server_1,router_1,2,client-router-server,5.34,0.74,24,20.15,25.36,17.97,26.32,6.91,5.34,0.01,2895,2894,1,0,47.57,normal,0,0,0
2026-01-02 08:01:00,1382,medium,client_1,server_1,router_1,2,client-router-server,6.1,0.86,21,34.3,20.72,19.92,24.61,6.46,6.1,0.01,5646,5645,1,0,44.28,normal,0,0,0
2026-01-02 08:02:00,1383,medium,client_1,server_1,router_1,2,client-router-server,4.7,1.33,32,32.13,37.91,31.82,42.43,7.91,4.7,0.01,4999,4998,1,1,20.72,normal,0,0,0
2026-01-02 08:03:00,1384,medium,client_3,server_1,router_1,2,client-router-server,5.92,0.97,32,92.49,75.52,87.13,69.03,4.24,5.92,2.03,4808,4711,97,5,37.86,normal,0,0,0
2026-01-02 08:04:00,1385,medium,client_1,server_1,router_1,2,client-router-server,4.22,0.8,26,24.11,19.93,23.49,28.57,7.47,4.22,0.01,2620,2619,1,1,15.29,normal,0,0,0
2026-01-02 08:05:00,1386,medium,client_2,server_1,router_1,2,client-router-server,4.93,1.12,32,64.87,63.18,51.71,69.67,10.07,4.93,0.63,1524,1515,9,4,28.77,normal,0,0,0
2026-01-02 08:06:00,1387,medium,client_1,server_1,router_1,2,client-router-server,5.89,1.04,22,94.37,60.68,60.95,49.98,9.09,5.89,0.49,3767,3749,18,0,26.16,normal,0,0,0
2026-01-02 08:07:00,1388,medium,client_1,server_1,router_1,2,client-router-server,6.05,0.81,32,63.57,65.91,34.91,76.52,4.09,6.05,0.58,2314,2301,13,2,37.46,normal,0,0,0
2026-01-02 08:08:00,1389,medium,client_2,server_1,router_1,2,client-router-server,5.41,1.18,26,53.21,54.88,35.91,66.26,10.73,5.41,0.3,2280,2274,6,5,58.1,normal,0,0,0
2026-01-02 08:09:00,1390,medium,client_1,server_1,router_1,2,client-router-server,4.63,1.11,30,91.58,74.91,55.39,93.99,11.77,4.63,1.27,4660,4601,59,32,40.42,normal,0,0,1
2026-01-02 08:10:00,1391,medium,client_3,server_1,router_1,2,client-router-server,5.27,0.83,21,74.85,61.94,64.03,72.7,8.72,5.27,0.88,1484,1471,13,8,43.46,normal,0,0,0
2026-01-02 08:11:00,1392,medium,client_2,server_1,router_1,2,client-router-server,5.45,1.02,22,36.87,20.67,17.31,29.83,7.62,5.45,0.01,5120,5119,1,1,26.66,normal,0,0,0
2026-01-02 08:12:00,1393,medium,client_2,server_1,router_1,2,client-router-server,5.61,0.8,31,67.26,40.67,35.93,54.52,9.42,5.61,0.01,4121,4120,1,0,41.55,normal,0,0,0
2026-01-02 08:13:00,1394,medium,client_3,server_1,router_1,2,client-router-server,4.08,0.96,20,75.97,100.0,100.0,114.46,13.3,4.08,1.96,1508,1479,29,28,46.27,normal,0,0,1
2026-01-02 08:14:00,1395,medium,client_3,server_1,router_1,2,client-router-server,3.93,1.1,26,33.35,39.81,31.28,43.91,6.37,3.93,0.01,3173,3172,1,0,45.64,normal,0,0,0
2026-01-02 08:15:00,1396,medium,client_2,server_1,router_1,2,client-router-server,5.8,0.99,27,22.66,14.39,10.11,25.49,7.45,5.8,0.01,3217,3216,1,0,12.71,normal,0,0,0
2026-01-02 08:16:00,1397,medium,client_1,server_1,router_1,2,client-router-server,3.9,0.73,24,94.14,100.0,100.0,123.65,11.7,3.9,3.05,3183,3086,97,24,48.72,normal,0,0,1
2026-01-02 08:17:00,1398,medium,client_1,server_1,router_1,2,client-router-server,5.08,0.81,25,70.69,77.96,40.63,99.17,8.85,5.08,3.27,2526,2444,82,20,59.53,normal,0,0,1
2026-01-02 08:18:00,1399,medium,client_2,server_1,router_1,2,client-router-server,5.12,1.16,24,63.98,40.57,32.73,50.55,5.17,5.12,0.01,2906,2905,1,0,30.67,normal,0,0,0
2026-01-02 08:19:00,1400,medium,client_1,server_1,router_1,2,client-router-server,5.58,0.77,27,59.32,63.07,36.35,55.49,9.23,5.58,1.3,5964,5887,77,38,56.83,normal,0,0,0
2026-01-02 08:20:00,1401,medium,client_3,server_1,router_1,2,client-router-server,5.38,1.26,28,56.18,32.39,22.0,28.93,3.91,5.38,0.01,2575,2574,1,0,45.26,normal,0,0,0
2026-01-02 08:21:00,1402,medium,client_3,server_1,router_1,2,client-router-server,5.25,0.75,22,94.94,55.43,64.87,56.37,8.61,5.25,0.2,3248,3242,6,5,58.23,normal,0,0,0
2026-01-02 08:22:00,1403,medium,client_2,server_1,router_1,2,client-router-server,4.66,0.78,25,78.94,86.2,70.6,77.7,5.51,4.66,2.49,3930,3833,97,82,11.37,normal,0,0,0
2026-01-02 08:23:00,1404,medium,client_3,server_1,router_1,2,client-router-server,4.76,0.77,23,45.92,50.81,29.69,61.85,9.98,4.76,0.07,2886,2884,2,2,26.36,normal,0,0,0
2026-01-02 08:24:00,1405,medium,client_2,server_1,router_1,2,client-router-server,4.84,1.0,21,28.81,38.45,31.9,34.35,4.08,4.84,0.01,4218,4217,1,0,40.59,normal,0,0,0
2026-01-02 08:25:00,1406,medium,client_2,server_1,router_1,2,client-router-server,5.93,0.8,20,67.39,42.58,30.76,39.61,7.89,5.93,0.01,2531,2530,1,0,5.38,normal,0,0,0
2026-01-02 08:26:00,1407,medium,client_3,server_1,router_1,2,client-router-server,4.55,1.36,20,60.93,78.99,49.27,102.67,8.49,4.55,2.93,4510,4378,132,32,22.47,normal,0,0,1
2026-01-02 08:27:00,1408,medium,client_1,server_1,router_1,2,client-router-server,6.06,1.12,26,22.92,20.16,19.32,30.04,7.89,6.06,0.01,3202,3201,1,0,6.42,normal,0,0,0
2026-01-02 08:28:00,1409,medium,client_3,server_1,router_1,2,client-router-server,5.9,0.91,28,28.57,23.28,23.17,40.14,6.5,5.9,0.01,5229,5228,1,1,52.17,normal,0,0,0
2026-01-02 08:29:00,1410,medium,client_1,server_1,router_1,2,client-router-server,4.39,0.87,25,73.25,60.07,45.0,69.77,5.48,4.39,0.34,3134,3124,10,10,14.55,normal,0,0,0
2026-01-02 08:30:00,1411,medium,client_3,server_1,router_1,2,client-router-server,5.85,0.8,26,66.9,75.21,66.49,99.64,3.08,5.85,2.49,2111,2059,52,44,53.29,normal,0,0,1
2026-01-02 08:31:00,1412,medium,client_2,server_1,router_1,2,client-router-server,4.93,1.05,23,21.44,23.79,15.78,29.09,4.78,4.93,0.01,2103,2102,1,1,57.84,normal,0,0,0
2026-01-02 08:32:00,1413,medium,client_1,server_1,router_1,2,client-router-server,5.9,1.28,30,46.89,30.8,31.41,30.7,5.17,5.9,0.01,3039,3038,1,1,26.19,normal,0,0,0
2026-01-02 08:33:00,1414,medium,client_2,server_1,router_1,2,client-router-server,5.82,1.09,30,32.3,37.01,33.78,56.62,8.38,5.82,0.01,4286,4285,1,0,53.49,normal,0,0,0
2026-01-02 08:34:00,1415,medium,client_2,server_1,router_1,2,client-router-server,3.97,0.85,29,51.75,89.38,79.39,61.73,4.61,3.97,3.19,4911,4755,156,100,54.4,normal,0,0,0
2026-01-02 08:35:00,1416,medium,client_2,server_1,router_1,2,client-router-server,5.97,1.2,20,78.09,50.06,53.63,61.62,8.92,5.97,0.01,5040,5039,1,1,5.47,normal,0,0,0
2026-01-02 08:36:00,1417,medium,client_2,server_1,router_1,2,client-router-server,3.84,1.23,20,59.46,97.95,52.31,101.36,7.05,3.84,4.14,1392,1335,57,44,44.03,normal,0,0,1
2026-01-02 08:37:00,1418,medium,client_1,server_1,router_1,2,client-router-server,5.98,0.73,25,93.77,100.0,71.81,69.81,8.74,5.98,1.8,2730,2681,49,26,8.62,normal,0,0,1
2026-01-02 08:38:00,1419,medium,client_1,server_1,router_1,2,client-router-server,6.13,1.07,31,33.5,29.73,15.75,33.34,7.02,6.13,0.01,3543,3542,1,0,27.72,normal,0,0,0
2026-01-02 08:39:00,1420,medium,client_3,server_1,router_1,2,client-router-server,3.98,1.4,20,37.78,45.28,40.5,66.5,2.88,3.98,0.01,4042,4041,1,0,58.3,normal,0,0,0
2026-01-02 08:40:00,1421,medium,client_1,server_1,router_1,2,client-router-server,5.35,1.08,24,34.12,24.21,26.93,30.7,5.54,5.35,0.01,2452,2451,1,1,7.88,normal,0,0,0
2026-01-02 08:41:00,1422,medium,client_3,server_1,router_1,2,client-router-server,5.21,1.32,26,22.68,16.77,14.2,26.07,4.79,5.21,0.01,2666,2665,1,1,56.84,normal,0,0,0
2026-01-02 08:42:00,1423,medium,client_1,server_1,router_1,2,client-router-server,4.98,0.76,24,69.6,53.22,61.41,62.07,6.24,4.98,0.23,1211,1209,2,0,32.09,normal,0,0,0
2026-01-02 08:43:00,1424,medium,client_1,server_1,router_1,2,client-router-server,5.76,1.19,21,20.23,10.61,6.44,17.31,8.08,5.76,0.01,1201,1200,1,1,24.11,normal,0,0,0
2026-01-02 08:44:00,1425,medium,client_3,server_1,router_1,2,client-router-server,4.75,1.19,32,79.76,56.04,28.74,72.69,4.84,4.75,0.51,5833,5804,29,9,45.97,normal,0,0,0
2026-01-02 08:45:00,1426,medium,client_2,server_1,router_1,2,client-router-server,4.1,0.71,31,25.62,35.98,42.8,50.33,8.18,4.1,0.01,1308,1307,1,0,44.83,normal,0,0,0
2026-01-02 08:46:00,1427,medium,client_1,server_1,router_1,2,client-router-server,4.78,1.14,28,68.73,84.61,76.94,112.7,10.63,4.78,2.23,4282,4187,95,32,53.04,normal,0,0,1
2026-01-02 08:47:00,1428,medium,client_1,server_1,router_1,2,client-router-server,6.2,0.91,33,34.4,24.46,27.24,41.73,5.47,6.2,0.01,4363,4362,1,0,48.17,normal,0,0,0
2026-01-02 08:48:00,1429,medium,client_2,server_1,router_1,2,client-router-server,5.42,1.24,23,74.89,83.91,95.05,84.76,7.37,5.42,3.98,3697,3550,147,112,23.67,normal,0,0,1
2026-01-02 08:49:00,1430,medium,client_2,server_1,router_1,2,client-router-server,4.29,1.26,29,42.95,51.2,33.41,46.3,7.05,4.29,0.05,2359,2358,1,1,34.55,normal,0,0,0
2026-01-02 08:50:00,1431,medium,client_1,server_1,router_1,2,client-router-server,6.13,0.71,33,35.2,19.03,10.44,32.71,8.23,6.13,0.01,1037,1036,1,1,7.43,normal,0,0,0
2026-01-02 08:51:00,1432,medium,client_2,server_1,router_1,2,client-router-server,4.86,1.15,33,43.8,51.47,51.16,45.48,5.92,4.86,0.12,2790,2787,3,2,18.78,normal,0,0,0
2026-01-02 08:52:00,1433,medium,client_1,server_1,router_1,2,client-router-server,5.32,0.72,30,69.43,40.08,26.56,47.46,5.86,5.32,0.01,4088,4087,1,1,38.15,normal,0,0,0
2026-01-02 08:53:00,1434,medium,client_1,server_1,router_1,2,client-router-server,6.24,0.84,24,42.07,23.93,23.88,37.64,8.66,6.24,0.01,1628,1627,1,1,41.45,normal,0,0,0
2026-01-02 08:54:00,1435,medium,client_2,server_1,router_1,2,client-router-server,6.23,0.87,20,54.97,48.28,51.04,63.36,8.33,6.23,0.01,1508,1507,1,0,55.16,normal,0,0,0
2026-01-02 08:55:00,1436,medium,client_2,server_1,router_1,2,client-router-server,5.07,1.04,32,43.9,46.86,44.61,45.91,4.1,5.07,0.01,5588,5587,1,0,21.74,normal,0,0,0
2026-01-02 08:56:00,1437,medium,client_3,server_1,router_1,2,client-router-server,4.89,1.01,24,30.85,42.01,27.54,57.14,2.67,4.89,0.01,1454,1453,1,1,32.96,normal,0,0,0
2026-01-02 08:57:00,1438,medium,client_2,server_1,router_1,2,client-router-server,4.23,0.85,25,20.04,28.42,23.84,44.2,7.55,4.23,0.01,2801,2800,1,1,52.22,normal,0,0,0
2026-01-02 08:58:00,1439,medium,client_2,server_1,router_1,2,client-router-server,4.93,1.06,21,40.18,27.21,20.39,40.74,8.56,4.93,0.01,4405,4404,1,0,40.27,normal,0,0,0
2026-01-02 08:59:00,1440,medium,client_3,server_1,router_1,2,client-router-server,4.36,0.75,22,92.06,88.83,65.68,86.25,6.31,4.36,2.43,2662,2598,64,7,46.94,normal,0,0,1
2026-01-02 09:00:00,1441,medium,client_2,server_1,router_1,2,client-router-server,5.66,1.17,20,26.0,24.72,17.66,38.96,3.14,5.66,0.01,5184,5183,1,0,54.77,normal,0,0,0
2026-01-02 09:01:00,1442,medium,client_3,server_1,router_1,2,client-router-server,4.87,0.9,30,89.06,73.11,77.86,83.31,7.48,4.87,1.24,3438,3396,42,30,46.9,normal,0,0,1
2026-01-02 09:02:00,1443,medium,client_1,server_1,router_1,2,client-router-server,3.77,1.34,23,53.88,50.18,47.83,45.38,10.13,3.77,0.02,3800,3799,1,0,36.35,normal,0,0,0
2026-01-02 09:03:00,1444,medium,client_2,server_1,router_1,2,client-router-server,4.67,0.95,27,47.15,40.46,39.32,41.37,4.19,4.67,0.01,5689,5688,1,0,38.28,normal,0,0,0
2026-01-02 09:04:00,1445,medium,client_2,server_1,router_1,2,client-router-server,5.32,1.2,25,37.76,26.11,25.59,41.21,3.41,5.32,0.01,4258,4257,1,1,32.74,normal,0,0,0
2026-01-02 09:05:00,1446,medium,client_1,server_1,router_1,2,client-router-server,5.89,0.87,29,69.62,35.99,41.8,51.11,6.67,5.89,0.01,4655,4654,1,0,19.99,normal,0,0,0
2026-01-02 09:06:00,1447,medium,client_3,server_1,router_1,2,client-router-server,5.93,1.28,25,87.85,71.15,77.97,71.64,8.25,5.93,1.87,3183,3124,59,14,6.36,normal,0,0,0
2026-01-02 09:07:00,1448,medium,client_3,server_1,router_1,2,client-router-server,4.35,0.91,31,69.67,68.42,47.16,87.38,8.24,4.35,1.57,3126,3077,49,34,47.06,normal,0,0,1
2026-01-02 09:08:00,1449,medium,client_2,server_1,router_1,2,client-router-server,5.97,0.92,28,59.39,54.52,63.81,68.85,4.75,5.97,0.3,3088,3079,9,2,31.82,normal,0,0,0
2026-01-02 09:09:00,1450,medium,client_2,server_1,router_1,2,client-router-server,4.89,1.03,21,28.36,28.54,33.11,29.74,8.01,4.89,0.01,5004,5003,1,0,25.79,normal,0,0,0
2026-01-02 09:10:00,1451,medium,client_1,server_1,router_1,2,client-router-server,4.24,0.78,23,75.65,74.35,73.54,105.52,11.37,4.24,2.58,4402,4289,113,110,47.61,normal,0,0,1
2026-01-02 09:11:00,1452,medium,client_1,server_1,router_1,2,client-router-server,5.29,0.92,24,76.0,74.45,74.9,88.27,9.44,5.29,1.6,1622,1597,25,16,12.62,normal,0,0,1
2026-01-02 09:12:00,1453,medium,client_3,server_1,router_1,2,client-router-server,4.99,1.06,30,67.25,75.59,84.88,86.42,10.07,4.99,1.82,4630,4546,84,11,40.08,normal,0,0,1
2026-01-02 09:13:00,1454,medium,client_3,server_1,router_1,2,client-router-server,4.89,0.86,25,54.52,49.98,31.03,69.67,10.77,4.89,0.01,2549,2548,1,1,46.72,normal,0,0,0
2026-01-02 09:14:00,1455,medium,client_2,server_1,router_1,2,client-router-server,6.24,1.28,23,38.84,30.58,33.96,45.21,8.99,6.24,0.01,2480,2479,1,0,35.66,normal,0,0,0
2026-01-02 09:15:00,1456,medium,client_2,server_1,router_1,2,client-router-server,6.17,1.29,21,53.35,41.54,21.53,44.19,8.83,6.17,0.01,1958,1957,1,0,10.35,normal,0,0,0
2026-01-02 09:16:00,1457,medium,client_2,server_1,router_1,2,client-router-server,4.75,0.81,25,38.28,33.72,25.09,51.82,9.61,4.75,0.01,2432,2431,1,0,6.82,normal,0,0,0
2026-01-02 09:17:00,1458,medium,client_2,server_1,router_1,2,client-router-server,5.89,1.26,31,50.26,27.95,25.31,39.32,5.02,5.89,0.01,1346,1345,1,0,10.24,normal,0,0,0
2026-01-02 09:18:00,1459,medium,client_1,server_1,router_1,2,client-router-server,4.06,1.03,25,52.14,66.88,42.18,48.32,7.9,4.06,1.01,2580,2554,26,25,26.78,normal,0,0,0
2026-01-02 09:19:00,1460,medium,client_3,server_1,router_1,2,client-router-server,4.33,0.72,28,71.48,82.58,54.89,90.58,13.35,4.33,1.89,5747,5639,108,64,53.2,normal,0,0,1
2026-01-02 09:20:00,1461,medium,client_2,server_1,router_1,2,client-router-server,5.9,1.13,23,76.37,78.25,70.05,90.02,8.54,5.9,0.91,5755,5703,52,18,13.08,normal,0,0,1
2026-01-02 09:21:00,1462,medium,client_1,server_1,router_1,2,client-router-server,4.19,1.11,32,25.73,29.4,34.4,41.86,7.73,4.19,0.01,5435,5434,1,0,8.29,normal,0,0,0
2026-01-02 09:22:00,1463,medium,client_1,server_1,router_1,2,client-router-server,3.99,0.77,28,56.01,94.39,61.44,70.02,9.89,3.99,3.68,5880,5664,216,213,55.42,normal,0,0,1
2026-01-02 09:23:00,1464,medium,client_1,server_1,router_1,2,client-router-server,6.19,0.87,32,69.99,62.04,71.85,70.47,6.84,6.19,1.43,4180,4121,59,32,6.89,normal,0,0,0
2026-01-02 09:24:00,1465,medium,client_2,server_1,router_1,2,client-router-server,5.91,0.87,31,92.52,67.42,80.1,65.73,5.36,5.91,1.78,1970,1935,35,17,16.62,normal,0,0,0
2026-01-02 09:25:00,1466,medium,client_1,server_1,router_1,2,client-router-server,4.01,1.18,25,57.02,92.85,54.21,122.05,6.57,4.01,3.72,2065,1989,76,73,9.51,normal,0,0,1
2026-01-02 09:26:00,1467,medium,client_3,server_1,router_1,2,client-router-server,5.86,1.1,31,92.66,100.0,93.51,114.76,7.61,5.86,3.21,4410,4269,141,81,57.48,normal,0,0,1
2026-01-02 09:27:00,1468,medium,client_1,server_1,router_1,2,client-router-server,4.51,0.76,33,82.0,100.0,100.0,71.75,7.15,4.51,5.45,5258,4972,286,6,10.91,normal,0,0,1
2026-01-02 09:28:00,1469,medium,client_3,server_1,router_1,2,client-router-server,5.31,1.3,23,94.25,73.98,68.5,72.14,9.26,5.31,1.3,2700,2665,35,8,8.24,normal,0,0,0
2026-01-02 09:29:00,1470,medium,client_2,server_1,router_1,2,client-router-server,4.59,1.39,20,90.94,100.0,100.0,125.37,6.59,4.59,4.97,2415,2295,120,118,21.95,normal,0,0,1
2026-01-02 09:30:00,1471,medium,client_3,server_1,router_1,2,client-router-server,6.17,0.95,28,75.66,77.02,67.6,100.92,7.4,6.17,0.92,5516,5466,50,44,23.18,normal,0,0,1
2026-01-02 09:31:00,1472,medium,client_1,server_1,router_1,2,client-router-server,4.16,1.15,30,50.34,49.99,54.51,72.12,7.82,4.16,0.01,3369,3368,1,0,9.43,normal,0,0,0
2026-01-02 09:32:00,1473,medium,client_1,server_1,router_1,2,client-router-server,3.75,1.06,25,34.93,47.06,49.1,41.07,6.89,3.75,0.01,3951,3950,1,0,8.99,normal,0,0,0
2026-01-02 09:33:00,1474,medium,client_2,server_1,router_1,2,client-router-server,5.08,1.11,30,57.82,66.75,45.58,92.33,7.16,5.08,0.52,5217,5190,27,21,41.32,normal,0,0,1
2026-01-02 09:34:00,1475,medium,client_1,server_1,router_1,2,client-router-server,5.82,1.23,25,78.02,57.61,49.53,51.01,10.48,5.82,0.26,2755,2748,7,7,30.93,normal,0,0,0
2026-01-02 09:35:00,1476,medium,client_1,server_1,router_1,2,client-router-server,5.14,0.88,20,47.62,48.8,47.89,56.84,3.59,5.14,0.01,5515,5514,1,0,49.21,normal,0,0,0
2026-01-02 09:36:00,1477,medium,client_1,server_1,router_1,2,client-router-server,4.04,1.38,31,64.44,65.32,47.27,79.58,7.13,4.04,1.62,5049,4968,81,4,5.13,normal,0,0,0
2026-01-02 09:37:00,1478,medium,client_3,server_1,router_1,2,client-router-server,4.02,0.82,33,46.84,74.59,87.71,64.44,4.96,4.02,2.79,5773,5612,161,72,42.31,normal,0,0,0
2026-01-02 09:38:00,1479,medium,client_2,server_1,router_1,2,client-router-server,4.56,0.74,23,72.48,70.65,39.2,59.4,11.78,4.56,1.95,5620,5511,109,69,29.5,normal,0,0,0
2026-01-02 09:39:00,1480,medium,client_1,server_1,router_1,2,client-router-server,4.58,1.19,29,34.31,40.12,23.09,53.31,2.8,4.58,0.01,2918,2917,1,0,18.78,normal,0,0,0
2026-01-02 09:40:00,1481,medium,client_3,server_1,router_1,2,client-router-server,4.09,1.29,26,76.21,100.0,100.0,79.22,10.44,4.09,5.98,5229,4917,312,45,55.43,normal,0,0,1
2026-01-02 09:41:00,1482,medium,client_1,server_1,router_1,2,client-router-server,4.27,0.83,20,25.78,41.71,21.52,43.24,6.85,4.27,0.01,4196,4195,1,1,54.81,normal,0,0,0
2026-01-02 09:42:00,1483,medium,client_3,server_1,router_1,2,client-router-server,4.23,1.15,31,68.54,81.34,46.33,65.52,8.95,4.23,1.43,4986,4915,71,33,41.44,normal,0,0,0
2026-01-02 09:43:00,1484,medium,client_2,server_1,router_1,2,client-router-server,5.58,0.75,23,58.43,64.03,32.63,74.86,7.21,5.58,1.56,3214,3164,50,10,33.86,normal,0,0,0
2026-01-02 09:44:00,1485,medium,client_3,server_1,router_1,2,client-router-server,4.86,1.34,23,49.79,38.08,19.74,42.56,3.71,4.86,0.01,4053,4052,1,0,55.4,normal,0,0,0
2026-01-02 09:45:00,1486,medium,client_3,server_1,router_1,2,client-router-server,5.62,0.88,27,87.89,93.81,52.43,80.31,5.27,5.62,2.72,4015,3906,109,21,39.25,normal,0,0,1
2026-01-02 09:46:00,1487,medium,client_3,server_1,router_1,2,client-router-server,4.25,1.13,25,30.54,37.42,22.42,49.8,6.55,4.25,0.01,2327,2326,1,0,54.01,normal,0,0,0
2026-01-02 09:47:00,1488,medium,client_3,server_1,router_1,2,client-router-server,5.69,0.95,27,94.17,92.93,62.34,76.73,6.57,5.69,4.54,1911,1825,86,31,10.87,normal,0,0,1
2026-01-02 09:48:00,1489,medium,client_2,server_1,router_1,2,client-router-server,4.3,0.9,22,74.12,100.0,69.64,68.5,3.8,4.3,2.45,3476,3391,85,39,15.17,normal,0,0,1
2026-01-02 09:49:00,1490,medium,client_2,server_1,router_1,2,client-router-server,5.44,0.74,30,55.86,70.42,53.51,81.59,9.85,5.44,2.25,1192,1166,26,21,11.98,normal,0,0,1
2026-01-02 09:50:00,1491,medium,client_2,server_1,router_1,2,client-router-server,5.38,0.94,29,54.98,55.7,56.55,63.79,5.88,5.38,0.38,3504,3491,13,1,8.5,normal,0,0,0
2026-01-02 09:51:00,1492,medium,client_2,server_1,router_1,2,client-router-server,5.31,1.13,31,52.58,47.6,47.14,62.01,4.89,5.31,0.01,4628,4627,1,0,55.09,normal,0,0,0
2026-01-02 09:52:00,1493,medium,client_2,server_1,router_1,2,client-router-server,5.7,1.37,27,43.56,42.34,24.97,34.75,5.0,5.7,0.01,1067,1066,1,1,12.83,normal,0,0,0
2026-01-02 09:53:00,1494,medium,client_2,server_1,router_1,2,client-router-server,5.54,1.22,29,74.37,47.7,49.36,41.81,4.69,5.54,0.01,1609,1608,1,1,59.17,normal,0,0,0
2026-01-02 09:54:00,1495,medium,client_3,server_1,router_1,2,client-router-server,6.03,1.05,30,55.38,42.74,35.93,48.87,5.19,6.03,0.01,1556,1555,1,0,11.47,normal,0,0,0
2026-01-02 09:55:00,1496,medium,client_2,server_1,router_1,2,client-router-server,4.24,0.91,22,37.99,31.09,29.63,48.73,5.25,4.24,0.01,4303,4302,1,0,44.81,normal,0,0,0
2026-01-02 09:56:00,1497,medium,client_3,server_1,router_1,2,client-router-server,4.69,1.19,28,74.1,84.1,54.21,58.56,7.91,4.69,2.55,5252,5119,133,5,24.63,normal,0,0,0
2026-01-02 09:57:00,1498,medium,client_3,server_1,router_1,2,client-router-server,5.86,0.91,21,25.06,21.87,20.61,27.14,2.82,5.86,0.01,5934,5933,1,1,14.35,normal,0,0,0
2026-01-02 09:58:00,1499,medium,client_1,server_1,router_1,2,client-router-server,4.72,1.07,27,65.56,94.83,66.44,96.98,11.36,4.72,3.19,5292,5124,168,19,27.39,normal,0,0,1
2026-01-02 09:59:00,1500,medium,client_3,server_1,router_1,2,client-router-server,4.49,1.15,27,73.76,78.55,55.12,75.41,12.87,4.49,1.82,2925,2872,53,44,59.32,normal,0,0,0
