timestamp,time_step,scenario,source_node,destination_node,router_id,hop_count,path_length,bandwidth_mbps,traffic_interval_sec,active_users,traffic_load_mbps,utilization_percent,queue_occupancy_percent,latency_ms,jitter_ms,throughput_mbps,packet_loss_percent,tx_packets,rx_packets,lost_packets,retransmissions,flow_duration_sec,event_type,peak_hour,failure_event,sla_violation
2026-01-01 09:00:00,1,congestion,client_1,server_1,router_1,2,client-router-server,1.09,0.07,65,34.76,100.0,95.15,74.89,6.03,1.09,5.08,5221,4956,265,103,18.54,normal,0,0,1
2026-01-01 09:01:00,2,congestion,client_2,server_1,router_1,2,client-router-server,1.24,0.12,65,25.48,100.0,100.0,71.03,8.68,1.24,4.64,3159,3013,146,76,32.31,normal,0,0,1
2026-01-01 09:02:00,3,congestion,client_1,server_1,router_1,2,client-router-server,0.8,0.1,55,65.38,100.0,100.0,101.14,10.82,0.8,5.13,4997,4741,256,214,50.37,normal,0,0,1
2026-01-01 09:03:00,4,congestion,client_2,server_1,router_1,2,client-router-server,0.9,0.14,60,35.46,100.0,100.0,94.55,11.51,0.9,2.49,1571,1532,39,4,32.91,normal,0,0,1
2026-01-01 09:04:00,5,congestion,client_1,server_1,router_1,2,client-router-server,1.18,0.13,58,34.83,100.0,64.88,112.36,7.81,1.18,2.91,4064,3946,118,12,54.41,normal,0,0,1
2026-01-01 09:05:00,6,congestion,client_1,server_1,router_1,2,client-router-server,1.08,0.08,61,37.72,100.0,100.0,128.76,11.99,1.08,5.64,2924,2760,164,105,49.68,normal,0,0,1
2026-01-01 09:06:00,7,congestion,client_1,server_1,router_1,2,client-router-server,0.81,0.1,55,38.38,100.0,100.0,81.82,9.97,0.81,2.08,5987,5863,124,16,56.87,normal,0,0,1
2026-01-01 09:07:00,8,congestion,client_3,server_1,router_1,2,client-router-server,1.05,0.13,63,54.8,100.0,51.14,110.34,10.39,1.05,1.81,5657,5555,102,30,38.3,normal,0,0,1
2026-01-01 09:08:00,9,congestion,client_2,server_1,router_1,2,client-router-server,0.96,0.12,55,63.11,100.0,100.0,109.03,13.22,0.96,2.74,5967,5804,163,134,41.26,normal,0,0,1
2026-01-01 09:09:00,10,congestion,client_2,server_1,router_1,2,client-router-server,0.86,0.12,56,35.82,100.0,60.15,101.29,9.41,0.86,1.98,2670,2618,52,13,12.03,normal,0,0,1
2026-01-01 09:10:00,11,congestion,client_1,server_1,router_1,2,client-router-server,0.78,0.11,67,22.8,100.0,61.59,85.48,3.18,0.78,2.08,1014,993,21,18,23.6,normal,0,0,1
2026-01-01 09:11:00,12,congestion,client_3,server_1,router_1,2,client-router-server,0.98,0.08,57,21.98,81.03,41.64,90.16,6.81,0.98,1.52,4541,4472,69,0,28.93,normal,0,0,1
2026-01-01 09:12:00,13,congestion,client_3,server_1,router_1,2,client-router-server,0.99,0.07,67,28.78,100.0,84.54,84.1,11.3,0.99,4.27,4997,4784,213,105,17.99,normal,0,0,1
2026-01-01 09:13:00,14,congestion,client_3,server_1,router_1,2,client-router-server,1.14,0.14,62,48.65,100.0,59.6,107.9,12.67,1.14,3.69,5500,5298,202,140,9.88,normal,0,0,1
2026-01-01 09:14:00,15,congestion,client_1,server_1,router_1,2,client-router-server,1.24,0.11,59,30.97,100.0,77.51,131.68,5.29,1.24,1.81,1832,1799,33,15,37.41,normal,0,0,1
2026-01-01 09:15:00,16,congestion,client_3,server_1,router_1,2,client-router-server,0.93,0.11,63,43.15,100.0,64.15,127.23,9.29,0.93,2.65,2535,2468,67,36,5.65,normal,0,0,1
2026-01-01 09:16:00,17,congestion,client_3,server_1,router_1,2,client-router-server,1.0,0.11,63,77.24,100.0,65.52,63.67,12.28,1.0,2.17,1418,1388,30,1,50.35,normal,0,0,1
2026-01-01 09:17:00,18,congestion,client_2,server_1,router_1,2,client-router-server,1.1,0.08,59,90.0,100.0,100.0,95.75,9.4,1.1,3.93,1258,1209,49,12,52.84,normal,0,0,1
2026-01-01 09:18:00,19,congestion,client_1,server_1,router_1,2,client-router-server,0.93,0.08,63,54.74,100.0,96.68,124.05,9.96,0.93,2.24,3971,3883,88,79,19.58,normal,0,0,1
2026-01-01 09:19:00,20,congestion,client_1,server_1,router_1,2,client-router-server,1.2,0.12,61,63.14,100.0,65.92,107.13,8.7,1.2,3.23,3214,3111,103,87,20.79,normal,0,0,1
2026-01-01 09:20:00,21,congestion,client_2,server_1,router_1,2,client-router-server,1.08,0.12,60,47.28,100.0,58.98,118.57,8.56,1.08,5.33,2082,1972,110,59,20.43,normal,0,0,1
2026-01-01 09:21:00,22,congestion,client_2,server_1,router_1,2,client-router-server,0.98,0.12,62,89.61,100.0,90.53,86.69,10.8,0.98,1.94,2855,2800,55,25,8.08,normal,0,0,1
2026-01-01 09:22:00,23,congestion,client_2,server_1,router_1,2,client-router-server,0.96,0.14,59,57.38,100.0,71.51,106.91,4.39,0.96,1.63,4729,4652,77,6,6.29,normal,0,0,1
2026-01-01 09:23:00,24,congestion,client_2,server_1,router_1,2,client-router-server,1.22,0.13,67,24.87,100.0,100.0,80.14,10.04,1.22,4.53,5613,5359,254,159,49.35,normal,0,0,1
2026-01-01 09:24:00,25,congestion,client_1,server_1,router_1,2,client-router-server,1.17,0.09,55,78.01,100.0,86.76,105.23,9.55,1.17,5.72,1603,1512,91,89,8.75,normal,0,0,1
2026-01-01 09:25:00,26,congestion,client_3,server_1,router_1,2,client-router-server,1.25,0.09,57,92.29,100.0,100.0,75.76,9.59,1.25,4.79,2298,2188,110,94,47.54,normal,0,0,1
2026-01-01 09:26:00,27,congestion,client_1,server_1,router_1,2,client-router-server,0.97,0.11,66,25.81,100.0,64.83,125.47,9.96,0.97,3.43,4038,3900,138,74,42.67,normal,0,0,1
2026-01-01 09:27:00,28,congestion,client_1,server_1,router_1,2,client-router-server,1.08,0.12,62,61.78,100.0,91.28,99.38,8.66,1.08,1.86,4943,4852,91,88,12.2,normal,0,0,1
2026-01-01 09:28:00,29,congestion,client_1,server_1,router_1,2,client-router-server,0.97,0.13,63,74.89,100.0,94.07,127.51,7.5,0.97,4.69,4627,4410,217,184,16.64,normal,0,0,1
2026-01-01 09:29:00,30,congestion,client_3,server_1,router_1,2,client-router-server,0.92,0.14,63,28.21,100.0,93.08,96.54,7.48,0.92,2.1,2442,2391,51,43,34.62,normal,0,0,1
2026-01-01 09:30:00,31,congestion,client_3,server_1,router_1,2,client-router-server,1.04,0.13,55,56.12,100.0,99.7,98.55,9.86,1.04,4.38,2171,2076,95,35,23.9,normal,0,0,1
2026-01-01 09:31:00,32,congestion,client_1,server_1,router_1,2,client-router-server,0.79,0.13,66,29.67,100.0,55.88,73.03,11.8,0.79,3.04,3800,3685,115,94,47.84,normal,0,0,1
2026-01-01 09:32:00,33,congestion,client_2,server_1,router_1,2,client-router-server,0.82,0.08,58,42.95,100.0,86.9,118.26,13.25,0.82,4.95,1292,1229,63,44,8.81,normal,0,0,1
2026-01-01 09:33:00,34,congestion,client_3,server_1,router_1,2,client-router-server,1.13,0.13,67,25.62,100.0,100.0,123.32,11.29,1.13,2.77,5236,5091,145,63,24.39,normal,0,0,1
2026-01-01 09:34:00,35,congestion,client_1,server_1,router_1,2,client-router-server,0.99,0.12,62,24.55,100.0,55.2,103.07,8.1,0.99,2.54,1875,1828,47,31,53.62,normal,0,0,1
2026-01-01 09:35:00,36,congestion,client_1,server_1,router_1,2,client-router-server,0.84,0.07,67,85.3,100.0,100.0,136.62,12.0,0.84,5.91,1653,1556,97,86,10.79,normal,0,0,1
2026-01-01 09:36:00,37,congestion,client_2,server_1,router_1,2,client-router-server,0.95,0.08,57,41.59,100.0,56.62,114.02,11.84,0.95,5.28,5407,5122,285,147,54.88,normal,0,0,1
2026-01-01 09:37:00,38,congestion,client_1,server_1,router_1,2,client-router-server,1.25,0.09,65,87.46,100.0,58.2,114.66,11.78,1.25,5.23,5283,5007,276,213,44.66,normal,0,0,1
2026-01-01 09:38:00,39,congestion,client_3,server_1,router_1,2,client-router-server,0.95,0.1,61,72.13,100.0,88.0,95.5,12.23,0.95,4.49,3329,3180,149,82,25.66,normal,0,0,1
2026-01-01 09:39:00,40,congestion,client_3,server_1,router_1,2,client-router-server,0.93,0.13,61,89.79,100.0,100.0,114.22,12.97,0.93,4.22,1550,1485,65,60,58.05,normal,0,0,1
2026-01-01 09:40:00,41,congestion,client_1,server_1,router_1,2,client-router-server,0.96,0.12,68,72.14,100.0,70.22,132.06,10.32,0.96,1.91,5006,4911,95,95,7.86,normal,0,0,1
2026-01-01 09:41:00,42,congestion,client_2,server_1,router_1,2,client-router-server,1.01,0.07,60,43.22,100.0,100.0,109.98,12.62,1.01,2.76,5973,5809,164,22,6.0,normal,0,0,1
2026-01-01 09:42:00,43,congestion,client_1,server_1,router_1,2,client-router-server,0.81,0.11,58,82.16,100.0,85.94,117.31,6.9,0.81,3.48,3108,3000,108,36,51.58,normal,0,0,1
2026-01-01 09:43:00,44,congestion,client_1,server_1,router_1,2,client-router-server,0.96,0.09,66,76.56,100.0,56.08,128.57,10.13,0.96,3.26,3328,3220,108,19,35.69,normal,0,0,1
2026-01-01 09:44:00,45,congestion,client_2,server_1,router_1,2,client-router-server,1.18,0.11,59,22.87,84.29,68.3,73.04,5.09,1.18,4.07,5471,5249,222,214,12.14,normal,0,0,0
2026-01-01 09:45:00,46,congestion,client_1,server_1,router_1,2,client-router-server,0.92,0.11,66,38.4,100.0,82.19,83.61,14.3,0.92,3.23,4922,4764,158,158,38.03,normal,0,0,1
2026-01-01 09:46:00,47,congestion,client_2,server_1,router_1,2,client-router-server,0.79,0.08,68,77.03,100.0,77.77,73.09,8.78,0.79,4.82,1228,1169,59,29,48.02,normal,0,0,1
2026-01-01 09:47:00,48,congestion,client_1,server_1,router_1,2,client-router-server,0.98,0.07,65,39.71,100.0,80.36,70.23,11.03,0.98,5.36,1874,1774,100,7,38.01,normal,0,0,1
2026-01-01 09:48:00,49,congestion,client_3,server_1,router_1,2,client-router-server,1.01,0.08,56,28.74,100.0,98.04,108.44,12.61,1.01,5.57,5932,5602,330,143,30.46,normal,0,0,1
2026-01-01 09:49:00,50,congestion,client_3,server_1,router_1,2,client-router-server,1.21,0.08,68,68.08,100.0,77.36,66.25,13.79,1.21,1.56,2809,2766,43,14,33.59,normal,0,0,1
2026-01-01 09:50:00,51,congestion,client_1,server_1,router_1,2,client-router-server,1.1,0.11,65,83.55,100.0,76.18,97.32,8.26,1.1,2.11,3729,3651,78,78,12.26,normal,0,0,1
2026-01-01 09:51:00,52,congestion,client_1,server_1,router_1,2,client-router-server,1.21,0.12,65,24.85,100.0,81.1,69.46,9.48,1.21,4.97,5065,4814,251,103,31.78,normal,0,0,1
2026-01-01 09:52:00,53,congestion,client_2,server_1,router_1,2,client-router-server,0.81,0.08,63,88.51,100.0,85.87,84.97,10.93,0.81,3.73,1322,1273,49,25,43.68,normal,0,0,1
2026-01-01 09:53:00,54,congestion,client_3,server_1,router_1,2,client-router-server,1.25,0.11,60,52.05,100.0,71.71,130.28,11.79,1.25,2.59,1149,1120,29,13,46.21,normal,0,0,1
2026-01-01 09:54:00,55,congestion,client_3,server_1,router_1,2,client-router-server,0.86,0.14,62,88.85,100.0,100.0,90.92,4.62,0.86,4.01,3896,3740,156,52,8.86,normal,0,0,1
2026-01-01 09:55:00,56,congestion,client_1,server_1,router_1,2,client-router-server,0.85,0.13,55,76.41,100.0,71.17,102.16,10.9,0.85,5.04,4257,4043,214,17,20.15,normal,0,0,1
2026-01-01 09:56:00,57,congestion,client_1,server_1,router_1,2,client-router-server,0.86,0.11,66,53.11,100.0,100.0,97.3,6.82,0.86,5.89,3940,3708,232,122,42.36,normal,0,0,1
2026-01-01 09:57:00,58,congestion,client_1,server_1,router_1,2,client-router-server,1.08,0.12,66,48.83,100.0,100.0,80.46,10.16,1.08,5.22,4502,4267,235,13,19.31,normal,0,0,1
2026-01-01 09:58:00,59,congestion,client_2,server_1,router_1,2,client-router-server,1.12,0.12,64,89.97,100.0,99.74,74.78,15.04,1.12,5.08,5588,5305,283,260,9.38,normal,0,0,1
2026-01-01 09:59:00,60,congestion,client_3,server_1,router_1,2,client-router-server,1.16,0.14,59,37.69,100.0,100.0,104.74,6.58,1.16,4.42,3907,3735,172,161,9.15,normal,0,0,1
2026-01-01 10:00:00,61,congestion,client_3,server_1,router_1,2,client-router-server,1.04,0.13,61,76.9,100.0,100.0,120.83,12.11,1.04,1.96,2263,2219,44,34,26.0,normal,0,0,1
2026-01-01 10:01:00,62,congestion,client_1,server_1,router_1,2,client-router-server,0.98,0.08,56,71.25,100.0,52.27,74.61,11.97,0.98,5.32,3492,3307,185,73,48.91,normal,0,0,1
2026-01-01 10:02:00,63,congestion,client_2,server_1,router_1,2,client-router-server,0.85,0.11,63,30.74,100.0,62.83,86.32,8.4,0.85,3.14,3669,3554,115,115,29.41,normal,0,0,1
2026-01-01 10:03:00,64,congestion,client_1,server_1,router_1,2,client-router-server,1.24,0.12,64,56.62,100.0,75.12,68.13,12.24,1.24,4.92,5807,5522,285,56,19.62,normal,0,0,1
2026-01-01 10:04:00,65,congestion,client_1,server_1,router_1,2,client-router-server,1.04,0.12,68,77.99,100.0,91.67,90.63,7.94,1.04,5.9,4860,4574,286,31,18.6,normal,0,0,1
2026-01-01 10:05:00,66,congestion,client_3,server_1,router_1,2,client-router-server,1.14,0.12,63,81.61,100.0,77.22,128.34,5.41,1.14,4.43,4959,4740,219,51,30.75,normal,0,0,1
2026-01-01 10:06:00,67,congestion,client_1,server_1,router_1,2,client-router-server,1.0,0.09,56,59.87,100.0,51.18,70.75,8.8,1.0,2.8,1500,1458,42,10,23.81,normal,0,0,1
2026-01-01 10:07:00,68,congestion,client_3,server_1,router_1,2,client-router-server,0.98,0.07,62,58.29,100.0,100.0,71.56,8.96,0.98,5.8,3014,2840,174,161,24.04,normal,0,0,1
2026-01-01 10:08:00,69,congestion,client_2,server_1,router_1,2,client-router-server,0.88,0.12,65,37.46,100.0,100.0,76.71,9.72,0.88,5.94,3958,3723,235,170,8.34,normal,0,0,1
2026-01-01 10:09:00,70,congestion,client_1,server_1,router_1,2,client-router-server,1.0,0.09,64,87.04,100.0,76.64,100.73,5.36,1.0,4.7,1570,1497,73,36,27.04,normal,0,0,1
2026-01-01 10:10:00,71,congestion,client_1,server_1,router_1,2,client-router-server,0.84,0.13,64,80.64,100.0,100.0,71.55,14.22,0.84,1.8,3592,3528,64,3,9.38,normal,0,0,1
2026-01-01 10:11:00,72,congestion,client_2,server_1,router_1,2,client-router-server,0.97,0.13,62,65.15,100.0,100.0,90.93,7.67,0.97,5.37,2150,2035,115,41,49.78,normal,0,0,1
2026-01-01 10:12:00,73,congestion,client_1,server_1,router_1,2,client-router-server,0.79,0.12,62,81.05,100.0,100.0,115.15,6.86,0.79,2.3,2810,2746,64,52,53.45,normal,0,0,1
2026-01-01 10:13:00,74,congestion,client_3,server_1,router_1,2,client-router-server,1.11,0.13,59,56.36,100.0,79.36,69.45,9.21,1.11,5.53,2685,2537,148,147,51.56,normal,0,0,1
2026-01-01 10:14:00,75,congestion,client_3,server_1,router_1,2,client-router-server,0.83,0.14,58,92.62,100.0,91.48,128.68,8.87,0.83,3.82,4677,4499,178,2,11.05,normal,0,0,1
2026-01-01 10:15:00,76,congestion,client_3,server_1,router_1,2,client-router-server,0.79,0.09,59,71.34,100.0,78.8,80.82,4.67,0.79,5.21,5961,5651,310,243,33.65,normal,0,0,1
2026-01-01 10:16:00,77,congestion,client_2,server_1,router_1,2,client-router-server,1.24,0.09,66,23.33,100.0,94.53,85.85,8.34,1.24,5.45,1829,1730,99,87,45.72,normal,0,0,1
2026-01-01 10:17:00,78,congestion,client_2,server_1,router_1,2,client-router-server,0.96,0.09,64,41.08,100.0,97.01,125.32,11.13,0.96,3.0,4235,4108,127,15,29.71,normal,0,0,1
2026-01-01 10:18:00,79,congestion,client_3,server_1,router_1,2,client-router-server,1.11,0.13,58,34.26,100.0,51.51,63.82,9.2,1.11,5.09,2758,2618,140,130,20.54,normal,0,0,1
2026-01-01 10:19:00,80,congestion,client_3,server_1,router_1,2,client-router-server,1.01,0.08,56,35.49,100.0,81.29,88.57,9.13,1.01,2.51,1703,1661,42,2,16.54,normal,0,0,1
2026-01-01 10:20:00,81,congestion,client_1,server_1,router_1,2,client-router-server,0.91,0.08,63,50.97,100.0,97.04,95.45,9.39,0.91,1.71,5806,5707,99,79,26.57,normal,0,0,1
2026-01-01 10:21:00,82,congestion,client_2,server_1,router_1,2,client-router-server,0.95,0.1,57,78.72,100.0,84.87,101.37,7.64,0.95,3.02,3916,3798,118,45,23.18,normal,0,0,1
2026-01-01 10:22:00,83,congestion,client_2,server_1,router_1,2,client-router-server,1.03,0.09,57,91.73,100.0,100.0,123.11,8.89,1.03,5.43,5653,5347,306,7,18.8,normal,0,0,1
2026-01-01 10:23:00,84,congestion,client_3,server_1,router_1,2,client-router-server,1.18,0.13,55,52.61,100.0,100.0,112.62,9.04,1.18,3.76,4502,4333,169,103,9.06,normal,0,0,1
2026-01-01 10:24:00,85,congestion,client_1,server_1,router_1,2,client-router-server,1.19,0.07,68,59.61,100.0,80.68,109.04,11.97,1.19,1.56,5508,5423,85,5,13.41,normal,0,0,1
2026-01-01 10:25:00,86,congestion,client_1,server_1,router_1,2,client-router-server,0.98,0.12,56,48.02,100.0,72.19,72.5,10.33,0.98,4.29,3102,2969,133,71,21.57,normal,0,0,1
2026-01-01 10:26:00,87,congestion,client_1,server_1,router_1,2,client-router-server,0.98,0.14,62,52.58,100.0,85.85,73.99,7.45,0.98,2.59,4819,4695,124,62,56.93,normal,0,0,1
2026-01-01 10:27:00,88,congestion,client_3,server_1,router_1,2,client-router-server,0.91,0.07,65,28.82,100.0,51.47,112.35,4.7,0.91,1.51,4842,4769,73,27,48.9,normal,0,0,1
2026-01-01 10:28:00,89,congestion,client_1,server_1,router_1,2,client-router-server,0.84,0.09,59,44.15,100.0,93.63,121.83,9.37,0.84,2.69,5819,5663,156,54,44.52,normal,0,0,1
2026-01-01 10:29:00,90,congestion,client_3,server_1,router_1,2,client-router-server,0.79,0.13,59,34.42,100.0,78.73,66.56,7.47,0.79,2.0,1416,1388,28,20,16.46,normal,0,0,1
2026-01-01 10:30:00,91,congestion,client_1,server_1,router_1,2,client-router-server,1.12,0.14,58,62.69,100.0,74.9,98.11,8.43,1.12,3.53,3959,3820,139,105,31.93,normal,0,0,1
2026-01-01 10:31:00,92,congestion,client_3,server_1,router_1,2,client-router-server,0.96,0.12,57,90.0,100.0,78.35,131.96,12.76,0.96,5.38,2547,2410,137,8,58.78,normal,0,0,1
2026-01-01 10:32:00,93,congestion,client_3,server_1,router_1,2,client-router-server,0.89,0.09,62,80.83,100.0,97.23,89.23,9.89,0.89,3.72,3725,3587,138,102,39.2,normal,0,0,1
2026-01-01 10:33:00,94,congestion,client_1,server_1,router_1,2,client-router-server,1.1,0.07,57,65.68,100.0,54.69,96.42,11.05,1.1,1.81,1692,1662,30,14,30.84,normal,0,0,1
2026-01-01 10:34:00,95,congestion,client_3,server_1,router_1,2,client-router-server,0.99,0.08,68,71.59,100.0,100.0,101.96,8.33,0.99,2.98,4585,4449,136,101,29.03,normal,0,0,1
2026-01-01 10:35:00,96,congestion,client_3,server_1,router_1,2,client-router-server,0.89,0.14,62,56.69,100.0,71.74,88.54,8.34,0.89,2.46,4942,4821,121,114,54.18,normal,0,0,1
2026-01-01 10:36:00,97,congestion,client_3,server_1,router_1,2,client-router-server,0.79,0.12,63,33.78,100.0,87.71,133.91,6.62,0.79,1.93,3998,3921,77,45,32.61,normal,0,0,1
2026-01-01 10:37:00,98,congestion,client_2,server_1,router_1,2,client-router-server,0.95,0.13,62,89.63,100.0,81.3,115.12,14.8,0.95,5.68,1881,1775,106,5,19.56,normal,0,0,1
2026-01-01 10:38:00,99,congestion,client_2,server_1,router_1,2,client-router-server,1.11,0.08,57,57.38,100.0,67.59,83.11,8.28,1.11,4.09,2445,2345,100,54,22.55,normal,0,0,1
2026-01-01 10:39:00,100,congestion,client_3,server_1,router_1,2,client-router-server,0.82,0.13,59,53.82,100.0,63.66,65.01,13.16,0.82,4.2,2788,2671,117,105,42.55,normal,0,0,1
2026-01-01 10:40:00,101,congestion,client_1,server_1,router_1,2,client-router-server,0.83,0.14,65,80.58,100.0,100.0,76.92,11.54,0.83,3.06,5434,5268,166,121,43.11,normal,0,0,1
2026-01-01 10:41:00,102,congestion,client_1,server_1,router_1,2,client-router-server,0.86,0.08,58,29.01,100.0,98.9,84.97,9.47,0.86,1.62,1235,1215,20,19,29.34,normal,0,0,1
2026-01-01 10:42:00,103,congestion,client_3,server_1,router_1,2,client-router-server,0.9,0.1,56,40.08,100.0,60.16,116.25,11.29,0.9,5.3,5597,5301,296,237,15.42,normal,0,0,1
2026-01-01 10:43:00,104,congestion,client_3,server_1,router_1,2,client-router-server,0.99,0.12,68,77.52,100.0,100.0,105.59,12.09,0.99,3.97,2253,2164,89,51,8.62,normal,0,0,1
2026-01-01 10:44:00,105,congestion,client_3,server_1,router_1,2,client-router-server,1.16,0.1,67,46.41,100.0,60.41,111.21,8.93,1.16,1.72,2839,2791,48,39,51.78,normal,0,0,1
2026-01-01 10:45:00,106,congestion,client_1,server_1,router_1,2,client-router-server,0.8,0.11,57,58.39,100.0,52.35,61.9,10.96,0.8,4.45,4845,4630,215,58,31.18,normal,0,0,1
2026-01-01 10:46:00,107,congestion,client_2,server_1,router_1,2,client-router-server,1.11,0.11,57,28.85,91.32,77.6,77.52,12.98,1.11,1.45,2863,2822,41,7,28.26,normal,0,0,1
2026-01-01 10:47:00,108,congestion,client_3,server_1,router_1,2,client-router-server,0.98,0.07,56,88.91,100.0,77.69,129.72,11.25,0.98,5.77,4296,4049,247,98,59.51,normal,0,0,1
2026-01-01 10:48:00,109,congestion,client_2,server_1,router_1,2,client-router-server,1.09,0.12,63,45.37,100.0,86.65,113.06,13.31,1.09,2.7,3795,3693,102,7,54.58,normal,0,0,1
2026-01-01 10:49:00,110,congestion,client_3,server_1,router_1,2,client-router-server,0.93,0.14,63,58.34,100.0,89.13,137.08,5.69,0.93,3.38,5042,4872,170,106,28.19,normal,0,0,1
2026-01-01 10:50:00,111,congestion,client_1,server_1,router_1,2,client-router-server,1.17,0.11,56,45.73,100.0,82.63,104.26,5.59,1.17,1.85,5414,5314,100,13,35.4,normal,0,0,1
2026-01-01 10:51:00,112,congestion,client_1,server_1,router_1,2,client-router-server,0.91,0.13,68,94.41,100.0,97.29,98.63,10.77,0.91,3.68,4008,3861,147,96,32.77,normal,0,0,1
2026-01-01 10:52:00,113,congestion,client_3,server_1,router_1,2,client-router-server,0.9,0.08,57,52.57,100.0,62.79,87.73,9.54,0.9,4.37,1134,1085,49,21,12.46,normal,0,0,1
2026-01-01 10:53:00,114,congestion,client_1,server_1,router_1,2,client-router-server,1.18,0.12,61,33.65,100.0,100.0,98.21,7.14,1.18,4.32,5494,5257,237,69,58.09,normal,0,0,1
2026-01-01 10:54:00,115,congestion,client_2,server_1,router_1,2,client-router-server,1.07,0.08,59,31.62,100.0,58.18,73.56,10.63,1.07,2.06,2569,2517,52,15,54.63,normal,0,0,1
2026-01-01 10:55:00,116,congestion,client_1,server_1,router_1,2,client-router-server,1.07,0.13,55,51.5,100.0,65.62,101.88,6.35,1.07,4.63,3323,3170,153,138,5.54,normal,0,0,1
2026-01-01 10:56:00,117,congestion,client_1,server_1,router_1,2,client-router-server,0.87,0.1,58,67.62,100.0,94.1,116.53,8.6,0.87,4.01,5227,5018,209,78,26.52,normal,0,0,1
2026-01-01 10:57:00,118,congestion,client_3,server_1,router_1,2,client-router-server,1.01,0.13,56,49.48,100.0,72.88,95.07,8.01,1.01,4.89,3546,3373,173,120,40.53,normal,0,0,1
2026-01-01 10:58:00,119,congestion,client_1,server_1,router_1,2,client-router-server,0.88,0.13,68,67.53,100.0,100.0,88.18,11.3,0.88,4.12,3775,3620,155,122,10.08,normal,0,0,1
2026-01-01 10:59:00,120,congestion,client_3,server_1,router_1,2,client-router-server,1.16,0.1,67,73.46,100.0,91.32,123.87,7.57,1.16,2.72,2209,2149,60,30,38.8,normal,0,0,1
2026-01-01 11:00:00,121,congestion,client_3,server_1,router_1,2,client-router-server,1.24,0.11,55,66.57,100.0,55.15,61.06,8.32,1.24,2.78,3101,3015,86,6,34.02,normal,0,0,1
2026-01-01 11:01:00,122,congestion,client_1,server_1,router_1,2,client-router-server,1.24,0.14,62,37.7,100.0,81.5,90.35,7.08,1.24,5.6,2350,2219,131,8,43.1,normal,0,0,1
2026-01-01 11:02:00,123,congestion,client_1,server_1,router_1,2,client-router-server,1.14,0.13,66,58.8,100.0,92.3,86.1,10.83,1.14,2.1,1669,1634,35,8,11.19,normal,0,0,1
2026-01-01 11:03:00,124,congestion,client_2,server_1,router_1,2,client-router-server,0.87,0.08,64,86.51,100.0,57.51,125.84,9.73,0.87,3.91,4441,4268,173,151,54.92,normal,0,0,1
2026-01-01 11:04:00,125,congestion,client_2,server_1,router_1,2,client-router-server,0.78,0.11,55,86.53,100.0,100.0,133.55,10.39,0.78,4.2,2862,2742,120,77,47.18,normal,0,0,1
2026-01-01 11:05:00,126,congestion,client_3,server_1,router_1,2,client-router-server,1.2,0.09,61,75.09,100.0,100.0,85.16,5.86,1.2,3.21,1455,1409,46,22,22.16,normal,0,0,1
2026-01-01 11:06:00,127,congestion,client_1,server_1,router_1,2,client-router-server,0.95,0.09,64,23.02,84.74,99.57,95.67,9.95,0.95,1.96,1477,1449,28,16,58.47,normal,0,0,1
2026-01-01 11:07:00,128,congestion,client_3,server_1,router_1,2,client-router-server,0.89,0.1,55,52.83,100.0,100.0,110.69,8.29,0.89,5.37,4580,4335,245,132,24.28,normal,0,0,1
2026-01-01 11:08:00,129,congestion,client_2,server_1,router_1,2,client-router-server,0.91,0.08,68,76.72,100.0,90.36,85.35,9.75,0.91,4.06,5477,5255,222,15,5.28,normal,0,0,1
2026-01-01 11:09:00,130,congestion,client_1,server_1,router_1,2,client-router-server,0.95,0.1,65,65.93,100.0,99.56,104.75,11.78,0.95,4.27,2090,2001,89,87,41.91,normal,0,0,1
2026-01-01 11:10:00,131,congestion,client_1,server_1,router_1,2,client-router-server,1.08,0.1,68,36.21,100.0,60.7,110.53,10.54,1.08,4.37,2975,2845,130,118,23.73,normal,0,0,1
2026-01-01 11:11:00,132,congestion,client_3,server_1,router_1,2,client-router-server,0.93,0.1,67,51.26,100.0,54.54,105.91,7.46,0.93,3.21,2889,2797,92,30,12.02,normal,0,0,1
2026-01-01 11:12:00,133,congestion,client_1,server_1,router_1,2,client-router-server,0.89,0.09,61,91.94,100.0,58.43,72.3,10.49,0.89,2.29,3497,3417,80,66,11.5,normal,0,0,1
2026-01-01 11:13:00,134,congestion,client_1,server_1,router_1,2,client-router-server,1.07,0.11,57,43.07,100.0,92.38,76.02,9.83,1.07,3.08,4207,4078,129,0,38.57,normal,0,0,1
2026-01-01 11:14:00,135,congestion,client_1,server_1,router_1,2,client-router-server,0.78,0.1,64,79.97,100.0,88.34,119.76,11.6,0.78,3.02,4287,4158,129,25,53.68,normal,0,0,1
2026-01-01 11:15:00,136,congestion,client_1,server_1,router_1,2,client-router-server,0.79,0.08,63,30.04,100.0,89.16,97.96,13.41,0.79,4.68,1098,1047,51,15,15.25,normal,0,0,1
2026-01-01 11:16:00,137,congestion,client_2,server_1,router_1,2,client-router-server,0.83,0.1,55,27.43,100.0,92.89,129.81,13.95,0.83,2.89,2168,2106,62,16,39.88,normal,0,0,1
2026-01-01 11:17:00,138,congestion,client_1,server_1,router_1,2,client-router-server,0.75,0.13,66,20.32,100.0,81.4,73.35,5.69,0.75,3.18,2836,2746,90,53,54.21,normal,0,0,1
2026-01-01 11:18:00,139,congestion,client_2,server_1,router_1,2,client-router-server,0.77,0.14,66,84.7,100.0,100.0,75.57,4.69,0.77,3.58,4060,3915,145,52,15.29,normal,0,0,1
2026-01-01 11:19:00,140,congestion,client_1,server_1,router_1,2,client-router-server,0.81,0.12,63,32.78,100.0,79.3,75.45,11.64,0.81,5.76,5509,5192,317,33,41.25,normal,0,0,1
2026-01-01 11:20:00,141,congestion,client_2,server_1,router_1,2,client-router-server,1.16,0.14,63,92.84,100.0,67.23,87.53,10.23,1.16,1.94,2152,2111,41,13,41.92,normal,0,0,1
2026-01-01 11:21:00,142,congestion,client_2,server_1,router_1,2,client-router-server,1.14,0.07,67,89.55,100.0,77.75,129.67,12.49,1.14,4.05,1701,1633,68,44,24.49,normal,0,0,1
2026-01-01 11:22:00,143,congestion,client_2,server_1,router_1,2,client-router-server,1.15,0.09,55,35.65,100.0,100.0,111.96,12.32,1.15,4.8,5048,4806,242,129,39.88,normal,0,0,1
2026-01-01 11:23:00,144,congestion,client_2,server_1,router_1,2,client-router-server,0.99,0.13,63,93.97,100.0,65.67,116.75,8.09,0.99,4.07,5873,5634,239,150,41.49,normal,0,0,1
2026-01-01 11:24:00,145,congestion,client_1,server_1,router_1,2,client-router-server,0.91,0.13,55,29.84,100.0,71.16,131.55,8.66,0.91,2.67,1729,1683,46,15,53.61,normal,0,0,1
2026-01-01 11:25:00,146,congestion,client_3,server_1,router_1,2,client-router-server,0.86,0.08,66,92.86,100.0,97.98,115.79,5.84,0.86,5.07,2100,1994,106,95,20.33,normal,0,0,1
2026-01-01 11:26:00,147,congestion,client_3,server_1,router_1,2,client-router-server,0.8,0.14,67,28.38,100.0,100.0,108.91,9.54,0.8,5.75,1052,992,60,15,40.74,normal,0,0,1
2026-01-01 11:27:00,148,congestion,client_1,server_1,router_1,2,client-router-server,0.88,0.07,61,40.58,100.0,92.95,101.36,12.21,0.88,2.02,5553,5441,112,2,29.02,normal,0,0,1
2026-01-01 11:28:00,149,congestion,client_1,server_1,router_1,2,client-router-server,0.8,0.09,68,88.62,100.0,60.3,104.66,7.71,0.8,1.5,3078,3032,46,18,8.5,normal,0,0,1
2026-01-01 11:29:00,150,congestion,client_1,server_1,router_1,2,client-router-server,0.96,0.08,56,70.12,100.0,96.85,93.17,13.45,0.96,3.16,3704,3587,117,49,33.98,normal,0,0,1
2026-01-01 11:30:00,151,congestion,client_3,server_1,router_1,2,client-router-server,0.86,0.1,58,38.95,100.0,65.55,69.68,10.72,0.86,5.53,2267,2142,125,99,13.6,normal,0,0,1
2026-01-01 11:31:00,152,congestion,client_3,server_1,router_1,2,client-router-server,1.11,0.09,68,50.11,100.0,61.7,120.82,5.78,1.11,3.5,2912,2811,101,73,10.2,normal,0,0,1
2026-01-01 11:32:00,153,congestion,client_1,server_1,router_1,2,client-router-server,0.97,0.07,62,70.55,100.0,63.94,100.88,11.96,0.97,5.45,3349,3167,182,134,46.3,normal,0,0,1
2026-01-01 11:33:00,154,congestion,client_3,server_1,router_1,2,client-router-server,1.24,0.07,57,69.84,100.0,80.2,84.88,14.85,1.24,5.8,4713,4440,273,216,25.12,normal,0,0,1
2026-01-01 11:34:00,155,congestion,client_1,server_1,router_1,2,client-router-server,0.91,0.08,62,75.76,100.0,90.47,137.13,6.72,0.91,4.81,3117,2968,149,27,19.32,normal,0,0,1
2026-01-01 11:35:00,156,congestion,client_1,server_1,router_1,2,client-router-server,0.75,0.1,56,75.24,100.0,62.77,128.99,8.17,0.75,2.12,2834,2774,60,50,22.01,normal,0,0,1
2026-01-01 11:36:00,157,congestion,client_2,server_1,router_1,2,client-router-server,1.05,0.14,60,48.78,100.0,95.5,95.62,10.29,1.05,5.69,3218,3035,183,4,55.79,normal,0,0,1
2026-01-01 11:37:00,158,congestion,client_2,server_1,router_1,2,client-router-server,0.92,0.12,59,50.6,100.0,96.42,79.94,4.92,0.92,5.93,2660,2503,157,71,36.8,normal,0,0,1
2026-01-01 11:38:00,159,congestion,client_3,server_1,router_1,2,client-router-server,1.13,0.1,59,80.45,100.0,83.27,125.54,13.61,1.13,4.55,5463,5215,248,5,15.79,normal,0,0,1
2026-01-01 11:39:00,160,congestion,client_3,server_1,router_1,2,client-router-server,0.78,0.12,65,40.54,100.0,100.0,93.03,12.13,0.78,5.7,1412,1332,80,28,56.62,normal,0,0,1
2026-01-01 11:40:00,161,congestion,client_2,server_1,router_1,2,client-router-server,1.24,0.11,64,48.25,100.0,100.0,127.64,12.06,1.24,3.86,5096,4900,196,110,36.01,normal,0,0,1
2026-01-01 11:41:00,162,congestion,client_2,server_1,router_1,2,client-router-server,1.0,0.08,68,63.56,100.0,93.38,136.41,6.48,1.0,2.06,2635,2581,54,46,9.67,normal,0,0,1
2026-01-01 11:42:00,163,congestion,client_3,server_1,router_1,2,client-router-server,0.98,0.07,61,22.5,95.12,52.14,88.92,12.29,0.98,1.5,3512,3460,52,19,30.27,normal,0,0,1
2026-01-01 11:43:00,164,congestion,client_2,server_1,router_1,2,client-router-server,1.04,0.12,60,56.77,100.0,85.77,69.81,8.21,1.04,5.14,5247,4978,269,253,51.84,normal,0,0,1
2026-01-01 11:44:00,165,congestion,client_2,server_1,router_1,2,client-router-server,1.11,0.13,63,78.08,100.0,100.0,123.23,12.56,1.11,5.2,1475,1399,76,76,43.76,normal,0,0,1
2026-01-01 11:45:00,166,congestion,client_3,server_1,router_1,2,client-router-server,0.84,0.12,68,47.06,100.0,66.97,72.84,9.73,0.84,5.56,4222,3988,234,159,57.74,normal,0,0,1
2026-01-01 11:46:00,167,congestion,client_3,server_1,router_1,2,client-router-server,1.21,0.12,67,91.63,100.0,100.0,75.6,6.16,1.21,3.99,1308,1256,52,46,28.0,normal,0,0,1
2026-01-01 11:47:00,168,congestion,client_2,server_1,router_1,2,client-router-server,0.99,0.12,67,44.89,100.0,74.51,78.68,9.56,0.99,2.45,3383,3301,82,71,21.02,normal,0,0,1
2026-01-01 11:48:00,169,congestion,client_1,server_1,router_1,2,client-router-server,1.07,0.13,59,49.55,100.0,53.4,71.45,7.35,1.07,2.01,2280,2235,45,31,19.42,normal,0,0,1
2026-01-01 11:49:00,170,congestion,client_1,server_1,router_1,2,client-router-server,1.18,0.12,56,52.77,100.0,68.77,81.98,7.43,1.18,4.93,4659,4430,229,166,28.58,normal,0,0,1
2026-01-01 11:50:00,171,congestion,client_2,server_1,router_1,2,client-router-server,0.8,0.09,56,48.03,100.0,68.25,87.5,7.44,0.8,2.86,4893,4754,139,104,46.76,normal,0,0,1
2026-01-01 11:51:00,172,congestion,client_2,server_1,router_1,2,client-router-server,1.02,0.12,56,61.39,100.0,50.55,115.8,10.37,1.02,5.9,3643,3429,214,84,37.45,normal,0,0,1
2026-01-01 11:52:00,173,congestion,client_1,server_1,router_1,2,client-router-server,1.19,0.13,64,53.68,100.0,98.87,126.9,6.93,1.19,4.69,2146,2046,100,0,38.34,normal,0,0,1
2026-01-01 11:53:00,174,congestion,client_2,server_1,router_1,2,client-router-server,1.16,0.12,64,56.89,100.0,53.31,116.88,9.53,1.16,3.25,1816,1757,59,47,46.57,normal,0,0,1
2026-01-01 11:54:00,175,congestion,client_3,server_1,router_1,2,client-router-server,0.86,0.09,67,20.32,100.0,67.48,113.17,8.69,0.86,4.74,2701,2573,128,110,43.59,normal,0,0,1
2026-01-01 11:55:00,176,congestion,client_1,server_1,router_1,2,client-router-server,0.91,0.14,67,30.31,100.0,62.05,121.81,7.59,0.91,2.63,4135,4027,108,23,14.22,normal,0,0,1
2026-01-01 11:56:00,177,congestion,client_3,server_1,router_1,2,client-router-server,1.22,0.08,65,56.58,100.0,65.24,92.98,12.47,1.22,4.19,1444,1384,60,50,30.22,normal,0,0,1
2026-01-01 11:57:00,178,congestion,client_1,server_1,router_1,2,client-router-server,1.06,0.09,55,46.24,100.0,54.88,121.4,12.74,1.06,1.85,4034,3960,74,25,43.02,normal,0,0,1
2026-01-01 11:58:00,179,congestion,client_3,server_1,router_1,2,client-router-server,0.78,0.12,65,59.96,100.0,100.0,113.78,8.37,0.78,2.27,4048,3957,91,30,19.97,normal,0,0,1
2026-01-01 11:59:00,180,congestion,client_3,server_1,router_1,2,client-router-server,0.91,0.11,64,44.86,100.0,100.0,117.78,10.05,0.91,5.16,5318,5044,274,209,11.72,normal,0,0,1
2026-01-01 12:00:00,181,congestion,client_2,server_1,router_1,2,client-router-server,0.86,0.11,65,54.25,100.0,62.95,90.79,9.75,0.86,2.7,5286,5144,142,110,16.06,normal,0,0,1
2026-01-01 12:01:00,182,congestion,client_3,server_1,router_1,2,client-router-server,0.8,0.11,64,63.3,100.0,76.4,115.81,4.67,0.8,2.94,3290,3194,96,21,45.67,normal,0,0,1
2026-01-01 12:02:00,183,congestion,client_2,server_1,router_1,2,client-router-server,1.02,0.11,57,75.65,100.0,100.0,80.82,10.48,1.02,3.19,5866,5679,187,16,31.64,normal,0,0,1
2026-01-01 12:03:00,184,congestion,client_2,server_1,router_1,2,client-router-server,0.81,0.07,57,65.42,100.0,98.35,108.65,7.01,0.81,2.08,1607,1574,33,26,24.56,normal,0,0,1
2026-01-01 12:04:00,185,congestion,client_3,server_1,router_1,2,client-router-server,1.24,0.1,57,40.63,99.6,97.08,91.02,14.59,1.24,3.35,4998,4831,167,29,16.03,normal,0,0,1
2026-01-01 12:05:00,186,congestion,client_2,server_1,router_1,2,client-router-server,0.9,0.11,68,66.76,100.0,100.0,89.02,9.74,0.9,3.95,4311,4141,170,76,32.15,normal,0,0,1
2026-01-01 12:06:00,187,congestion,client_1,server_1,router_1,2,client-router-server,0.87,0.1,60,72.41,100.0,55.32,71.47,7.52,0.87,2.96,3059,2969,90,25,11.69,normal,0,0,1
2026-01-01 12:07:00,188,congestion,client_1,server_1,router_1,2,client-router-server,0.77,0.09,65,91.79,100.0,61.35,72.53,13.47,0.77,4.76,2818,2684,134,44,52.43,normal,0,0,1
2026-01-01 12:08:00,189,congestion,client_3,server_1,router_1,2,client-router-server,1.17,0.13,67,86.47,100.0,51.15,105.63,6.26,1.17,2.59,4334,4222,112,17,53.41,normal,0,0,1
2026-01-01 12:09:00,190,congestion,client_1,server_1,router_1,2,client-router-server,1.0,0.08,60,68.49,100.0,100.0,79.81,4.97,1.0,2.11,1167,1143,24,6,37.25,normal,0,0,1
2026-01-01 12:10:00,191,congestion,client_1,server_1,router_1,2,client-router-server,0.96,0.11,64,27.76,100.0,100.0,97.19,15.01,0.96,3.8,1516,1459,57,8,38.73,normal,0,0,1
2026-01-01 12:11:00,192,congestion,client_2,server_1,router_1,2,client-router-server,1.09,0.09,66,37.7,100.0,100.0,126.1,5.77,1.09,4.13,3426,3285,141,96,16.01,normal,0,0,1
2026-01-01 12:12:00,193,congestion,client_2,server_1,router_1,2,client-router-server,1.02,0.14,62,37.45,100.0,100.0,86.51,8.45,1.02,2.48,3111,3034,77,5,36.35,normal,0,0,1
2026-01-01 12:13:00,194,congestion,client_2,server_1,router_1,2,client-router-server,1.2,0.12,65,87.8,100.0,61.87,80.98,8.88,1.2,5.96,3682,3463,219,4,26.63,normal,0,0,1
2026-01-01 12:14:00,195,congestion,client_2,server_1,router_1,2,client-router-server,1.01,0.12,68,42.8,100.0,72.68,83.14,12.22,1.01,2.29,1039,1016,23,12,25.77,normal,0,0,1
2026-01-01 12:15:00,196,congestion,client_3,server_1,router_1,2,client-router-server,1.16,0.12,60,94.24,100.0,98.28,96.03,9.57,1.16,5.76,3588,3382,206,28,13.11,normal,0,0,1
2026-01-01 12:16:00,197,congestion,client_1,server_1,router_1,2,client-router-server,0.85,0.1,66,27.15,100.0,100.0,137.51,13.82,0.85,4.76,3625,3453,172,86,21.93,normal,0,0,1
2026-01-01 12:17:00,198,congestion,client_2,server_1,router_1,2,client-router-server,1.17,0.11,56,45.07,100.0,65.44,130.73,11.76,1.17,2.92,2023,1964,59,14,40.09,normal,0,0,1
2026-01-01 12:18:00,199,congestion,client_1,server_1,router_1,2,client-router-server,0.88,0.11,67,46.62,100.0,94.51,137.14,11.16,0.88,3.05,3522,3415,107,93,14.39,normal,0,0,1
2026-01-01 12:19:00,200,congestion,client_2,server_1,router_1,2,client-router-server,1.11,0.08,59,91.51,100.0,100.0,77.63,9.81,1.11,2.52,1827,1781,46,37,31.99,normal,0,0,1
2026-01-01 12:20:00,201,congestion,client_1,server_1,router_1,2,client-router-server,0.96,0.08,59,73.17,100.0,61.1,96.81,11.04,0.96,5.3,3075,2913,162,91,37.41,normal,0,0,1
2026-01-01 12:21:00,202,congestion,client_1,server_1,router_1,2,client-router-server,0.94,0.08,60,23.26,76.45,45.72,77.47,9.25,0.94,1.88,1994,1957,37,37,14.72,normal,0,0,0
2026-01-01 12:22:00,203,congestion,client_2,server_1,router_1,2,client-router-server,0.92,0.08,61,38.57,100.0,100.0,113.6,6.47,0.92,4.56,4137,3949,188,97,29.45,normal,0,0,1
2026-01-01 12:23:00,204,congestion,client_2,server_1,router_1,2,client-router-server,0.84,0.08,57,80.66,100.0,100.0,138.06,7.91,0.84,5.48,5393,5098,295,243,40.07,normal,0,0,1
2026-01-01 12:24:00,205,congestion,client_3,server_1,router_1,2,client-router-server,0.92,0.08,66,68.11,100.0,100.0,101.78,6.04,0.92,1.94,3679,3608,71,66,45.75,normal,0,0,1
2026-01-01 12:25:00,206,congestion,client_1,server_1,router_1,2,client-router-server,1.01,0.09,62,25.43,100.0,83.32,99.28,9.7,1.01,4.36,5795,5543,252,66,54.99,normal,0,0,1
2026-01-01 12:26:00,207,congestion,client_1,server_1,router_1,2,client-router-server,0.86,0.07,59,26.36,100.0,100.0,118.52,10.79,0.86,1.72,4737,4656,81,19,44.6,normal,0,0,1
2026-01-01 12:27:00,208,congestion,client_2,server_1,router_1,2,client-router-server,0.94,0.11,62,43.07,100.0,83.3,67.53,13.7,0.94,1.5,1355,1335,20,8,51.82,normal,0,0,1
2026-01-01 12:28:00,209,congestion,client_2,server_1,router_1,2,client-router-server,0.87,0.1,65,24.73,100.0,62.35,95.29,7.59,0.87,5.25,4554,4315,239,64,13.33,normal,0,0,1
2026-01-01 12:29:00,210,congestion,client_1,server_1,router_1,2,client-router-server,1.08,0.09,67,78.94,100.0,71.89,97.38,9.11,1.08,2.64,4462,4345,117,67,28.24,normal,0,0,1
2026-01-01 12:30:00,211,congestion,client_2,server_1,router_1,2,client-router-server,1.09,0.09,63,62.38,100.0,100.0,116.01,6.13,1.09,1.55,2668,2627,41,23,45.5,normal,0,0,1
2026-01-01 12:31:00,212,congestion,client_2,server_1,router_1,2,client-router-server,0.77,0.09,66,94.92,100.0,82.98,121.92,11.82,0.77,1.61,3173,3122,51,48,57.48,normal,0,0,1
2026-01-01 12:32:00,213,congestion,client_1,server_1,router_1,2,client-router-server,0.84,0.11,65,80.67,100.0,60.85,81.51,12.09,0.84,5.95,3013,2834,179,51,57.63,normal,0,0,1
2026-01-01 12:33:00,214,congestion,client_2,server_1,router_1,2,client-router-server,0.81,0.07,58,79.23,100.0,53.84,129.45,11.23,0.81,2.35,1875,1831,44,11,44.88,normal,0,0,1
2026-01-01 12:34:00,215,congestion,client_1,server_1,router_1,2,client-router-server,0.88,0.13,61,67.44,100.0,85.91,72.34,10.47,0.88,5.99,1241,1167,74,49,13.28,normal,0,0,1
2026-01-01 12:35:00,216,congestion,client_3,server_1,router_1,2,client-router-server,1.08,0.09,63,54.27,100.0,61.26,101.54,6.61,1.08,4.88,3604,3429,175,38,13.53,normal,0,0,1
2026-01-01 12:36:00,217,congestion,client_3,server_1,router_1,2,client-router-server,0.75,0.08,59,83.46,100.0,57.17,94.06,8.78,0.75,5.05,3438,3265,173,104,30.14,normal,0,0,1
2026-01-01 12:37:00,218,congestion,client_1,server_1,router_1,2,client-router-server,0.9,0.09,67,69.25,100.0,98.11,100.72,9.27,0.9,3.76,3824,3681,143,17,19.31,normal,0,0,1
2026-01-01 12:38:00,219,congestion,client_2,server_1,router_1,2,client-router-server,1.02,0.13,62,49.98,100.0,88.8,121.66,13.83,1.02,4.77,1015,967,48,27,58.35,normal,0,0,1
2026-01-01 12:39:00,220,congestion,client_3,server_1,router_1,2,client-router-server,1.19,0.08,65,89.05,100.0,64.83,64.16,8.41,1.19,4.19,1988,1905,83,61,50.49,normal,0,0,1
2026-01-01 12:40:00,221,congestion,client_2,server_1,router_1,2,client-router-server,0.83,0.11,59,74.03,100.0,75.2,73.44,10.3,0.83,3.79,5445,5239,206,46,37.19,normal,0,0,1
2026-01-01 12:41:00,222,congestion,client_1,server_1,router_1,2,client-router-server,0.78,0.11,64,26.96,100.0,100.0,110.79,7.28,0.78,5.36,1246,1180,66,57,44.54,normal,0,0,1
2026-01-01 12:42:00,223,congestion,client_2,server_1,router_1,2,client-router-server,0.75,0.13,63,76.75,100.0,52.55,107.89,9.02,0.75,5.42,5367,5077,290,236,14.68,normal,0,0,1
2026-01-01 12:43:00,224,congestion,client_2,server_1,router_1,2,client-router-server,1.09,0.09,55,34.21,100.0,100.0,114.08,12.15,1.09,2.27,4275,4178,97,85,47.12,normal,0,0,1
2026-01-01 12:44:00,225,congestion,client_1,server_1,router_1,2,client-router-server,0.99,0.08,64,67.34,100.0,72.71,98.96,13.0,0.99,1.54,2073,2042,31,6,20.1,normal,0,0,1
2026-01-01 12:45:00,226,congestion,client_1,server_1,router_1,2,client-router-server,0.86,0.14,67,34.77,100.0,54.8,102.52,9.15,0.86,5.88,2331,2194,137,34,26.85,normal,0,0,1
2026-01-01 12:46:00,227,congestion,client_1,server_1,router_1,2,client-router-server,1.19,0.14,60,51.5,100.0,56.87,95.72,6.12,1.19,3.51,3024,2918,106,45,23.66,normal,0,0,1
2026-01-01 12:47:00,228,congestion,client_1,server_1,router_1,2,client-router-server,1.07,0.13,63,90.1,100.0,71.55,119.6,8.99,1.07,3.86,2632,2531,101,36,31.88,normal,0,0,1
2026-01-01 12:48:00,229,congestion,client_2,server_1,router_1,2,client-router-server,1.18,0.07,63,68.3,100.0,56.03,128.52,14.1,1.18,3.27,4240,4102,138,92,55.97,normal,0,0,1
2026-01-01 12:49:00,230,congestion,client_1,server_1,router_1,2,client-router-server,0.79,0.13,60,50.21,100.0,83.0,74.3,5.63,0.79,4.7,3518,3353,165,62,23.2,normal,0,0,1
2026-01-01 12:50:00,231,congestion,client_1,server_1,router_1,2,client-router-server,1.1,0.1,58,53.18,100.0,100.0,114.06,11.34,1.1,5.04,1480,1406,74,69,53.03,normal,0,0,1
2026-01-01 12:51:00,232,congestion,client_3,server_1,router_1,2,client-router-server,1.22,0.1,68,47.87,100.0,92.67,135.8,11.26,1.22,2.28,2220,2170,50,7,47.95,normal,0,0,1
2026-01-01 12:52:00,233,congestion,client_3,server_1,router_1,2,client-router-server,1.25,0.12,68,52.17,100.0,100.0,88.31,12.92,1.25,2.17,1687,1651,36,25,11.55,normal,0,0,1
2026-01-01 12:53:00,234,congestion,client_1,server_1,router_1,2,client-router-server,0.76,0.08,56,59.92,100.0,52.39,117.73,11.86,0.76,5.8,4326,4076,250,17,57.36,normal,0,0,1
2026-01-01 12:54:00,235,congestion,client_2,server_1,router_1,2,client-router-server,0.76,0.08,55,71.39,100.0,95.95,70.63,8.91,0.76,2.36,4357,4255,102,101,20.55,normal,0,0,1
2026-01-01 12:55:00,236,congestion,client_3,server_1,router_1,2,client-router-server,0.98,0.08,60,23.24,87.06,77.87,111.45,12.83,0.98,2.92,3614,3509,105,73,17.62,normal,0,0,1
2026-01-01 12:56:00,237,congestion,client_3,server_1,router_1,2,client-router-server,0.97,0.11,67,39.11,100.0,58.99,95.63,6.58,0.97,2.64,1205,1174,31,12,20.7,normal,0,0,1
2026-01-01 12:57:00,238,congestion,client_2,server_1,router_1,2,client-router-server,0.85,0.14,60,83.54,100.0,100.0,123.6,6.18,0.85,1.51,4605,4536,69,11,42.49,normal,0,0,1
2026-01-01 12:58:00,239,congestion,client_1,server_1,router_1,2,client-router-server,1.01,0.08,60,40.78,100.0,75.64,107.27,4.96,1.01,5.46,1998,1889,109,7,8.25,normal,0,0,1
2026-01-01 12:59:00,240,congestion,client_3,server_1,router_1,2,client-router-server,0.81,0.14,60,35.76,100.0,100.0,80.11,11.87,0.81,3.75,4906,4723,183,144,46.56,normal,0,0,1
2026-01-01 13:00:00,241,congestion,client_2,server_1,router_1,2,client-router-server,1.01,0.12,68,70.6,100.0,67.3,122.79,6.97,1.01,3.93,2969,2853,116,79,54.57,normal,0,0,1
2026-01-01 13:01:00,242,congestion,client_1,server_1,router_1,2,client-router-server,1.13,0.09,59,59.15,100.0,63.02,97.1,5.08,1.13,2.97,2380,2310,70,41,7.74,normal,0,0,1
2026-01-01 13:02:00,243,congestion,client_1,server_1,router_1,2,client-router-server,1.12,0.09,59,69.9,100.0,56.63,99.57,10.89,1.12,3.86,5810,5586,224,24,19.26,normal,0,0,1
2026-01-01 13:03:00,244,congestion,client_2,server_1,router_1,2,client-router-server,1.23,0.09,55,68.38,100.0,64.65,69.47,9.46,1.23,4.44,2575,2461,114,18,55.15,normal,0,0,1
2026-01-01 13:04:00,245,congestion,client_3,server_1,router_1,2,client-router-server,0.78,0.11,58,75.48,100.0,100.0,114.86,10.7,0.78,5.51,5781,5463,318,285,43.11,normal,0,0,1
2026-01-01 13:05:00,246,congestion,client_2,server_1,router_1,2,client-router-server,1.09,0.07,66,75.19,100.0,93.96,101.08,9.3,1.09,2.46,4049,3950,99,12,45.58,normal,0,0,1
2026-01-01 13:06:00,247,congestion,client_1,server_1,router_1,2,client-router-server,1.24,0.08,63,48.05,100.0,64.87,92.67,12.78,1.24,1.82,1049,1030,19,19,21.59,normal,0,0,1
2026-01-01 13:07:00,248,congestion,client_2,server_1,router_1,2,client-router-server,0.99,0.07,60,43.94,100.0,58.43,95.6,5.64,0.99,2.52,1043,1017,26,12,15.4,normal,0,0,1
2026-01-01 13:08:00,249,congestion,client_2,server_1,router_1,2,client-router-server,1.07,0.1,67,94.85,100.0,90.13,94.41,9.5,1.07,2.53,1902,1854,48,34,47.27,normal,0,0,1
2026-01-01 13:09:00,250,congestion,client_3,server_1,router_1,2,client-router-server,1.21,0.08,62,53.21,100.0,87.14,102.55,8.74,1.21,4.68,3519,3355,164,117,25.57,normal,0,0,1
2026-01-01 13:10:00,251,congestion,client_1,server_1,router_1,2,client-router-server,1.1,0.11,67,38.25,100.0,51.4,72.76,4.2,1.1,1.73,1953,1920,33,10,49.37,normal,0,0,1
2026-01-01 13:11:00,252,congestion,client_2,server_1,router_1,2,client-router-server,1.0,0.13,56,67.25,100.0,60.58,67.98,4.67,1.0,5.95,1357,1277,80,70,34.72,normal,0,0,1
2026-01-01 13:12:00,253,congestion,client_3,server_1,router_1,2,client-router-server,0.77,0.08,64,60.67,100.0,76.08,120.36,10.95,0.77,5.25,1479,1402,77,3,35.17,normal,0,0,1
2026-01-01 13:13:00,254,congestion,client_3,server_1,router_1,2,client-router-server,1.24,0.12,60,29.67,100.0,50.79,97.66,4.62,1.24,4.82,1134,1080,54,30,18.83,normal,0,0,1
2026-01-01 13:14:00,255,congestion,client_2,server_1,router_1,2,client-router-server,1.06,0.08,57,30.41,100.0,95.31,109.63,7.17,1.06,2.04,4676,4581,95,50,36.29,normal,0,0,1
2026-01-01 13:15:00,256,congestion,client_2,server_1,router_1,2,client-router-server,1.12,0.14,60,70.93,100.0,58.82,105.2,8.22,1.12,2.6,3432,3343,89,14,39.91,normal,0,0,1
2026-01-01 13:16:00,257,congestion,client_3,server_1,router_1,2,client-router-server,0.92,0.13,61,53.27,100.0,71.31,91.4,13.78,0.92,3.05,1517,1471,46,35,56.74,normal,0,0,1
2026-01-01 13:17:00,258,congestion,client_1,server_1,router_1,2,client-router-server,1.11,0.13,68,30.2,100.0,72.31,131.65,15.38,1.11,1.9,4806,4715,91,33,54.82,normal,0,0,1
2026-01-01 13:18:00,259,congestion,client_3,server_1,router_1,2,client-router-server,1.14,0.08,56,48.76,100.0,62.15,127.65,9.37,1.14,1.53,5619,5534,85,73,45.25,normal,0,0,1
2026-01-01 13:19:00,260,congestion,client_3,server_1,router_1,2,client-router-server,0.95,0.12,56,63.22,100.0,64.46,107.06,6.49,0.95,1.71,4635,4556,79,50,10.05,normal,0,0,1
2026-01-01 13:20:00,261,congestion,client_2,server_1,router_1,2,client-router-server,0.86,0.11,66,50.98,100.0,100.0,125.28,7.03,0.86,3.95,1266,1216,50,11,57.34,normal,0,0,1
2026-01-01 13:21:00,262,congestion,client_1,server_1,router_1,2,client-router-server,0.76,0.09,68,51.47,100.0,100.0,138.33,3.58,0.76,2.92,5554,5392,162,40,22.43,normal,0,0,1
2026-01-01 13:22:00,263,congestion,client_1,server_1,router_1,2,client-router-server,0.94,0.11,57,21.41,79.82,42.87,78.35,13.11,0.94,1.02,4332,4288,44,14,31.13,normal,0,0,0
2026-01-01 13:23:00,264,congestion,client_1,server_1,router_1,2,client-router-server,0.94,0.13,56,82.35,100.0,97.92,100.23,10.44,0.94,4.45,5032,4809,223,193,30.39,normal,0,0,1
2026-01-01 13:24:00,265,congestion,client_2,server_1,router_1,2,client-router-server,0.75,0.1,63,89.84,100.0,100.0,82.62,11.74,0.75,3.88,4347,4179,168,1,25.76,normal,0,0,1
2026-01-01 13:25:00,266,congestion,client_3,server_1,router_1,2,client-router-server,1.05,0.1,57,77.59,100.0,60.28,74.53,9.67,1.05,5.98,4776,4491,285,256,45.09,normal,0,0,1
2026-01-01 13:26:00,267,congestion,client_1,server_1,router_1,2,client-router-server,1.01,0.08,59,32.64,100.0,72.9,104.5,8.41,1.01,2.2,5961,5830,131,91,20.88,normal,0,0,1
2026-01-01 13:27:00,268,congestion,client_2,server_1,router_1,2,client-router-server,0.95,0.13,62,25.2,100.0,100.0,126.47,10.77,0.95,3.69,3851,3709,142,85,52.0,normal,0,0,1
2026-01-01 13:28:00,269,congestion,client_2,server_1,router_1,2,client-router-server,1.0,0.12,61,88.41,100.0,64.0,66.77,15.28,1.0,2.53,5722,5578,144,60,10.83,normal,0,0,1
2026-01-01 13:29:00,270,congestion,client_2,server_1,router_1,2,client-router-server,1.01,0.08,65,38.65,100.0,100.0,95.8,11.68,1.01,4.51,4483,4281,202,127,10.99,normal,0,0,1
2026-01-01 13:30:00,271,congestion,client_2,server_1,router_1,2,client-router-server,1.18,0.08,57,47.28,100.0,82.64,89.5,9.89,1.18,5.47,4703,4446,257,186,52.66,normal,0,0,1
2026-01-01 13:31:00,272,congestion,client_3,server_1,router_1,2,client-router-server,1.01,0.13,55,66.0,100.0,100.0,115.83,13.95,1.01,2.54,3129,3050,79,74,25.02,normal,0,0,1
2026-01-01 13:32:00,273,congestion,client_1,server_1,router_1,2,client-router-server,1.17,0.12,59,42.94,100.0,50.68,113.09,3.3,1.17,3.74,5877,5658,219,132,21.9,normal,0,0,1
2026-01-01 13:33:00,274,congestion,client_1,server_1,router_1,2,client-router-server,0.91,0.13,68,40.74,100.0,88.17,135.02,12.08,0.91,2.81,3103,3016,87,70,26.64,normal,0,0,1
2026-01-01 13:34:00,275,congestion,client_1,server_1,router_1,2,client-router-server,1.24,0.11,63,73.28,100.0,80.97,99.14,8.55,1.24,5.19,1716,1627,89,35,8.64,normal,0,0,1
2026-01-01 13:35:00,276,congestion,client_2,server_1,router_1,2,client-router-server,1.14,0.14,65,24.24,100.0,100.0,120.9,8.96,1.14,3.39,4271,4127,144,127,6.11,normal,0,0,1
2026-01-01 13:36:00,277,congestion,client_2,server_1,router_1,2,client-router-server,0.92,0.07,67,42.38,100.0,87.32,129.2,10.08,0.92,4.44,1032,987,45,44,26.97,normal,0,0,1
2026-01-01 13:37:00,278,congestion,client_1,server_1,router_1,2,client-router-server,0.94,0.12,56,66.13,100.0,83.6,67.05,8.36,0.94,1.74,3014,2962,52,9,57.32,normal,0,0,1
2026-01-01 13:38:00,279,congestion,client_2,server_1,router_1,2,client-router-server,0.9,0.08,58,72.8,100.0,93.77,122.96,11.48,0.9,2.82,3876,3767,109,108,37.88,normal,0,0,1
2026-01-01 13:39:00,280,congestion,client_1,server_1,router_1,2,client-router-server,1.17,0.14,56,91.91,100.0,51.82,117.81,15.02,1.17,5.42,2771,2621,150,38,25.09,normal,0,0,1
2026-01-01 13:40:00,281,congestion,client_3,server_1,router_1,2,client-router-server,1.09,0.12,63,78.6,100.0,58.7,85.73,11.77,1.09,2.9,4470,4341,129,38,11.44,normal,0,0,1
2026-01-01 13:41:00,282,congestion,client_3,server_1,router_1,2,client-router-server,1.01,0.08,64,58.59,100.0,100.0,88.84,10.08,1.01,4.89,2830,2692,138,107,58.0,normal,0,0,1
2026-01-01 13:42:00,283,congestion,client_3,server_1,router_1,2,client-router-server,1.09,0.09,60,48.17,100.0,87.44,121.15,10.7,1.09,2.03,1241,1216,25,2,39.92,normal,0,0,1
2026-01-01 13:43:00,284,congestion,client_2,server_1,router_1,2,client-router-server,1.18,0.12,55,20.9,87.51,55.37,70.0,10.06,1.18,1.47,4447,4382,65,9,17.58,normal,0,0,0
2026-01-01 13:44:00,285,congestion,client_3,server_1,router_1,2,client-router-server,0.97,0.09,63,35.76,100.0,52.0,90.3,11.35,0.97,4.71,5696,5428,268,152,57.02,normal,0,0,1
2026-01-01 13:45:00,286,congestion,client_1,server_1,router_1,2,client-router-server,0.87,0.14,60,76.39,100.0,71.04,66.22,10.1,0.87,5.23,3654,3463,191,166,41.27,normal,0,0,1
2026-01-01 13:46:00,287,congestion,client_1,server_1,router_1,2,client-router-server,1.04,0.1,63,94.41,100.0,60.9,108.59,4.67,1.04,3.0,5744,5572,172,164,42.9,normal,0,0,1
2026-01-01 13:47:00,288,congestion,client_1,server_1,router_1,2,client-router-server,0.99,0.13,63,37.65,100.0,96.0,92.92,15.46,0.99,2.53,5832,5685,147,85,18.41,normal,0,0,1
2026-01-01 13:48:00,289,congestion,client_1,server_1,router_1,2,client-router-server,1.05,0.08,55,33.38,100.0,70.15,79.37,8.62,1.05,4.41,3778,3612,166,81,20.97,normal,0,0,1
2026-01-01 13:49:00,290,congestion,client_3,server_1,router_1,2,client-router-server,1.11,0.08,68,32.77,92.13,53.85,59.78,10.2,1.11,2.48,3500,3414,86,27,59.33,normal,0,0,1
2026-01-01 13:50:00,291,congestion,client_2,server_1,router_1,2,client-router-server,0.93,0.08,63,31.24,100.0,100.0,96.35,11.94,0.93,3.99,3916,3760,156,31,43.11,normal,0,0,1
2026-01-01 13:51:00,292,congestion,client_2,server_1,router_1,2,client-router-server,1.06,0.08,64,80.98,100.0,93.89,95.15,9.31,1.06,3.77,4150,3994,156,63,40.96,normal,0,0,1
2026-01-01 13:52:00,293,congestion,client_2,server_1,router_1,2,client-router-server,1.07,0.14,66,73.05,100.0,55.18,118.49,7.04,1.07,3.12,2830,2742,88,68,53.63,normal,0,0,1
2026-01-01 13:53:00,294,congestion,client_3,server_1,router_1,2,client-router-server,0.9,0.12,55,47.53,100.0,73.33,85.2,14.54,0.9,4.83,1152,1097,55,41,7.12,normal,0,0,1
2026-01-01 13:54:00,295,congestion,client_1,server_1,router_1,2,client-router-server,1.18,0.12,55,38.4,100.0,100.0,102.47,6.57,1.18,2.08,5511,5397,114,63,53.29,normal,0,0,1
2026-01-01 13:55:00,296,congestion,client_1,server_1,router_1,2,client-router-server,1.11,0.09,61,88.51,100.0,60.33,97.43,12.24,1.11,4.4,2504,2394,110,103,32.72,normal,0,0,1
2026-01-01 13:56:00,297,congestion,client_2,server_1,router_1,2,client-router-server,1.12,0.08,65,27.54,100.0,82.87,72.42,8.25,1.12,4.01,2025,1944,81,14,31.65,normal,0,0,1
2026-01-01 13:57:00,298,congestion,client_3,server_1,router_1,2,client-router-server,0.94,0.08,58,50.21,100.0,100.0,122.6,6.42,0.94,3.72,2985,2874,111,11,29.85,normal,0,0,1
2026-01-01 13:58:00,299,congestion,client_1,server_1,router_1,2,client-router-server,0.89,0.13,57,22.18,100.0,52.16,128.88,10.84,0.89,3.01,3976,3857,119,49,36.39,normal,0,0,1
2026-01-01 13:59:00,300,congestion,client_1,server_1,router_1,2,client-router-server,1.24,0.13,63,92.56,100.0,67.2,131.88,10.25,1.24,1.73,1137,1118,19,5,20.74,normal,0,0,1
2026-01-01 14:00:00,301,congestion,client_1,server_1,router_1,2,client-router-server,1.11,0.11,60,23.08,100.0,69.96,67.97,11.7,1.11,2.55,2471,2408,63,49,55.09,normal,0,0,1
2026-01-01 14:01:00,302,congestion,client_2,server_1,router_1,2,client-router-server,1.07,0.07,66,88.67,100.0,83.02,72.46,9.46,1.07,5.67,2456,2317,139,129,29.84,normal,0,0,1
2026-01-01 14:02:00,303,congestion,client_1,server_1,router_1,2,client-router-server,0.79,0.14,68,36.33,100.0,89.76,79.86,5.38,0.79,4.56,3294,3144,150,74,23.05,normal,0,0,1
2026-01-01 14:03:00,304,congestion,client_1,server_1,router_1,2,client-router-server,1.08,0.08,57,55.03,100.0,100.0,126.9,5.98,1.08,3.51,3380,3262,118,36,40.67,normal,0,0,1
2026-01-01 14:04:00,305,congestion,client_1,server_1,router_1,2,client-router-server,0.87,0.08,62,22.82,100.0,97.23,112.27,13.49,0.87,1.9,5779,5670,109,64,22.4,normal,0,0,1
2026-01-01 14:05:00,306,congestion,client_3,server_1,router_1,2,client-router-server,0.75,0.14,61,75.12,100.0,63.97,68.06,4.7,0.75,5.61,4686,4424,262,138,58.14,normal,0,0,1
2026-01-01 14:06:00,307,congestion,client_2,server_1,router_1,2,client-router-server,0.94,0.09,61,50.13,100.0,51.69,91.94,11.01,0.94,2.54,3267,3185,82,64,12.74,normal,0,0,1
2026-01-01 14:07:00,308,congestion,client_1,server_1,router_1,2,client-router-server,0.78,0.14,63,47.34,100.0,100.0,134.26,11.13,0.78,3.18,1069,1036,33,18,28.27,normal,0,0,1
2026-01-01 14:08:00,309,congestion,client_2,server_1,router_1,2,client-router-server,0.9,0.12,58,39.19,100.0,60.55,97.19,4.53,0.9,2.19,5666,5542,124,61,40.6,normal,0,0,1
2026-01-01 14:09:00,310,congestion,client_2,server_1,router_1,2,client-router-server,0.98,0.11,67,62.07,100.0,100.0,114.55,11.07,0.98,5.68,2335,2203,132,9,10.49,normal,0,0,1
2026-01-01 14:10:00,311,congestion,client_2,server_1,router_1,2,client-router-server,1.09,0.12,61,84.84,100.0,100.0,138.1,10.92,1.09,3.83,4478,4307,171,164,53.13,normal,0,0,1
2026-01-01 14:11:00,312,congestion,client_1,server_1,router_1,2,client-router-server,0.79,0.11,60,94.4,100.0,90.53,106.58,14.18,0.79,4.29,4629,4431,198,40,9.43,normal,0,0,1
2026-01-01 14:12:00,313,congestion,client_3,server_1,router_1,2,client-router-server,1.1,0.07,63,32.34,100.0,58.45,85.83,7.22,1.1,4.13,4310,4132,178,108,29.1,normal,0,0,1
2026-01-01 14:13:00,314,congestion,client_3,server_1,router_1,2,client-router-server,1.01,0.13,55,39.5,100.0,83.91,134.15,13.12,1.01,3.44,1998,1930,68,11,25.11,normal,0,0,1
2026-01-01 14:14:00,315,congestion,client_2,server_1,router_1,2,client-router-server,1.12,0.13,58,90.53,100.0,100.0,134.22,7.09,1.12,3.55,2575,2484,91,77,42.71,normal,0,0,1
2026-01-01 14:15:00,316,congestion,client_1,server_1,router_1,2,client-router-server,0.82,0.07,68,82.5,100.0,100.0,104.38,11.59,0.82,2.74,1713,1667,46,21,38.82,normal,0,0,1
2026-01-01 14:16:00,317,congestion,client_2,server_1,router_1,2,client-router-server,0.97,0.1,60,32.63,100.0,81.91,80.58,4.18,0.97,5.65,1571,1483,88,24,32.74,normal,0,0,1
2026-01-01 14:17:00,318,congestion,client_2,server_1,router_1,2,client-router-server,1.07,0.1,55,88.07,100.0,100.0,132.69,11.29,1.07,4.66,5008,4775,233,31,53.46,normal,0,0,1
2026-01-01 14:18:00,319,congestion,client_1,server_1,router_1,2,client-router-server,0.89,0.1,68,28.51,100.0,55.53,88.33,7.63,0.89,2.38,3207,3131,76,58,38.66,normal,0,0,1
2026-01-01 14:19:00,320,congestion,client_3,server_1,router_1,2,client-router-server,1.05,0.13,66,70.7,100.0,84.65,89.39,10.33,1.05,1.98,5901,5785,116,105,35.92,normal,0,0,1
2026-01-01 14:20:00,321,congestion,client_3,server_1,router_1,2,client-router-server,1.21,0.1,60,21.31,100.0,53.22,129.97,10.98,1.21,2.58,4320,4209,111,45,59.32,normal,0,0,1
2026-01-01 14:21:00,322,congestion,client_1,server_1,router_1,2,client-router-server,1.24,0.14,66,67.21,100.0,62.12,110.25,8.56,1.24,5.61,3505,3309,196,120,31.52,normal,0,0,1
2026-01-01 14:22:00,323,congestion,client_1,server_1,router_1,2,client-router-server,1.08,0.08,56,43.94,100.0,87.34,107.09,9.37,1.08,5.6,4971,4693,278,136,29.61,normal,0,0,1
2026-01-01 14:23:00,324,congestion,client_3,server_1,router_1,2,client-router-server,0.91,0.14,65,50.28,100.0,69.83,82.09,7.84,0.91,2.3,2221,2170,51,16,39.9,normal,0,0,1
2026-01-01 14:24:00,325,congestion,client_3,server_1,router_1,2,client-router-server,1.16,0.11,64,93.8,100.0,58.98,109.4,7.15,1.16,5.03,3455,3282,173,84,53.98,normal,0,0,1
2026-01-01 14:25:00,326,congestion,client_2,server_1,router_1,2,client-router-server,0.88,0.13,58,54.41,100.0,100.0,84.02,8.87,0.88,2.04,1147,1124,23,9,33.88,normal,0,0,1
2026-01-01 14:26:00,327,congestion,client_1,server_1,router_1,2,client-router-server,1.18,0.07,61,21.49,100.0,100.0,138.55,7.93,1.18,2.07,2766,2709,57,40,55.98,normal,0,0,1
2026-01-01 14:27:00,328,congestion,client_3,server_1,router_1,2,client-router-server,0.91,0.08,57,55.16,100.0,92.07,80.89,5.37,0.91,2.14,5065,4957,108,20,8.68,normal,0,0,1
2026-01-01 14:28:00,329,congestion,client_2,server_1,router_1,2,client-router-server,1.0,0.08,68,25.65,100.0,100.0,93.01,9.92,1.0,3.5,5870,5665,205,10,17.13,normal,0,0,1
2026-01-01 14:29:00,330,congestion,client_3,server_1,router_1,2,client-router-server,0.95,0.14,68,41.08,100.0,100.0,106.06,5.56,0.95,4.12,4615,4425,190,27,31.18,normal,0,0,1
2026-01-01 14:30:00,331,congestion,client_1,server_1,router_1,2,client-router-server,1.06,0.13,55,23.84,100.0,67.6,86.03,10.45,1.06,5.73,3508,3307,201,133,13.18,normal,0,0,1
2026-01-01 14:31:00,332,congestion,client_2,server_1,router_1,2,client-router-server,0.85,0.13,60,87.89,100.0,63.43,115.54,15.31,0.85,4.45,1148,1097,51,47,46.23,normal,0,0,1
2026-01-01 14:32:00,333,congestion,client_1,server_1,router_1,2,client-router-server,1.07,0.11,60,72.98,100.0,100.0,107.41,6.93,1.07,1.95,2513,2464,49,9,32.69,normal,0,0,1
2026-01-01 14:33:00,334,congestion,client_2,server_1,router_1,2,client-router-server,1.18,0.11,58,93.29,100.0,100.0,74.1,10.04,1.18,3.33,3046,2945,101,54,59.38,normal,0,0,1
2026-01-01 14:34:00,335,congestion,client_3,server_1,router_1,2,client-router-server,1.14,0.12,68,75.23,100.0,76.08,117.65,11.79,1.14,3.63,3853,3714,139,40,40.43,normal,0,0,1
2026-01-01 14:35:00,336,congestion,client_3,server_1,router_1,2,client-router-server,1.2,0.08,55,32.42,100.0,86.78,122.76,8.02,1.2,4.74,5611,5346,265,208,28.9,normal,0,0,1
2026-01-01 14:36:00,337,congestion,client_1,server_1,router_1,2,client-router-server,0.89,0.14,64,25.11,100.0,88.16,82.26,11.21,0.89,4.46,4096,3914,182,124,16.74,normal,0,0,1
2026-01-01 14:37:00,338,congestion,client_1,server_1,router_1,2,client-router-server,1.18,0.1,65,59.99,100.0,69.2,109.9,9.14,1.18,1.93,5716,5606,110,86,6.52,normal,0,0,1
2026-01-01 14:38:00,339,congestion,client_3,server_1,router_1,2,client-router-server,1.02,0.12,63,33.25,100.0,100.0,94.68,6.46,1.02,4.56,5819,5554,265,9,11.02,normal,0,0,1
2026-01-01 14:39:00,340,congestion,client_1,server_1,router_1,2,client-router-server,0.98,0.08,66,40.75,100.0,62.12,98.54,11.9,0.98,1.55,1862,1834,28,11,48.72,normal,0,0,1
2026-01-01 14:40:00,341,congestion,client_2,server_1,router_1,2,client-router-server,1.0,0.12,65,60.5,100.0,51.36,88.78,12.5,1.0,3.35,5376,5196,180,152,19.62,normal,0,0,1
2026-01-01 14:41:00,342,congestion,client_1,server_1,router_1,2,client-router-server,1.23,0.1,58,46.84,100.0,100.0,74.32,9.04,1.23,4.35,4228,4045,183,183,47.02,normal,0,0,1
2026-01-01 14:42:00,343,congestion,client_1,server_1,router_1,2,client-router-server,0.97,0.12,60,25.25,100.0,100.0,87.0,10.89,0.97,3.44,3313,3200,113,56,39.2,normal,0,0,1
2026-01-01 14:43:00,344,congestion,client_3,server_1,router_1,2,client-router-server,1.15,0.1,59,67.45,100.0,66.82,64.7,10.35,1.15,1.71,1837,1806,31,20,43.03,normal,0,0,1
2026-01-01 14:44:00,345,congestion,client_2,server_1,router_1,2,client-router-server,0.77,0.11,60,22.83,93.33,100.0,90.96,9.65,0.77,3.67,2655,2558,97,96,43.3,normal,0,0,1
2026-01-01 14:45:00,346,congestion,client_1,server_1,router_1,2,client-router-server,1.06,0.11,57,81.27,100.0,68.18,114.18,8.26,1.06,3.19,3089,2991,98,27,52.8,normal,0,0,1
2026-01-01 14:46:00,347,congestion,client_2,server_1,router_1,2,client-router-server,1.25,0.11,56,33.04,100.0,92.49,133.88,11.18,1.25,4.79,1505,1433,72,50,11.56,normal,0,0,1
2026-01-01 14:47:00,348,congestion,client_2,server_1,router_1,2,client-router-server,1.23,0.07,68,60.11,100.0,82.6,113.79,8.19,1.23,4.13,2643,2534,109,34,40.74,normal,0,0,1
2026-01-01 14:48:00,349,congestion,client_2,server_1,router_1,2,client-router-server,0.88,0.1,61,56.56,100.0,100.0,79.22,13.46,0.88,5.45,5199,4916,283,151,14.81,normal,0,0,1
2026-01-01 14:49:00,350,congestion,client_2,server_1,router_1,2,client-router-server,0.92,0.11,65,24.75,100.0,100.0,109.0,8.58,0.92,4.93,2815,2677,138,105,20.21,normal,0,0,1
2026-01-01 14:50:00,351,congestion,client_1,server_1,router_1,2,client-router-server,0.91,0.13,68,48.14,100.0,100.0,131.8,12.43,0.91,4.6,1487,1419,68,19,25.28,normal,0,0,1
2026-01-01 14:51:00,352,congestion,client_3,server_1,router_1,2,client-router-server,0.95,0.08,57,61.84,100.0,72.81,82.05,5.25,0.95,5.41,1009,955,54,10,14.6,normal,0,0,1
2026-01-01 14:52:00,353,congestion,client_3,server_1,router_1,2,client-router-server,1.19,0.1,57,25.36,100.0,60.41,99.01,15.27,1.19,3.56,5890,5681,209,187,39.35,normal,0,0,1
2026-01-01 14:53:00,354,congestion,client_1,server_1,router_1,2,client-router-server,0.85,0.09,61,38.35,100.0,96.55,72.96,9.8,0.85,2.42,3644,3556,88,20,11.6,normal,0,0,1
2026-01-01 14:54:00,355,congestion,client_1,server_1,router_1,2,client-router-server,0.8,0.12,61,82.95,100.0,100.0,98.36,4.76,0.8,5.35,5126,4852,274,80,18.79,normal,0,0,1
2026-01-01 14:55:00,356,congestion,client_3,server_1,router_1,2,client-router-server,1.05,0.11,55,67.71,100.0,62.24,90.52,11.44,1.05,5.22,3582,3396,186,11,41.98,normal,0,0,1
2026-01-01 14:56:00,357,congestion,client_1,server_1,router_1,2,client-router-server,1.23,0.08,68,67.71,100.0,100.0,113.51,7.19,1.23,4.56,3714,3545,169,54,36.72,normal,0,0,1
2026-01-01 14:57:00,358,congestion,client_2,server_1,router_1,2,client-router-server,0.78,0.12,59,43.72,100.0,76.92,84.05,12.77,0.78,5.36,4411,4175,236,74,15.91,normal,0,0,1
2026-01-01 14:58:00,359,congestion,client_2,server_1,router_1,2,client-router-server,1.23,0.14,67,90.26,100.0,60.2,80.5,9.28,1.23,5.5,4680,4423,257,25,26.47,normal,0,0,1
2026-01-01 14:59:00,360,congestion,client_2,server_1,router_1,2,client-router-server,1.03,0.07,60,53.84,100.0,58.27,120.42,6.57,1.03,5.72,2501,2358,143,94,15.02,normal,0,0,1
2026-01-01 15:00:00,361,congestion,client_3,server_1,router_1,2,client-router-server,1.05,0.08,67,83.99,100.0,97.95,83.06,9.5,1.05,2.85,1123,1091,32,16,24.56,normal,0,0,1
2026-01-01 15:01:00,362,congestion,client_1,server_1,router_1,2,client-router-server,0.96,0.12,65,94.39,100.0,86.28,121.3,7.35,0.96,3.53,1931,1863,68,31,11.63,normal,0,0,1
2026-01-01 15:02:00,363,congestion,client_2,server_1,router_1,2,client-router-server,1.08,0.1,66,48.78,100.0,70.33,67.0,14.09,1.08,5.18,2299,2180,119,112,43.99,normal,0,0,1
2026-01-01 15:03:00,364,congestion,client_2,server_1,router_1,2,client-router-server,1.04,0.12,63,93.99,100.0,83.41,133.62,4.9,1.04,1.63,2561,2520,41,40,6.13,normal,0,0,1
2026-01-01 15:04:00,365,congestion,client_1,server_1,router_1,2,client-router-server,0.78,0.08,63,84.13,100.0,52.64,101.66,9.55,0.78,4.02,2420,2323,97,71,53.74,normal,0,0,1
2026-01-01 15:05:00,366,congestion,client_1,server_1,router_1,2,client-router-server,1.21,0.13,58,83.91,100.0,57.36,69.49,7.82,1.21,4.11,4006,3842,164,73,58.69,normal,0,0,1
2026-01-01 15:06:00,367,congestion,client_2,server_1,router_1,2,client-router-server,1.05,0.08,57,75.21,100.0,100.0,95.78,7.45,1.05,4.07,1731,1661,70,40,41.46,normal,0,0,1
2026-01-01 15:07:00,368,congestion,client_1,server_1,router_1,2,client-router-server,1.02,0.11,66,75.83,100.0,59.68,98.35,10.47,1.02,5.71,3698,3487,211,79,19.0,normal,0,0,1
2026-01-01 15:08:00,369,congestion,client_1,server_1,router_1,2,client-router-server,0.9,0.12,57,39.92,100.0,78.35,87.51,5.81,0.9,2.7,1194,1162,32,1,5.8,normal,0,0,1
2026-01-01 15:09:00,370,congestion,client_1,server_1,router_1,2,client-router-server,1.23,0.08,67,93.92,100.0,54.24,91.75,5.77,1.23,4.42,3001,2869,132,2,13.83,normal,0,0,1
2026-01-01 15:10:00,371,congestion,client_3,server_1,router_1,2,client-router-server,1.1,0.14,58,89.43,100.0,68.67,75.98,6.64,1.1,2.78,5505,5352,153,31,46.26,normal,0,0,1
2026-01-01 15:11:00,372,congestion,client_2,server_1,router_1,2,client-router-server,0.81,0.12,57,71.38,100.0,69.55,115.28,9.1,0.81,4.09,4803,4607,196,148,55.04,normal,0,0,1
2026-01-01 15:12:00,373,congestion,client_3,server_1,router_1,2,client-router-server,1.2,0.11,64,27.93,100.0,60.47,112.21,7.52,1.2,5.26,1838,1742,96,54,12.01,normal,0,0,1
2026-01-01 15:13:00,374,congestion,client_2,server_1,router_1,2,client-router-server,0.95,0.08,56,80.64,100.0,94.3,115.31,9.81,0.95,5.88,5701,5366,335,163,36.07,normal,0,0,1
2026-01-01 15:14:00,375,congestion,client_2,server_1,router_1,2,client-router-server,0.76,0.14,59,39.98,100.0,68.76,107.98,5.5,0.76,3.99,1080,1037,43,25,47.67,normal,0,0,1
2026-01-01 15:15:00,376,congestion,client_3,server_1,router_1,2,client-router-server,1.17,0.13,68,88.4,100.0,53.01,125.59,10.21,1.17,3.62,5000,4819,181,126,38.07,normal,0,0,1
2026-01-01 15:16:00,377,congestion,client_3,server_1,router_1,2,client-router-server,1.01,0.12,64,48.9,100.0,70.4,80.29,12.5,1.01,5.72,5265,4964,301,175,50.1,normal,0,0,1
2026-01-01 15:17:00,378,congestion,client_2,server_1,router_1,2,client-router-server,0.9,0.09,67,79.77,100.0,98.4,94.61,9.83,0.9,5.47,3026,2861,165,28,48.15,normal,0,0,1
2026-01-01 15:18:00,379,congestion,client_3,server_1,router_1,2,client-router-server,1.11,0.12,60,80.21,100.0,74.93,74.07,8.16,1.11,4.48,1622,1550,72,57,19.71,normal,0,0,1
2026-01-01 15:19:00,380,congestion,client_1,server_1,router_1,2,client-router-server,1.07,0.09,64,81.81,100.0,100.0,135.89,13.77,1.07,1.97,2482,2434,48,27,40.76,normal,0,0,1
2026-01-01 15:20:00,381,congestion,client_2,server_1,router_1,2,client-router-server,0.75,0.13,63,69.36,100.0,98.03,138.52,13.94,0.75,5.54,4471,4224,247,0,34.61,normal,0,0,1
2026-01-01 15:21:00,382,congestion,client_2,server_1,router_1,2,client-router-server,0.93,0.1,59,70.01,100.0,88.2,132.84,9.63,0.93,4.92,3702,3520,182,10,55.98,normal,0,0,1
2026-01-01 15:22:00,383,congestion,client_1,server_1,router_1,2,client-router-server,1.14,0.14,56,23.67,100.0,100.0,83.63,6.5,1.14,2.83,3615,3513,102,59,34.55,normal,0,0,1
2026-01-01 15:23:00,384,congestion,client_1,server_1,router_1,2,client-router-server,1.13,0.1,58,67.01,100.0,100.0,91.62,9.84,1.13,4.62,1500,1431,69,25,28.03,normal,0,0,1
2026-01-01 15:24:00,385,congestion,client_2,server_1,router_1,2,client-router-server,1.1,0.13,55,52.56,100.0,86.67,71.9,7.1,1.1,5.52,1503,1421,82,50,36.47,normal,0,0,1
2026-01-01 15:25:00,386,congestion,client_2,server_1,router_1,2,client-router-server,1.16,0.13,65,94.35,100.0,100.0,88.64,8.2,1.16,1.76,4083,4012,71,13,23.52,normal,0,0,1
2026-01-01 15:26:00,387,congestion,client_3,server_1,router_1,2,client-router-server,1.13,0.08,61,39.22,100.0,65.48,132.1,8.91,1.13,2.89,2396,2327,69,5,33.97,normal,0,0,1
2026-01-01 15:27:00,388,congestion,client_2,server_1,router_1,2,client-router-server,1.01,0.1,55,84.86,100.0,85.86,130.99,13.25,1.01,1.8,4325,4248,77,25,42.9,normal,0,0,1
2026-01-01 15:28:00,389,congestion,client_2,server_1,router_1,2,client-router-server,0.89,0.11,63,39.16,100.0,100.0,77.87,7.57,0.89,4.94,2180,2073,107,80,11.1,normal,0,0,1
2026-01-01 15:29:00,390,congestion,client_3,server_1,router_1,2,client-router-server,1.12,0.09,59,29.48,99.66,50.84,112.69,13.19,1.12,1.59,1928,1898,30,10,22.02,normal,0,0,1
2026-01-01 15:30:00,391,congestion,client_2,server_1,router_1,2,client-router-server,1.04,0.13,66,31.43,100.0,57.71,69.6,8.3,1.04,1.56,2527,2488,39,16,42.11,normal,0,0,1
2026-01-01 15:31:00,392,congestion,client_3,server_1,router_1,2,client-router-server,0.91,0.11,58,49.75,100.0,100.0,82.55,4.92,0.91,1.97,2529,2480,49,3,53.37,normal,0,0,1
2026-01-01 15:32:00,393,congestion,client_3,server_1,router_1,2,client-router-server,0.75,0.07,60,82.06,100.0,66.05,89.59,11.23,0.75,5.96,3290,3094,196,140,8.05,normal,0,0,1
2026-01-01 15:33:00,394,congestion,client_2,server_1,router_1,2,client-router-server,1.04,0.08,60,84.47,100.0,51.9,104.75,6.32,1.04,3.66,4401,4240,161,115,26.15,normal,0,0,1
2026-01-01 15:34:00,395,congestion,client_2,server_1,router_1,2,client-router-server,1.23,0.13,57,61.73,100.0,68.91,121.26,10.71,1.23,2.89,1093,1062,31,22,9.44,normal,0,0,1
2026-01-01 15:35:00,396,congestion,client_3,server_1,router_1,2,client-router-server,1.03,0.11,60,41.38,100.0,79.77,74.17,8.59,1.03,3.88,4370,4201,169,164,9.95,normal,0,0,1
2026-01-01 15:36:00,397,congestion,client_1,server_1,router_1,2,client-router-server,1.12,0.11,58,77.46,100.0,75.72,123.87,7.13,1.12,3.28,1035,1002,33,22,24.88,normal,0,0,1
2026-01-01 15:37:00,398,congestion,client_3,server_1,router_1,2,client-router-server,0.76,0.13,59,69.5,100.0,71.68,105.98,10.0,0.76,2.77,5112,4971,141,44,7.6,normal,0,0,1
2026-01-01 15:38:00,399,congestion,client_2,server_1,router_1,2,client-router-server,0.79,0.11,67,91.48,100.0,85.88,103.32,13.23,0.79,5.52,2470,2334,136,37,27.3,normal,0,0,1
2026-01-01 15:39:00,400,congestion,client_2,server_1,router_1,2,client-router-server,1.17,0.13,56,90.84,100.0,92.45,89.79,6.22,1.17,5.54,1306,1234,72,54,45.47,normal,0,0,1
2026-01-01 15:40:00,401,congestion,client_1,server_1,router_1,2,client-router-server,1.11,0.13,67,30.88,100.0,96.52,89.51,8.74,1.11,4.02,2608,2504,104,55,49.01,normal,0,0,1
2026-01-01 15:41:00,402,congestion,client_2,server_1,router_1,2,client-router-server,1.11,0.12,68,62.25,100.0,100.0,78.41,5.81,1.11,4.62,2487,2373,114,58,10.45,normal,0,0,1
2026-01-01 15:42:00,403,congestion,client_3,server_1,router_1,2,client-router-server,0.95,0.08,55,42.07,100.0,89.55,78.85,13.22,0.95,2.84,1152,1120,32,30,42.7,normal,0,0,1
2026-01-01 15:43:00,404,congestion,client_2,server_1,router_1,2,client-router-server,1.22,0.1,68,64.59,100.0,75.45,69.04,6.15,1.22,5.08,1708,1622,86,82,53.89,normal,0,0,1
2026-01-01 15:44:00,405,congestion,client_1,server_1,router_1,2,client-router-server,1.07,0.09,61,38.53,100.0,93.46,72.21,15.27,1.07,4.31,1505,1441,64,59,53.37,normal,0,0,1
2026-01-01 15:45:00,406,congestion,client_2,server_1,router_1,2,client-router-server,0.76,0.12,58,44.49,100.0,100.0,110.63,13.58,0.76,3.84,2968,2855,113,85,37.02,normal,0,0,1
2026-01-01 15:46:00,407,congestion,client_3,server_1,router_1,2,client-router-server,1.06,0.12,56,85.03,100.0,76.34,115.69,9.22,1.06,4.55,1345,1284,61,37,11.47,normal,0,0,1
2026-01-01 15:47:00,408,congestion,client_2,server_1,router_1,2,client-router-server,1.01,0.12,58,67.1,100.0,93.77,77.43,7.88,1.01,3.7,5305,5109,196,100,6.77,normal,0,0,1
2026-01-01 15:48:00,409,congestion,client_1,server_1,router_1,2,client-router-server,0.9,0.1,62,76.65,100.0,51.28,104.86,15.14,0.9,3.28,5494,5314,180,6,21.21,normal,0,0,1
2026-01-01 15:49:00,410,congestion,client_3,server_1,router_1,2,client-router-server,0.79,0.08,64,24.0,100.0,63.3,118.02,10.19,0.79,4.52,1586,1515,71,11,18.75,normal,0,0,1
2026-01-01 15:50:00,411,congestion,client_1,server_1,router_1,2,client-router-server,1.17,0.11,62,24.13,93.98,85.78,71.76,13.93,1.17,3.2,5634,5454,180,50,53.31,normal,0,0,1
2026-01-01 15:51:00,412,congestion,client_2,server_1,router_1,2,client-router-server,1.08,0.09,64,40.0,100.0,100.0,111.27,10.64,1.08,2.75,1240,1206,34,22,46.04,normal,0,0,1
2026-01-01 15:52:00,413,congestion,client_1,server_1,router_1,2,client-router-server,1.11,0.11,59,30.06,100.0,100.0,118.2,8.39,1.11,2.01,5801,5685,116,98,55.57,normal,0,0,1
2026-01-01 15:53:00,414,congestion,client_1,server_1,router_1,2,client-router-server,1.23,0.08,58,49.82,100.0,59.76,99.82,6.67,1.23,5.59,2784,2629,155,54,15.26,normal,0,0,1
2026-01-01 15:54:00,415,congestion,client_1,server_1,router_1,2,client-router-server,0.92,0.1,55,36.89,100.0,83.3,106.26,11.09,0.92,2.95,5820,5649,171,135,46.78,normal,0,0,1
2026-01-01 15:55:00,416,congestion,client_1,server_1,router_1,2,client-router-server,0.79,0.09,58,88.49,100.0,59.89,89.85,12.45,0.79,1.9,1411,1385,26,9,19.2,normal,0,0,1
2026-01-01 15:56:00,417,congestion,client_3,server_1,router_1,2,client-router-server,1.16,0.12,65,30.22,100.0,60.81,109.72,10.9,1.16,4.06,3278,3145,133,14,48.82,normal,0,0,1
2026-01-01 15:57:00,418,congestion,client_3,server_1,router_1,2,client-router-server,1.18,0.11,63,66.36,100.0,62.71,126.59,14.76,1.18,4.09,4123,3955,168,115,18.85,normal,0,0,1
2026-01-01 15:58:00,419,congestion,client_2,server_1,router_1,2,client-router-server,0.77,0.1,60,50.73,100.0,100.0,110.78,13.75,0.77,3.71,5837,5621,216,49,24.06,normal,0,0,1
2026-01-01 15:59:00,420,congestion,client_2,server_1,router_1,2,client-router-server,1.05,0.07,56,55.62,100.0,84.41,100.17,12.59,1.05,4.77,2014,1918,96,76,24.7,normal,0,0,1
2026-01-01 16:00:00,421,congestion,client_3,server_1,router_1,2,client-router-server,1.22,0.14,59,48.22,100.0,82.74,73.89,13.5,1.22,3.43,2785,2690,95,38,42.41,normal,0,0,1
2026-01-01 16:01:00,422,congestion,client_1,server_1,router_1,2,client-router-server,0.76,0.07,64,22.71,100.0,54.64,75.0,12.78,0.76,2.16,4635,4535,100,33,32.56,normal,0,0,1
2026-01-01 16:02:00,423,congestion,client_2,server_1,router_1,2,client-router-server,0.94,0.14,64,54.35,100.0,81.86,71.88,6.48,0.94,3.97,1291,1240,51,41,7.96,normal,0,0,1
2026-01-01 16:03:00,424,congestion,client_2,server_1,router_1,2,client-router-server,1.2,0.11,55,58.47,100.0,99.61,106.84,10.79,1.2,5.68,2624,2475,149,135,12.07,normal,0,0,1
2026-01-01 16:04:00,425,congestion,client_3,server_1,router_1,2,client-router-server,1.09,0.13,65,66.24,100.0,100.0,80.56,15.41,1.09,5.86,5407,5091,316,54,24.57,normal,0,0,1
2026-01-01 16:05:00,426,congestion,client_1,server_1,router_1,2,client-router-server,1.0,0.08,61,64.7,100.0,99.33,71.51,9.2,1.0,5.02,1131,1075,56,17,17.16,normal,0,0,1
2026-01-01 16:06:00,427,congestion,client_2,server_1,router_1,2,client-router-server,0.95,0.09,67,78.07,100.0,100.0,105.33,7.72,0.95,5.89,1941,1827,114,5,25.37,normal,0,0,1
2026-01-01 16:07:00,428,congestion,client_3,server_1,router_1,2,client-router-server,0.79,0.12,64,60.93,100.0,93.08,74.93,10.16,0.79,1.54,5666,5579,87,70,58.56,normal,0,0,1
2026-01-01 16:08:00,429,congestion,client_3,server_1,router_1,2,client-router-server,0.81,0.12,56,73.68,100.0,56.9,78.02,13.57,0.81,1.98,3777,3703,74,36,6.6,normal,0,0,1
2026-01-01 16:09:00,430,congestion,client_1,server_1,router_1,2,client-router-server,0.96,0.08,58,90.05,100.0,54.25,122.0,5.16,0.96,1.58,2100,2067,33,31,29.57,normal,0,0,1
2026-01-01 16:10:00,431,congestion,client_2,server_1,router_1,2,client-router-server,0.85,0.09,64,58.78,100.0,84.61,79.28,7.41,0.85,4.8,4930,4694,236,173,21.9,normal,0,0,1
2026-01-01 16:11:00,432,congestion,client_3,server_1,router_1,2,client-router-server,1.16,0.11,60,76.6,100.0,77.73,130.33,5.82,1.16,2.15,1155,1131,24,9,11.52,normal,0,0,1
2026-01-01 16:12:00,433,congestion,client_2,server_1,router_1,2,client-router-server,0.86,0.08,63,60.23,100.0,73.91,66.69,6.81,0.86,1.68,5255,5167,88,40,23.02,normal,0,0,1
2026-01-01 16:13:00,434,congestion,client_2,server_1,router_1,2,client-router-server,0.75,0.13,65,52.92,100.0,95.5,135.43,10.79,0.75,1.83,4532,4450,82,57,50.87,normal,0,0,1
2026-01-01 16:14:00,435,congestion,client_1,server_1,router_1,2,client-router-server,1.09,0.13,58,72.18,100.0,93.62,133.5,12.31,1.09,3.1,1250,1212,38,6,14.11,normal,0,0,1
2026-01-01 16:15:00,436,congestion,client_1,server_1,router_1,2,client-router-server,0.85,0.1,55,82.84,100.0,58.01,63.07,6.18,0.85,3.58,3707,3575,132,112,48.78,normal,0,0,1
2026-01-01 16:16:00,437,congestion,client_1,server_1,router_1,2,client-router-server,1.02,0.09,61,26.26,100.0,66.97,90.49,13.7,1.02,2.36,3933,3841,92,69,41.14,normal,0,0,1
2026-01-01 16:17:00,438,congestion,client_2,server_1,router_1,2,client-router-server,1.21,0.1,63,85.28,100.0,100.0,93.23,11.29,1.21,4.48,2399,2292,107,30,36.68,normal,0,0,1
2026-01-01 16:18:00,439,congestion,client_1,server_1,router_1,2,client-router-server,1.15,0.11,67,38.75,100.0,87.33,113.85,14.47,1.15,5.74,2447,2307,140,86,59.28,normal,0,0,1
2026-01-01 16:19:00,440,congestion,client_2,server_1,router_1,2,client-router-server,1.02,0.13,66,79.96,100.0,100.0,94.5,11.75,1.02,2.14,5897,5771,126,70,13.09,normal,0,0,1
2026-01-01 16:20:00,441,congestion,client_2,server_1,router_1,2,client-router-server,1.12,0.13,56,37.95,100.0,88.27,110.71,4.74,1.12,5.67,4295,4052,243,158,23.38,normal,0,0,1
2026-01-01 16:21:00,442,congestion,client_3,server_1,router_1,2,client-router-server,0.88,0.08,55,24.53,100.0,55.34,121.77,4.23,0.88,1.74,1516,1490,26,5,12.96,normal,0,0,1
2026-01-01 16:22:00,443,congestion,client_1,server_1,router_1,2,client-router-server,0.9,0.1,60,60.46,100.0,100.0,86.55,8.09,0.9,5.38,5677,5372,305,116,46.9,normal,0,0,1
2026-01-01 16:23:00,444,congestion,client_3,server_1,router_1,2,client-router-server,1.24,0.13,55,72.71,100.0,65.18,109.29,12.37,1.24,4.03,4849,4654,195,178,19.7,normal,0,0,1
2026-01-01 16:24:00,445,congestion,client_1,server_1,router_1,2,client-router-server,0.99,0.08,59,79.07,100.0,76.22,125.62,5.02,0.99,5.09,5393,5119,274,83,27.24,normal,0,0,1
2026-01-01 16:25:00,446,congestion,client_3,server_1,router_1,2,client-router-server,0.99,0.08,59,82.25,100.0,96.83,126.15,8.64,0.99,4.08,3417,3278,139,3,24.1,normal,0,0,1
2026-01-01 16:26:00,447,congestion,client_2,server_1,router_1,2,client-router-server,1.18,0.11,63,27.57,100.0,96.3,101.07,6.75,1.18,4.63,3588,3422,166,94,46.42,normal,0,0,1
2026-01-01 16:27:00,448,congestion,client_1,server_1,router_1,2,client-router-server,0.93,0.11,64,80.62,100.0,60.29,66.85,5.94,0.93,5.4,1085,1027,58,50,50.75,normal,0,0,1
2026-01-01 16:28:00,449,congestion,client_1,server_1,router_1,2,client-router-server,0.89,0.09,64,89.91,100.0,91.77,79.52,9.8,0.89,2.51,4037,3936,101,91,38.27,normal,0,0,1
2026-01-01 16:29:00,450,congestion,client_1,server_1,router_1,2,client-router-server,0.94,0.1,61,35.53,100.0,73.5,65.25,8.19,0.94,1.64,4781,4703,78,20,37.73,normal,0,0,1
2026-01-01 16:30:00,451,congestion,client_2,server_1,router_1,2,client-router-server,0.95,0.13,67,60.4,100.0,85.5,128.7,5.44,0.95,1.69,5663,5568,95,81,21.83,normal,0,0,1
2026-01-01 16:31:00,452,congestion,client_2,server_1,router_1,2,client-router-server,0.87,0.09,56,20.79,100.0,100.0,77.41,7.95,0.87,2.0,2136,2094,42,24,57.11,normal,0,0,1
2026-01-01 16:32:00,453,congestion,client_3,server_1,router_1,2,client-router-server,0.95,0.13,63,50.73,100.0,78.32,79.73,14.36,0.95,2.06,2963,2902,61,57,36.47,normal,0,0,1
2026-01-01 16:33:00,454,congestion,client_1,server_1,router_1,2,client-router-server,1.05,0.13,57,32.62,100.0,98.92,123.73,9.53,1.05,2.93,3193,3100,93,30,27.72,normal,0,0,1
2026-01-01 16:34:00,455,congestion,client_2,server_1,router_1,2,client-router-server,1.13,0.11,66,74.99,100.0,76.65,108.48,9.01,1.13,4.72,4629,4411,218,3,38.85,normal,0,0,1
2026-01-01 16:35:00,456,congestion,client_2,server_1,router_1,2,client-router-server,0.84,0.09,58,67.49,100.0,100.0,76.27,9.16,0.84,4.0,3107,2983,124,2,42.21,normal,0,0,1
2026-01-01 16:36:00,457,congestion,client_2,server_1,router_1,2,client-router-server,1.15,0.14,59,77.0,100.0,90.38,108.64,5.84,1.15,5.99,3103,2918,185,161,38.89,normal,0,0,1
2026-01-01 16:37:00,458,congestion,client_3,server_1,router_1,2,client-router-server,0.92,0.12,55,72.23,100.0,94.94,91.81,9.13,0.92,5.81,2992,2819,173,26,33.12,normal,0,0,1
2026-01-01 16:38:00,459,congestion,client_2,server_1,router_1,2,client-router-server,1.08,0.12,60,22.86,100.0,100.0,137.3,4.86,1.08,4.45,1121,1072,49,20,55.56,normal,0,0,1
2026-01-01 16:39:00,460,congestion,client_3,server_1,router_1,2,client-router-server,1.13,0.11,62,73.48,100.0,93.92,122.24,13.3,1.13,4.26,5652,5412,240,14,16.09,normal,0,0,1
2026-01-01 16:40:00,461,congestion,client_1,server_1,router_1,2,client-router-server,0.93,0.11,58,86.14,100.0,100.0,105.77,12.65,0.93,4.61,1734,1655,79,58,6.27,normal,0,0,1
2026-01-01 16:41:00,462,congestion,client_2,server_1,router_1,2,client-router-server,0.78,0.13,59,64.16,100.0,67.83,67.85,9.18,0.78,2.03,1806,1770,36,34,47.03,normal,0,0,1
2026-01-01 16:42:00,463,congestion,client_2,server_1,router_1,2,client-router-server,0.96,0.08,58,51.18,100.0,100.0,131.0,11.53,0.96,2.33,2006,1960,46,8,31.12,normal,0,0,1
2026-01-01 16:43:00,464,congestion,client_2,server_1,router_1,2,client-router-server,1.02,0.07,58,91.51,100.0,100.0,115.04,11.94,1.02,1.77,2054,2018,36,32,37.63,normal,0,0,1
2026-01-01 16:44:00,465,congestion,client_3,server_1,router_1,2,client-router-server,0.87,0.14,66,61.37,100.0,100.0,94.89,5.79,0.87,3.56,5421,5229,192,112,38.57,normal,0,0,1
2026-01-01 16:45:00,466,congestion,client_2,server_1,router_1,2,client-router-server,1.21,0.08,66,42.56,100.0,100.0,96.65,9.79,1.21,3.11,3594,3483,111,18,47.21,normal,0,0,1
2026-01-01 16:46:00,467,congestion,client_3,server_1,router_1,2,client-router-server,1.04,0.13,67,66.66,100.0,100.0,101.22,10.31,1.04,4.07,4828,4632,196,142,14.61,normal,0,0,1
2026-01-01 16:47:00,468,congestion,client_1,server_1,router_1,2,client-router-server,0.81,0.09,61,81.63,100.0,91.32,117.9,9.99,0.81,2.81,4941,4803,138,10,16.59,normal,0,0,1
2026-01-01 16:48:00,469,congestion,client_1,server_1,router_1,2,client-router-server,0.79,0.13,55,37.88,100.0,100.0,130.39,6.61,0.79,1.56,4868,4793,75,64,21.81,normal,0,0,1
2026-01-01 16:49:00,470,congestion,client_3,server_1,router_1,2,client-router-server,0.94,0.13,57,76.27,100.0,99.38,90.15,5.53,0.94,2.04,1361,1334,27,4,48.4,normal,0,0,1
2026-01-01 16:50:00,471,congestion,client_1,server_1,router_1,2,client-router-server,1.07,0.1,58,62.76,100.0,67.26,95.02,5.82,1.07,4.02,3063,2940,123,62,13.82,normal,0,0,1
2026-01-01 16:51:00,472,congestion,client_1,server_1,router_1,2,client-router-server,1.2,0.14,57,79.73,100.0,71.94,109.22,11.44,1.2,5.2,3638,3449,189,168,56.66,normal,0,0,1
2026-01-01 16:52:00,473,congestion,client_2,server_1,router_1,2,client-router-server,0.97,0.09,55,70.42,100.0,78.71,99.69,5.28,0.97,4.79,5603,5335,268,112,19.44,normal,0,0,1
2026-01-01 16:53:00,474,congestion,client_3,server_1,router_1,2,client-router-server,1.17,0.14,62,45.57,100.0,100.0,71.74,10.29,1.17,3.4,2951,2851,100,51,7.9,normal,0,0,1
2026-01-01 16:54:00,475,congestion,client_1,server_1,router_1,2,client-router-server,1.17,0.12,66,87.57,100.0,94.21,126.17,3.88,1.17,3.01,5537,5371,166,62,53.8,normal,0,0,1
2026-01-01 16:55:00,476,congestion,client_1,server_1,router_1,2,client-router-server,1.1,0.12,57,60.01,100.0,66.08,81.54,6.37,1.1,4.64,4145,3953,192,88,10.04,normal,0,0,1
2026-01-01 16:56:00,477,congestion,client_1,server_1,router_1,2,client-router-server,0.83,0.14,63,31.24,100.0,100.0,96.53,8.66,0.83,5.17,4166,3951,215,12,23.23,normal,0,0,1
2026-01-01 16:57:00,478,congestion,client_3,server_1,router_1,2,client-router-server,0.91,0.09,59,61.01,100.0,97.45,117.2,4.69,0.91,3.78,3904,3757,147,128,27.07,normal,0,0,1
2026-01-01 16:58:00,479,congestion,client_1,server_1,router_1,2,client-router-server,1.21,0.13,64,42.4,100.0,87.0,123.39,7.65,1.21,3.6,5070,4888,182,100,28.06,normal,0,0,1
2026-01-01 16:59:00,480,congestion,client_2,server_1,router_1,2,client-router-server,1.24,0.07,60,72.77,100.0,79.91,130.29,6.25,1.24,1.86,3570,3504,66,8,13.1,normal,0,0,1
2026-01-01 17:00:00,481,congestion,client_2,server_1,router_1,2,client-router-server,0.8,0.08,58,47.08,100.0,95.19,81.81,9.78,0.8,3.97,5453,5237,216,69,14.73,normal,0,0,1
2026-01-01 17:01:00,482,congestion,client_1,server_1,router_1,2,client-router-server,1.01,0.13,57,58.4,100.0,72.49,82.09,5.18,1.01,1.93,5718,5608,110,32,14.83,normal,0,0,1
2026-01-01 17:02:00,483,congestion,client_2,server_1,router_1,2,client-router-server,0.91,0.08,58,49.96,100.0,57.47,78.17,7.57,0.91,4.41,1230,1176,54,18,22.63,normal,0,0,1
2026-01-01 17:03:00,484,congestion,client_1,server_1,router_1,2,client-router-server,0.97,0.14,57,44.31,100.0,100.0,100.54,4.27,0.97,2.49,1552,1514,38,32,58.36,normal,0,0,1
2026-01-01 17:04:00,485,congestion,client_3,server_1,router_1,2,client-router-server,0.9,0.08,66,27.74,100.0,60.07,69.83,10.61,0.9,2.27,5955,5820,135,124,34.61,normal,0,0,1
2026-01-01 17:05:00,486,congestion,client_1,server_1,router_1,2,client-router-server,0.92,0.08,58,35.84,100.0,100.0,125.87,8.81,0.92,3.1,2137,2071,66,0,43.39,normal,0,0,1
2026-01-01 17:06:00,487,congestion,client_1,server_1,router_1,2,client-router-server,1.08,0.12,68,53.27,100.0,96.65,71.7,11.89,1.08,3.98,3804,3653,151,17,29.91,normal,0,0,1
2026-01-01 17:07:00,488,congestion,client_2,server_1,router_1,2,client-router-server,0.87,0.13,63,61.06,100.0,58.06,101.05,10.31,0.87,3.13,2133,2067,66,41,40.33,normal,0,0,1
2026-01-01 17:08:00,489,congestion,client_1,server_1,router_1,2,client-router-server,0.92,0.1,66,86.11,100.0,64.58,72.51,7.55,0.92,3.97,1083,1041,42,36,8.8,normal,0,0,1
2026-01-01 17:09:00,490,congestion,client_1,server_1,router_1,2,client-router-server,1.14,0.11,62,90.02,100.0,100.0,98.91,7.29,1.14,2.29,3692,3608,84,1,24.01,normal,0,0,1
2026-01-01 17:10:00,491,congestion,client_2,server_1,router_1,2,client-router-server,0.91,0.07,68,34.29,100.0,98.44,80.46,5.02,0.91,3.86,4533,4359,174,40,58.83,normal,0,0,1
2026-01-01 17:11:00,492,congestion,client_1,server_1,router_1,2,client-router-server,1.07,0.08,59,45.28,100.0,63.07,76.07,5.06,1.07,4.51,2331,2226,105,105,44.09,normal,0,0,1
2026-01-01 17:12:00,493,congestion,client_3,server_1,router_1,2,client-router-server,1.23,0.12,55,58.25,100.0,100.0,81.18,12.31,1.23,3.94,2756,2648,108,67,55.36,normal,0,0,1
2026-01-01 17:13:00,494,congestion,client_3,server_1,router_1,2,client-router-server,0.87,0.1,62,82.56,100.0,55.88,91.26,9.88,0.87,5.21,4497,4263,234,163,51.83,normal,0,0,1
2026-01-01 17:14:00,495,congestion,client_3,server_1,router_1,2,client-router-server,0.98,0.09,58,52.91,100.0,80.75,112.29,11.19,0.98,3.68,3701,3565,136,125,17.93,normal,0,0,1
2026-01-01 17:15:00,496,congestion,client_1,server_1,router_1,2,client-router-server,1.13,0.11,60,69.75,100.0,100.0,118.48,4.49,1.13,1.55,5186,5106,80,27,26.8,normal,0,0,1
2026-01-01 17:16:00,497,congestion,client_1,server_1,router_1,2,client-router-server,0.77,0.13,60,77.78,100.0,100.0,134.75,13.25,0.77,5.86,2208,2079,129,96,53.62,normal,0,0,1
2026-01-01 17:17:00,498,congestion,client_2,server_1,router_1,2,client-router-server,1.23,0.12,64,70.99,100.0,63.28,115.69,13.26,1.23,3.5,1608,1552,56,12,5.44,normal,0,0,1
2026-01-01 17:18:00,499,congestion,client_1,server_1,router_1,2,client-router-server,0.9,0.12,57,29.42,100.0,94.97,69.84,7.29,0.9,2.73,2515,2447,68,21,32.5,normal,0,0,1
2026-01-01 17:19:00,500,congestion,client_3,server_1,router_1,2,client-router-server,0.83,0.14,68,30.0,100.0,100.0,83.82,7.28,0.83,1.59,5361,5276,85,33,20.78,normal,0,0,1
2026-01-01 17:20:00,501,congestion,client_2,server_1,router_1,2,client-router-server,1.03,0.1,61,141.17,100.0,97.5,109.49,8.5,1.03,4.01,5064,4861,203,89,36.75,traffic_spike,0,0,1
2026-01-01 17:21:00,502,congestion,client_3,server_1,router_1,2,client-router-server,1.2,0.1,63,91.08,100.0,100.0,123.27,5.39,1.2,2.57,5148,5016,132,112,10.13,traffic_spike,0,0,1
2026-01-01 17:22:00,503,congestion,client_1,server_1,router_1,2,client-router-server,0.95,0.09,60,124.12,100.0,57.57,74.38,13.42,0.95,5.11,4167,3955,212,172,20.81,traffic_spike,0,0,1
2026-01-01 17:23:00,504,congestion,client_2,server_1,router_1,2,client-router-server,0.92,0.11,66,78.01,100.0,50.79,106.66,10.34,0.92,2.76,1651,1606,45,15,45.16,traffic_spike,0,0,1
2026-01-01 17:24:00,505,congestion,client_1,server_1,router_1,2,client-router-server,0.86,0.09,68,122.4,100.0,100.0,127.73,13.24,0.86,2.89,1612,1566,46,35,20.89,traffic_spike,0,0,1
2026-01-01 17:25:00,506,congestion,client_2,server_1,router_1,2,client-router-server,0.91,0.08,60,113.1,100.0,52.81,93.55,10.31,0.91,2.83,4781,4646,135,78,19.93,traffic_spike,0,0,1
2026-01-01 17:26:00,507,congestion,client_3,server_1,router_1,2,client-router-server,1.05,0.09,55,52.77,100.0,88.12,93.73,13.41,1.05,5.72,1612,1520,92,48,43.64,traffic_spike,0,0,1
2026-01-01 17:27:00,508,congestion,client_3,server_1,router_1,2,client-router-server,0.78,0.12,63,104.89,100.0,79.54,105.41,11.47,0.78,3.99,1490,1431,59,19,45.17,traffic_spike,0,0,1
2026-01-01 17:28:00,509,congestion,client_2,server_1,router_1,2,client-router-server,1.08,0.12,67,147.69,100.0,60.86,119.5,8.96,1.08,2.65,5935,5778,157,60,22.06,traffic_spike,0,0,1
2026-01-01 17:29:00,510,congestion,client_2,server_1,router_1,2,client-router-server,1.0,0.12,59,140.44,100.0,61.95,97.68,5.47,1.0,2.92,3443,3343,100,78,38.89,traffic_spike,0,0,1
2026-01-01 17:30:00,511,congestion,client_1,server_1,router_1,2,client-router-server,1.11,0.12,64,104.15,100.0,100.0,119.12,4.48,1.11,1.93,2140,2099,41,26,52.16,traffic_spike,0,0,1
2026-01-01 17:31:00,512,congestion,client_2,server_1,router_1,2,client-router-server,1.12,0.07,60,106.89,100.0,62.81,102.58,8.89,1.12,3.84,3799,3654,145,117,27.59,traffic_spike,0,0,1
2026-01-01 17:32:00,513,congestion,client_1,server_1,router_1,2,client-router-server,0.99,0.11,65,147.57,100.0,100.0,103.01,12.39,0.99,5.92,1676,1577,99,68,34.06,traffic_spike,0,0,1
2026-01-01 17:33:00,514,congestion,client_3,server_1,router_1,2,client-router-server,0.92,0.1,65,44.85,100.0,100.0,98.95,6.54,0.92,5.67,5376,5072,304,299,59.44,traffic_spike,0,0,1
2026-01-01 17:34:00,515,congestion,client_1,server_1,router_1,2,client-router-server,0.97,0.08,60,97.54,100.0,59.58,119.34,10.83,0.97,2.11,3281,3212,69,35,11.93,traffic_spike,0,0,1
2026-01-01 17:35:00,516,congestion,client_2,server_1,router_1,2,client-router-server,0.89,0.1,66,59.41,100.0,100.0,88.35,12.14,0.89,4.02,3527,3386,141,138,24.99,traffic_spike,0,0,1
2026-01-01 17:36:00,517,congestion,client_1,server_1,router_1,2,client-router-server,1.15,0.12,58,145.3,100.0,100.0,122.2,10.88,1.15,4.84,1907,1815,92,6,50.34,traffic_spike,0,0,1
2026-01-01 17:37:00,518,congestion,client_2,server_1,router_1,2,client-router-server,0.77,0.09,57,35.87,100.0,95.48,131.51,5.66,0.77,3.13,5144,4983,161,105,42.86,traffic_spike,0,0,1
2026-01-01 17:38:00,519,congestion,client_3,server_1,router_1,2,client-router-server,0.91,0.12,61,32.03,100.0,100.0,72.18,6.99,0.91,2.96,1696,1646,50,31,12.68,traffic_spike,0,0,1
2026-01-01 17:39:00,520,congestion,client_1,server_1,router_1,2,client-router-server,1.22,0.13,62,36.82,100.0,89.48,121.62,12.39,1.22,5.68,2493,2352,141,115,11.03,traffic_spike,0,0,1
2026-01-01 17:40:00,521,congestion,client_1,server_1,router_1,2,client-router-server,0.77,0.14,67,33.67,100.0,69.0,104.62,7.5,0.77,2.67,2730,2658,72,46,41.79,traffic_spike,0,0,1
2026-01-01 17:41:00,522,congestion,client_1,server_1,router_1,2,client-router-server,1.07,0.1,67,111.67,100.0,64.84,115.27,12.15,1.07,2.78,5142,5000,142,116,39.15,traffic_spike,0,0,1
2026-01-01 17:42:00,523,congestion,client_3,server_1,router_1,2,client-router-server,0.95,0.12,66,101.61,100.0,100.0,98.74,10.0,0.95,3.27,2509,2427,82,55,28.67,traffic_spike,0,0,1
2026-01-01 17:43:00,524,congestion,client_3,server_1,router_1,2,client-router-server,1.23,0.08,56,93.55,100.0,94.9,123.21,9.86,1.23,2.17,3481,3406,75,64,51.41,traffic_spike,0,0,1
2026-01-01 17:44:00,525,congestion,client_2,server_1,router_1,2,client-router-server,0.92,0.14,57,144.36,100.0,70.75,99.86,6.09,0.92,1.64,3176,3124,52,50,11.18,traffic_spike,0,0,1
2026-01-01 17:45:00,526,congestion,client_1,server_1,router_1,2,client-router-server,0.84,0.09,67,55.92,100.0,100.0,102.72,12.39,0.84,1.65,4690,4613,77,6,55.98,traffic_spike,0,0,1
2026-01-01 17:46:00,527,congestion,client_2,server_1,router_1,2,client-router-server,1.2,0.07,55,52.28,100.0,100.0,82.13,10.53,1.2,5.81,5330,5021,309,303,39.7,traffic_spike,0,0,1
2026-01-01 17:47:00,528,congestion,client_3,server_1,router_1,2,client-router-server,0.88,0.13,62,105.15,100.0,100.0,129.67,10.12,0.88,2.6,4407,4293,114,24,21.87,traffic_spike,0,0,1
2026-01-01 17:48:00,529,congestion,client_2,server_1,router_1,2,client-router-server,1.23,0.12,57,138.24,100.0,72.02,100.35,8.56,1.23,5.68,2859,2697,162,43,45.83,traffic_spike,0,0,1
2026-01-01 17:49:00,530,congestion,client_2,server_1,router_1,2,client-router-server,1.16,0.13,63,72.59,100.0,60.99,114.0,9.27,1.16,4.74,1092,1041,51,10,32.53,traffic_spike,0,0,1
2026-01-01 17:50:00,531,congestion,client_2,server_1,router_1,2,client-router-server,0.76,0.13,64,147.65,100.0,76.44,121.4,6.86,0.76,5.12,1676,1591,85,38,36.1,traffic_spike,0,0,1
2026-01-01 17:51:00,532,congestion,client_3,server_1,router_1,2,client-router-server,1.01,0.09,67,106.44,100.0,50.07,61.39,7.01,1.01,4.54,1371,1309,62,37,35.06,traffic_spike,0,0,1
2026-01-01 17:52:00,533,congestion,client_1,server_1,router_1,2,client-router-server,1.18,0.13,55,108.05,100.0,85.55,77.45,8.81,1.18,5.53,3231,3053,178,23,42.64,traffic_spike,0,0,1
2026-01-01 17:53:00,534,congestion,client_3,server_1,router_1,2,client-router-server,0.98,0.08,68,144.76,100.0,100.0,83.56,11.37,0.98,3.45,4537,4381,156,50,52.05,traffic_spike,0,0,1
2026-01-01 17:54:00,535,congestion,client_3,server_1,router_1,2,client-router-server,1.06,0.09,61,109.72,100.0,100.0,117.83,10.89,1.06,1.77,3804,3737,67,43,32.16,traffic_spike,0,0,1
2026-01-01 17:55:00,536,congestion,client_1,server_1,router_1,2,client-router-server,0.86,0.12,66,116.76,100.0,68.61,109.05,10.59,0.86,4.08,1440,1382,58,46,19.7,traffic_spike,0,0,1
2026-01-01 17:56:00,537,congestion,client_3,server_1,router_1,2,client-router-server,1.09,0.09,62,148.12,100.0,100.0,100.0,12.36,1.09,3.64,1230,1186,44,21,19.25,traffic_spike,0,0,1
2026-01-01 17:57:00,538,congestion,client_1,server_1,router_1,2,client-router-server,0.81,0.13,56,89.14,100.0,83.95,78.88,13.34,0.81,4.77,5214,4966,248,143,41.03,traffic_spike,0,0,1
2026-01-01 17:58:00,539,congestion,client_3,server_1,router_1,2,client-router-server,1.23,0.14,57,96.79,100.0,73.82,68.09,7.85,1.23,2.27,3321,3246,75,65,59.22,traffic_spike,0,0,1
2026-01-01 17:59:00,540,congestion,client_2,server_1,router_1,2,client-router-server,0.94,0.08,61,50.79,100.0,100.0,137.28,11.98,0.94,2.39,3798,3708,90,43,36.32,traffic_spike,0,0,1
2026-01-01 18:00:00,541,congestion,client_1,server_1,router_1,2,client-router-server,0.87,0.14,67,122.51,100.0,91.83,136.05,13.57,0.87,3.11,3745,3629,116,5,41.02,traffic_spike,1,0,1
2026-01-01 18:01:00,542,congestion,client_3,server_1,router_1,2,client-router-server,1.22,0.07,62,138.88,100.0,89.04,75.62,10.52,1.22,5.5,3731,3526,205,12,7.29,traffic_spike,1,0,1
2026-01-01 18:02:00,543,congestion,client_3,server_1,router_1,2,client-router-server,0.8,0.13,63,151.41,100.0,59.0,64.0,9.17,0.8,1.63,3260,3207,53,36,57.65,traffic_spike,1,0,1
2026-01-01 18:03:00,544,congestion,client_1,server_1,router_1,2,client-router-server,0.82,0.11,61,111.84,100.0,54.22,93.76,6.46,0.82,2.81,5961,5794,167,96,38.39,traffic_spike,1,0,1
2026-01-01 18:04:00,545,congestion,client_1,server_1,router_1,2,client-router-server,1.13,0.14,55,61.95,100.0,100.0,114.62,11.14,1.13,5.17,4303,4081,222,0,5.3,traffic_spike,1,0,1
2026-01-01 18:05:00,546,congestion,client_1,server_1,router_1,2,client-router-server,0.86,0.11,64,160.24,100.0,100.0,81.15,9.47,0.86,5.77,1445,1362,83,39,51.94,traffic_spike,1,0,1
2026-01-01 18:06:00,547,congestion,client_3,server_1,router_1,2,client-router-server,0.91,0.09,62,106.06,100.0,70.81,127.43,5.12,0.91,5.54,4517,4267,250,124,6.53,traffic_spike,1,0,1
2026-01-01 18:07:00,548,congestion,client_1,server_1,router_1,2,client-router-server,0.91,0.12,57,125.18,100.0,63.83,116.0,13.82,0.91,2.25,4032,3942,90,85,16.57,traffic_spike,1,0,1
2026-01-01 18:08:00,549,congestion,client_2,server_1,router_1,2,client-router-server,0.81,0.09,60,115.0,100.0,76.87,123.15,7.69,0.81,2.71,4265,4150,115,14,32.9,traffic_spike,1,0,1
2026-01-01 18:09:00,550,congestion,client_2,server_1,router_1,2,client-router-server,0.88,0.14,60,128.53,100.0,65.61,106.41,10.27,0.88,4.42,4489,4291,198,30,58.4,traffic_spike,1,0,1
2026-01-01 18:10:00,551,congestion,client_3,server_1,router_1,2,client-router-server,1.21,0.12,57,83.44,100.0,54.62,83.36,11.61,1.21,3.39,2038,1969,69,26,12.97,traffic_spike,1,0,1
2026-01-01 18:11:00,552,congestion,client_2,server_1,router_1,2,client-router-server,0.98,0.13,56,57.81,100.0,100.0,76.39,8.12,0.98,2.99,1298,1260,38,6,20.14,traffic_spike,1,0,1
2026-01-01 18:12:00,553,congestion,client_1,server_1,router_1,2,client-router-server,0.95,0.09,57,146.47,100.0,96.03,109.16,8.46,0.95,4.96,3297,3134,163,36,44.63,traffic_spike,1,0,1
2026-01-01 18:13:00,554,congestion,client_2,server_1,router_1,2,client-router-server,0.92,0.08,57,160.97,100.0,100.0,126.12,9.77,0.92,4.19,4328,4147,181,121,26.55,traffic_spike,1,0,1
2026-01-01 18:14:00,555,congestion,client_1,server_1,router_1,2,client-router-server,0.81,0.1,66,72.58,100.0,79.09,78.51,12.96,0.81,2.74,3544,3447,97,1,44.03,traffic_spike,1,0,1
2026-01-01 18:15:00,556,congestion,client_2,server_1,router_1,2,client-router-server,0.98,0.08,65,145.99,100.0,60.61,66.94,8.44,0.98,4.93,3284,3123,161,147,50.55,traffic_spike,1,0,1
2026-01-01 18:16:00,557,congestion,client_2,server_1,router_1,2,client-router-server,1.11,0.07,61,79.03,100.0,53.94,119.9,9.09,1.11,4.69,1487,1418,69,63,23.61,traffic_spike,1,0,1
2026-01-01 18:17:00,558,congestion,client_3,server_1,router_1,2,client-router-server,1.09,0.1,67,141.95,100.0,100.0,129.67,5.47,1.09,4.91,4422,4205,217,48,42.37,traffic_spike,1,0,1
2026-01-01 18:18:00,559,congestion,client_2,server_1,router_1,2,client-router-server,1.23,0.1,67,117.33,100.0,65.81,118.65,10.7,1.23,3.94,3860,3708,152,144,51.75,traffic_spike,1,0,1
2026-01-01 18:19:00,560,congestion,client_2,server_1,router_1,2,client-router-server,1.07,0.07,65,114.76,100.0,89.34,137.71,14.77,1.07,3.41,4778,4616,162,86,45.56,traffic_spike,1,0,1
2026-01-01 18:20:00,561,congestion,client_3,server_1,router_1,2,client-router-server,0.93,0.11,56,92.59,100.0,76.14,108.25,5.41,0.93,2.18,2891,2828,63,35,12.56,traffic_spike,1,0,1
2026-01-01 18:21:00,562,congestion,client_1,server_1,router_1,2,client-router-server,1.25,0.13,64,102.07,100.0,67.41,86.28,6.27,1.25,2.31,2277,2225,52,45,35.64,traffic_spike,1,0,1
2026-01-01 18:22:00,563,congestion,client_2,server_1,router_1,2,client-router-server,0.86,0.09,66,125.82,100.0,100.0,114.44,10.22,0.86,4.1,2990,2868,122,111,47.72,traffic_spike,1,0,1
2026-01-01 18:23:00,564,congestion,client_2,server_1,router_1,2,client-router-server,1.05,0.08,63,94.39,100.0,66.71,114.91,8.6,1.05,1.95,1114,1093,21,19,20.53,traffic_spike,1,0,1
2026-01-01 18:24:00,565,congestion,client_2,server_1,router_1,2,client-router-server,0.79,0.1,64,46.4,100.0,100.0,110.97,11.35,0.79,1.74,4155,4083,72,16,55.79,traffic_spike,1,0,1
2026-01-01 18:25:00,566,congestion,client_1,server_1,router_1,2,client-router-server,1.18,0.08,62,148.26,100.0,69.85,113.15,10.72,1.18,5.36,3051,2888,163,105,25.07,traffic_spike,1,0,1
2026-01-01 18:26:00,567,congestion,client_1,server_1,router_1,2,client-router-server,0.89,0.09,60,159.13,100.0,76.66,92.87,12.26,0.89,2.47,5624,5486,138,120,42.75,traffic_spike,1,0,1
2026-01-01 18:27:00,568,congestion,client_3,server_1,router_1,2,client-router-server,0.89,0.13,62,166.1,100.0,54.15,120.99,14.25,0.89,3.13,4363,4227,136,26,50.73,traffic_spike,1,0,1
2026-01-01 18:28:00,569,congestion,client_2,server_1,router_1,2,client-router-server,0.76,0.1,62,68.56,100.0,77.64,115.21,15.55,0.76,5.94,1649,1552,97,92,46.85,traffic_spike,1,0,1
2026-01-01 18:29:00,570,congestion,client_1,server_1,router_1,2,client-router-server,0.9,0.09,61,97.31,100.0,57.47,107.34,13.78,0.9,1.89,1233,1210,23,18,9.74,traffic_spike,1,0,1
2026-01-01 18:30:00,571,congestion,client_3,server_1,router_1,2,client-router-server,1.01,0.09,56,103.65,100.0,98.22,132.76,8.92,1.01,4.26,3616,3462,154,104,51.78,traffic_spike,1,0,1
2026-01-01 18:31:00,572,congestion,client_2,server_1,router_1,2,client-router-server,1.15,0.11,62,53.75,100.0,60.47,97.5,13.08,1.15,3.04,4836,4689,147,109,52.71,traffic_spike,1,0,1
2026-01-01 18:32:00,573,congestion,client_2,server_1,router_1,2,client-router-server,0.88,0.14,60,156.47,100.0,91.71,103.13,12.84,0.88,3.71,3755,3616,139,77,12.18,traffic_spike,1,0,1
2026-01-01 18:33:00,574,congestion,client_1,server_1,router_1,2,client-router-server,1.19,0.12,67,153.3,100.0,68.67,106.11,11.3,1.19,5.65,4096,3865,231,55,55.61,traffic_spike,1,0,1
2026-01-01 18:34:00,575,congestion,client_3,server_1,router_1,2,client-router-server,1.16,0.09,64,92.0,100.0,52.97,109.36,11.26,1.16,5.0,3216,3056,160,144,38.44,traffic_spike,1,0,1
2026-01-01 18:35:00,576,congestion,client_3,server_1,router_1,2,client-router-server,1.11,0.09,60,137.94,100.0,50.72,60.62,10.51,1.11,3.59,4079,3933,146,146,42.57,traffic_spike,1,0,1
2026-01-01 18:36:00,577,congestion,client_3,server_1,router_1,2,client-router-server,1.0,0.08,67,80.35,100.0,100.0,127.75,11.49,1.0,3.18,5170,5006,164,18,40.72,traffic_spike,1,0,1
2026-01-01 18:37:00,578,congestion,client_2,server_1,router_1,2,client-router-server,1.0,0.08,66,51.21,100.0,57.62,131.2,12.02,1.0,5.22,5059,4795,264,23,32.26,traffic_spike,1,0,1
2026-01-01 18:38:00,579,congestion,client_3,server_1,router_1,2,client-router-server,0.9,0.13,65,143.95,100.0,60.73,90.53,5.32,0.9,5.07,2959,2809,150,23,37.11,traffic_spike,1,0,1
2026-01-01 18:39:00,580,congestion,client_2,server_1,router_1,2,client-router-server,0.99,0.11,55,155.7,100.0,100.0,95.38,8.43,0.99,5.46,2362,2234,128,76,7.7,traffic_spike,1,0,1
2026-01-01 18:40:00,581,congestion,client_3,server_1,router_1,2,client-router-server,1.13,0.14,67,133.35,100.0,100.0,131.82,5.13,1.13,5.15,5309,5036,273,228,6.85,traffic_spike,1,0,1
2026-01-01 18:41:00,582,congestion,client_3,server_1,router_1,2,client-router-server,0.99,0.1,56,129.42,100.0,51.22,70.78,10.05,0.99,3.9,2566,2466,100,18,45.81,traffic_spike,1,0,1
2026-01-01 18:42:00,583,congestion,client_1,server_1,router_1,2,client-router-server,1.08,0.08,55,144.38,100.0,77.27,107.28,13.09,1.08,3.7,3826,3685,141,67,44.3,traffic_spike,1,0,1
2026-01-01 18:43:00,584,congestion,client_1,server_1,router_1,2,client-router-server,1.25,0.13,58,145.33,100.0,67.53,117.86,9.61,1.25,3.42,2792,2697,95,20,56.15,traffic_spike,1,0,1
2026-01-01 18:44:00,585,congestion,client_1,server_1,router_1,2,client-router-server,1.18,0.1,64,131.7,100.0,100.0,113.84,12.74,1.18,5.17,1923,1824,99,71,33.1,traffic_spike,1,0,1
2026-01-01 18:45:00,586,congestion,client_3,server_1,router_1,2,client-router-server,0.76,0.09,67,130.79,100.0,67.54,112.72,7.44,0.76,2.13,2753,2695,58,2,46.75,traffic_spike,1,0,1
2026-01-01 18:46:00,587,congestion,client_3,server_1,router_1,2,client-router-server,1.04,0.1,66,141.92,100.0,69.26,66.78,8.77,1.04,4.38,4366,4175,191,107,44.04,traffic_spike,1,0,1
2026-01-01 18:47:00,588,congestion,client_3,server_1,router_1,2,client-router-server,0.8,0.12,55,92.22,100.0,89.98,76.24,13.49,0.8,4.53,4577,4370,207,152,24.83,traffic_spike,1,0,1
2026-01-01 18:48:00,589,congestion,client_2,server_1,router_1,2,client-router-server,0.76,0.09,56,79.94,100.0,95.79,102.67,8.2,0.76,2.1,1255,1229,26,26,27.91,traffic_spike,1,0,1
2026-01-01 18:49:00,590,congestion,client_2,server_1,router_1,2,client-router-server,0.81,0.13,66,52.0,100.0,85.66,77.14,15.33,0.81,2.04,4075,3992,83,8,16.23,traffic_spike,1,0,1
2026-01-01 18:50:00,591,congestion,client_3,server_1,router_1,2,client-router-server,0.77,0.07,67,147.4,100.0,57.34,84.85,10.95,0.77,1.52,4881,4807,74,32,39.15,traffic_spike,1,0,1
2026-01-01 18:51:00,592,congestion,client_1,server_1,router_1,2,client-router-server,0.98,0.08,59,91.96,100.0,77.51,84.17,10.12,0.98,2.29,3853,3765,88,54,49.32,traffic_spike,1,0,1
2026-01-01 18:52:00,593,congestion,client_1,server_1,router_1,2,client-router-server,0.89,0.08,64,82.24,100.0,55.6,112.18,6.55,0.89,2.17,5110,5000,110,69,47.02,traffic_spike,1,0,1
2026-01-01 18:53:00,594,congestion,client_2,server_1,router_1,2,client-router-server,1.01,0.11,68,58.61,100.0,95.19,107.88,13.2,1.01,4.66,2973,2835,138,8,58.38,traffic_spike,1,0,1
2026-01-01 18:54:00,595,congestion,client_2,server_1,router_1,2,client-router-server,0.88,0.11,57,164.95,100.0,78.37,124.33,10.06,0.88,1.74,1580,1553,27,4,58.24,traffic_spike,1,0,1
2026-01-01 18:55:00,596,congestion,client_1,server_1,router_1,2,client-router-server,1.2,0.13,60,53.08,100.0,100.0,82.44,14.33,1.2,4.66,3992,3806,186,169,39.57,traffic_spike,1,0,1
2026-01-01 18:56:00,597,congestion,client_3,server_1,router_1,2,client-router-server,0.86,0.12,63,125.23,100.0,100.0,129.59,10.02,0.86,4.84,1798,1711,87,46,11.65,traffic_spike,1,0,1
2026-01-01 18:57:00,598,congestion,client_3,server_1,router_1,2,client-router-server,1.13,0.11,60,88.79,100.0,100.0,77.56,5.67,1.13,3.27,5552,5371,181,12,29.76,traffic_spike,1,0,1
2026-01-01 18:58:00,599,congestion,client_3,server_1,router_1,2,client-router-server,1.15,0.14,64,124.39,100.0,51.53,99.62,5.66,1.15,5.99,2191,2060,131,30,39.94,traffic_spike,1,0,1
2026-01-01 18:59:00,600,congestion,client_1,server_1,router_1,2,client-router-server,0.83,0.09,56,150.62,100.0,100.0,91.33,8.12,0.83,5.87,2025,1907,118,112,52.46,traffic_spike,1,0,1
2026-01-01 19:00:00,601,congestion,client_1,server_1,router_1,2,client-router-server,0.93,0.11,62,97.76,100.0,57.65,131.09,9.22,0.93,1.61,4928,4849,79,14,50.68,traffic_spike,1,0,1
2026-01-01 19:01:00,602,congestion,client_3,server_1,router_1,2,client-router-server,1.25,0.08,62,49.58,100.0,100.0,124.4,9.43,1.25,5.64,4818,4547,271,222,42.24,traffic_spike,1,0,1
2026-01-01 19:02:00,603,congestion,client_2,server_1,router_1,2,client-router-server,1.11,0.07,56,136.47,100.0,93.2,123.88,8.69,1.11,4.13,5372,5151,221,9,50.31,traffic_spike,1,0,1
2026-01-01 19:03:00,604,congestion,client_2,server_1,router_1,2,client-router-server,0.81,0.13,55,158.26,100.0,96.08,83.92,8.69,0.81,3.83,1517,1459,58,2,36.83,traffic_spike,1,0,1
2026-01-01 19:04:00,605,congestion,client_3,server_1,router_1,2,client-router-server,0.85,0.1,68,160.39,100.0,62.99,65.92,5.0,0.85,3.12,4349,4214,135,101,15.92,traffic_spike,1,0,1
2026-01-01 19:05:00,606,congestion,client_1,server_1,router_1,2,client-router-server,0.82,0.09,65,93.69,100.0,64.27,64.55,14.15,0.82,2.9,5396,5240,156,132,18.8,traffic_spike,1,0,1
2026-01-01 19:06:00,607,congestion,client_3,server_1,router_1,2,client-router-server,0.96,0.1,58,63.47,100.0,77.15,128.1,10.14,0.96,1.99,5053,4953,100,59,14.42,traffic_spike,1,0,1
2026-01-01 19:07:00,608,congestion,client_1,server_1,router_1,2,client-router-server,0.78,0.13,64,66.48,100.0,66.29,116.79,12.76,0.78,5.53,2151,2033,118,105,50.54,traffic_spike,1,0,1
2026-01-01 19:08:00,609,congestion,client_2,server_1,router_1,2,client-router-server,0.78,0.12,67,130.81,100.0,82.15,110.08,10.11,0.78,4.13,4904,4702,202,39,24.04,traffic_spike,1,0,1
2026-01-01 19:09:00,610,congestion,client_3,server_1,router_1,2,client-router-server,0.98,0.13,64,96.97,100.0,100.0,92.59,6.13,0.98,3.9,3680,3537,143,58,37.89,traffic_spike,1,0,1
2026-01-01 19:10:00,611,congestion,client_2,server_1,router_1,2,client-router-server,1.16,0.1,58,77.74,100.0,75.59,72.81,6.62,1.16,5.63,4018,3792,226,88,37.71,traffic_spike,1,0,1
2026-01-01 19:11:00,612,congestion,client_3,server_1,router_1,2,client-router-server,1.21,0.1,66,130.42,100.0,100.0,77.3,4.99,1.21,4.61,5411,5162,249,154,45.91,traffic_spike,1,0,1
2026-01-01 19:12:00,613,congestion,client_1,server_1,router_1,2,client-router-server,0.89,0.14,64,88.75,100.0,78.52,66.2,7.74,0.89,4.3,4082,3907,175,66,8.54,traffic_spike,1,0,1
2026-01-01 19:13:00,614,congestion,client_2,server_1,router_1,2,client-router-server,0.98,0.1,65,127.09,100.0,81.44,134.61,5.44,0.98,1.51,4013,3953,60,56,33.17,traffic_spike,1,0,1
2026-01-01 19:14:00,615,congestion,client_1,server_1,router_1,2,client-router-server,1.13,0.1,62,46.92,100.0,83.36,106.08,10.8,1.13,5.56,4791,4525,266,56,55.94,traffic_spike,1,0,1
2026-01-01 19:15:00,616,congestion,client_3,server_1,router_1,2,client-router-server,1.0,0.13,57,74.86,100.0,100.0,124.79,12.38,1.0,3.67,1723,1660,63,27,53.1,traffic_spike,1,0,1
2026-01-01 19:16:00,617,congestion,client_1,server_1,router_1,2,client-router-server,0.99,0.08,61,113.68,100.0,100.0,87.19,6.7,0.99,4.96,5421,5153,268,204,7.64,traffic_spike,1,0,1
2026-01-01 19:17:00,618,congestion,client_3,server_1,router_1,2,client-router-server,1.16,0.11,56,162.23,100.0,95.06,138.31,12.59,1.16,5.73,5403,5094,309,80,19.08,traffic_spike,1,0,1
2026-01-01 19:18:00,619,congestion,client_1,server_1,router_1,2,client-router-server,1.06,0.1,58,124.66,100.0,99.44,117.68,7.87,1.06,3.19,2708,2622,86,12,59.3,traffic_spike,1,0,1
2026-01-01 19:19:00,620,congestion,client_2,server_1,router_1,2,client-router-server,0.76,0.08,65,115.26,100.0,100.0,135.91,6.6,0.76,2.57,4477,4362,115,79,20.66,traffic_spike,1,0,1
2026-01-01 19:20:00,621,congestion,client_1,server_1,router_1,2,client-router-server,0.93,0.13,59,84.88,100.0,82.45,91.31,9.63,0.93,3.41,4017,3881,136,80,26.5,traffic_spike,1,0,1
2026-01-01 19:21:00,622,congestion,client_3,server_1,router_1,2,client-router-server,1.24,0.14,67,66.33,100.0,72.4,93.85,9.08,1.24,2.52,1204,1174,30,13,34.83,traffic_spike,1,0,1
2026-01-01 19:22:00,623,congestion,client_1,server_1,router_1,2,client-router-server,0.82,0.08,66,142.39,100.0,52.42,78.37,8.97,0.82,4.27,1370,1312,58,55,26.51,traffic_spike,1,0,1
2026-01-01 19:23:00,624,congestion,client_1,server_1,router_1,2,client-router-server,1.17,0.11,60,66.43,100.0,88.47,94.62,6.73,1.17,5.32,5142,4869,273,240,55.88,traffic_spike,1,0,1
2026-01-01 19:24:00,625,congestion,client_1,server_1,router_1,2,client-router-server,0.79,0.1,66,71.75,100.0,100.0,124.45,10.24,0.79,4.39,5459,5220,239,183,21.71,traffic_spike,1,0,1
2026-01-01 19:25:00,626,congestion,client_3,server_1,router_1,2,client-router-server,0.93,0.11,57,105.24,100.0,100.0,96.91,11.26,0.93,5.89,5780,5440,340,91,41.96,traffic_spike,1,0,1
2026-01-01 19:26:00,627,congestion,client_3,server_1,router_1,2,client-router-server,0.91,0.12,67,75.11,100.0,100.0,133.97,9.97,0.91,2.57,2943,2868,75,26,24.04,traffic_spike,1,0,1
2026-01-01 19:27:00,628,congestion,client_3,server_1,router_1,2,client-router-server,0.92,0.08,60,105.88,100.0,100.0,121.46,10.14,0.92,2.41,5803,5664,139,132,22.05,traffic_spike,1,0,1
2026-01-01 19:28:00,629,congestion,client_3,server_1,router_1,2,client-router-server,0.8,0.11,63,63.35,100.0,69.11,73.0,8.17,0.8,4.41,3838,3669,169,107,17.19,traffic_spike,1,0,1
2026-01-01 19:29:00,630,congestion,client_3,server_1,router_1,2,client-router-server,0.92,0.13,66,58.56,100.0,100.0,115.06,6.24,0.92,2.28,2605,2546,59,12,6.81,traffic_spike,1,0,1
2026-01-01 19:30:00,631,congestion,client_2,server_1,router_1,2,client-router-server,1.05,0.08,57,151.25,100.0,98.83,91.51,11.71,1.05,1.74,3216,3161,55,2,27.4,traffic_spike,1,0,1
2026-01-01 19:31:00,632,congestion,client_2,server_1,router_1,2,client-router-server,0.97,0.11,57,61.23,100.0,100.0,119.84,11.8,0.97,4.81,3220,3066,154,150,28.83,traffic_spike,1,0,1
2026-01-01 19:32:00,633,congestion,client_2,server_1,router_1,2,client-router-server,0.96,0.07,67,93.9,100.0,81.74,88.61,12.58,0.96,2.59,1886,1838,48,23,42.19,traffic_spike,1,0,1
2026-01-01 19:33:00,634,congestion,client_1,server_1,router_1,2,client-router-server,1.12,0.11,55,47.2,100.0,91.12,110.17,8.92,1.12,2.64,2804,2730,74,38,46.61,traffic_spike,1,0,1
2026-01-01 19:34:00,635,congestion,client_1,server_1,router_1,2,client-router-server,1.22,0.1,59,115.14,100.0,58.64,124.3,13.99,1.22,3.2,4613,4466,147,49,49.79,traffic_spike,1,0,1
2026-01-01 19:35:00,636,congestion,client_2,server_1,router_1,2,client-router-server,1.16,0.1,60,124.97,100.0,100.0,124.7,11.68,1.16,4.34,3426,3278,148,10,8.95,traffic_spike,1,0,1
2026-01-01 19:36:00,637,congestion,client_2,server_1,router_1,2,client-router-server,1.18,0.11,65,69.87,100.0,74.72,75.56,10.94,1.18,2.39,4640,4530,110,33,24.22,traffic_spike,1,0,1
2026-01-01 19:37:00,638,congestion,client_3,server_1,router_1,2,client-router-server,0.93,0.13,60,105.93,100.0,81.57,98.79,9.5,0.93,1.83,5318,5221,97,95,26.25,traffic_spike,1,0,1
2026-01-01 19:38:00,639,congestion,client_1,server_1,router_1,2,client-router-server,1.2,0.11,66,100.96,100.0,64.01,74.69,5.11,1.2,1.79,4024,3952,72,45,50.25,traffic_spike,1,0,1
2026-01-01 19:39:00,640,congestion,client_2,server_1,router_1,2,client-router-server,1.13,0.08,56,108.44,100.0,66.23,111.61,14.99,1.13,1.74,2340,2300,40,6,31.64,traffic_spike,1,0,1
2026-01-01 19:40:00,641,congestion,client_3,server_1,router_1,2,client-router-server,0.82,0.08,63,164.15,100.0,80.98,76.83,4.78,0.82,5.96,2167,2038,129,14,54.89,traffic_spike,1,0,1
2026-01-01 19:41:00,642,congestion,client_1,server_1,router_1,2,client-router-server,0.92,0.09,66,72.97,100.0,100.0,126.1,7.2,0.92,5.12,5478,5198,280,140,19.8,traffic_spike,1,0,1
2026-01-01 19:42:00,643,congestion,client_1,server_1,router_1,2,client-router-server,0.97,0.13,60,64.12,100.0,88.08,98.98,7.03,0.97,5.61,3929,3709,220,119,45.78,traffic_spike,1,0,1
2026-01-01 19:43:00,644,congestion,client_1,server_1,router_1,2,client-router-server,0.9,0.13,68,123.64,100.0,100.0,119.14,7.6,0.9,2.4,2149,2098,51,5,24.22,traffic_spike,1,0,1
2026-01-01 19:44:00,645,congestion,client_1,server_1,router_1,2,client-router-server,1.14,0.09,63,149.2,100.0,100.0,75.91,6.56,1.14,5.76,2407,2269,138,101,40.13,traffic_spike,1,0,1
2026-01-01 19:45:00,646,congestion,client_2,server_1,router_1,2,client-router-server,1.01,0.13,55,112.98,100.0,56.2,65.72,12.25,1.01,5.86,1503,1415,88,39,7.99,traffic_spike,1,0,1
2026-01-01 19:46:00,647,congestion,client_1,server_1,router_1,2,client-router-server,0.75,0.12,62,82.71,100.0,53.71,113.17,8.59,0.75,5.07,4022,3819,203,94,17.45,traffic_spike,1,0,1
2026-01-01 19:47:00,648,congestion,client_1,server_1,router_1,2,client-router-server,0.98,0.09,60,168.33,100.0,81.92,69.42,8.84,0.98,3.02,4409,4276,133,0,47.3,traffic_spike,1,0,1
2026-01-01 19:48:00,649,congestion,client_2,server_1,router_1,2,client-router-server,0.92,0.09,68,141.92,100.0,91.49,70.22,9.51,0.92,1.56,1830,1802,28,28,30.16,traffic_spike,1,0,1
2026-01-01 19:49:00,650,congestion,client_3,server_1,router_1,2,client-router-server,0.82,0.11,56,47.63,100.0,100.0,136.63,7.36,0.82,3.11,1851,1794,57,50,11.04,traffic_spike,1,0,1
2026-01-01 19:50:00,651,congestion,client_3,server_1,router_1,2,client-router-server,0.79,0.14,61,83.56,100.0,69.44,100.25,4.71,0.79,5.04,5436,5163,273,205,54.15,traffic_spike,1,0,1
2026-01-01 19:51:00,652,congestion,client_1,server_1,router_1,2,client-router-server,1.15,0.1,60,108.5,100.0,64.44,99.23,12.66,1.15,3.81,4111,3955,156,127,51.14,normal,1,0,1
2026-01-01 19:52:00,653,congestion,client_1,server_1,router_1,2,client-router-server,1.09,0.08,55,108.22,100.0,63.89,115.12,9.81,1.09,3.54,2477,2390,87,46,51.75,normal,1,0,1
2026-01-01 19:53:00,654,congestion,client_2,server_1,router_1,2,client-router-server,0.83,0.07,64,71.82,100.0,96.22,75.11,9.52,0.83,3.11,1218,1181,37,5,5.93,normal,1,0,1
2026-01-01 19:54:00,655,congestion,client_2,server_1,router_1,2,client-router-server,1.02,0.13,61,69.98,100.0,62.66,95.98,7.27,1.02,4.25,2673,2560,113,9,43.69,normal,1,0,1
2026-01-01 19:55:00,656,congestion,client_3,server_1,router_1,2,client-router-server,0.89,0.09,66,49.11,100.0,85.89,103.65,9.61,0.89,2.53,4900,4777,123,37,53.25,normal,1,0,1
2026-01-01 19:56:00,657,congestion,client_3,server_1,router_1,2,client-router-server,1.23,0.1,67,78.12,100.0,100.0,123.09,5.32,1.23,5.91,1892,1781,111,10,36.48,normal,1,0,1
2026-01-01 19:57:00,658,congestion,client_3,server_1,router_1,2,client-router-server,0.8,0.12,66,74.54,100.0,84.25,109.13,8.21,0.8,4.87,5066,4820,246,155,53.3,normal,1,0,1
2026-01-01 19:58:00,659,congestion,client_1,server_1,router_1,2,client-router-server,0.79,0.13,63,58.79,100.0,100.0,111.27,7.28,0.79,5.78,1234,1163,71,28,54.92,normal,1,0,1
2026-01-01 19:59:00,660,congestion,client_1,server_1,router_1,2,client-router-server,0.82,0.11,57,49.13,100.0,100.0,98.24,4.82,0.82,4.07,5686,5455,231,203,36.94,normal,1,0,1
2026-01-01 20:00:00,661,congestion,client_3,server_1,router_1,2,client-router-server,0.9,0.13,66,48.88,100.0,65.92,105.65,9.84,0.9,3.87,1345,1293,52,26,43.42,normal,1,0,1
2026-01-01 20:01:00,662,congestion,client_3,server_1,router_1,2,client-router-server,1.13,0.08,59,105.86,100.0,76.95,105.37,10.47,1.13,5.9,5940,5590,350,156,50.52,normal,1,0,1
2026-01-01 20:02:00,663,congestion,client_1,server_1,router_1,2,client-router-server,1.13,0.08,66,106.52,100.0,64.33,129.03,7.3,1.13,4.09,1775,1703,72,70,41.39,normal,1,0,1
2026-01-01 20:03:00,664,congestion,client_2,server_1,router_1,2,client-router-server,1.23,0.11,58,53.35,100.0,99.7,89.9,9.3,1.23,4.5,3948,3771,177,92,28.17,normal,1,0,1
2026-01-01 20:04:00,665,congestion,client_1,server_1,router_1,2,client-router-server,0.93,0.08,58,103.64,100.0,58.72,85.66,6.95,0.93,4.16,3410,3269,141,62,13.51,normal,1,0,1
2026-01-01 20:05:00,666,congestion,client_1,server_1,router_1,2,client-router-server,0.94,0.12,68,82.76,100.0,66.83,67.59,10.73,0.94,2.19,4726,4623,103,92,5.5,normal,1,0,1
2026-01-01 20:06:00,667,congestion,client_2,server_1,router_1,2,client-router-server,1.22,0.14,64,66.82,100.0,64.01,116.83,11.06,1.22,1.98,3519,3450,69,5,38.74,normal,1,0,1
2026-01-01 20:07:00,668,congestion,client_3,server_1,router_1,2,client-router-server,0.8,0.09,57,75.43,100.0,100.0,115.98,5.34,0.8,4.75,3069,2924,145,57,59.58,normal,1,0,1
2026-01-01 20:08:00,669,congestion,client_1,server_1,router_1,2,client-router-server,1.0,0.1,65,76.69,100.0,100.0,79.28,8.02,1.0,1.9,5122,5025,97,69,31.57,normal,1,0,1
2026-01-01 20:09:00,670,congestion,client_1,server_1,router_1,2,client-router-server,0.99,0.12,64,72.77,100.0,100.0,101.78,14.15,0.99,3.22,4828,4673,155,122,7.35,normal,1,0,1
2026-01-01 20:10:00,671,congestion,client_3,server_1,router_1,2,client-router-server,0.79,0.1,64,80.24,100.0,54.18,116.26,7.78,0.79,5.47,4717,4459,258,170,18.25,normal,1,0,1
2026-01-01 20:11:00,672,congestion,client_2,server_1,router_1,2,client-router-server,0.75,0.1,67,70.61,100.0,93.54,97.38,12.72,0.75,2.93,1603,1557,46,7,49.41,normal,1,0,1
2026-01-01 20:12:00,673,congestion,client_2,server_1,router_1,2,client-router-server,0.86,0.08,60,93.98,100.0,100.0,80.62,12.43,0.86,4.17,4449,4264,185,78,26.01,normal,1,0,1
2026-01-01 20:13:00,674,congestion,client_3,server_1,router_1,2,client-router-server,0.86,0.09,60,109.41,100.0,72.93,83.89,11.09,0.86,3.35,3298,3188,110,74,17.43,normal,1,0,1
2026-01-01 20:14:00,675,congestion,client_2,server_1,router_1,2,client-router-server,1.2,0.11,64,39.28,100.0,100.0,138.83,9.3,1.2,2.41,3215,3138,77,74,10.4,normal,1,0,1
2026-01-01 20:15:00,676,congestion,client_1,server_1,router_1,2,client-router-server,0.95,0.13,66,67.96,100.0,60.1,101.3,10.47,0.95,3.29,2770,2679,91,43,44.98,normal,1,0,1
2026-01-01 20:16:00,677,congestion,client_1,server_1,router_1,2,client-router-server,0.82,0.08,67,106.58,100.0,68.11,120.0,14.34,0.82,1.74,4567,4488,79,58,26.02,normal,1,0,1
2026-01-01 20:17:00,678,congestion,client_2,server_1,router_1,2,client-router-server,0.83,0.13,57,44.11,100.0,100.0,113.24,8.2,0.83,1.6,3280,3228,52,20,6.72,normal,1,0,1
2026-01-01 20:18:00,679,congestion,client_2,server_1,router_1,2,client-router-server,1.22,0.09,57,55.63,100.0,100.0,113.21,5.36,1.22,2.08,3478,3406,72,19,49.75,normal,1,0,1
2026-01-01 20:19:00,680,congestion,client_2,server_1,router_1,2,client-router-server,1.09,0.09,61,103.14,100.0,72.31,102.14,11.79,1.09,5.68,4812,4539,273,88,42.49,normal,1,0,1
2026-01-01 20:20:00,681,congestion,client_1,server_1,router_1,2,client-router-server,0.92,0.07,64,111.6,100.0,62.06,89.79,13.62,0.92,2.02,4039,3958,81,76,30.4,normal,1,0,1
2026-01-01 20:21:00,682,congestion,client_1,server_1,router_1,2,client-router-server,1.04,0.1,68,80.67,100.0,100.0,133.62,13.38,1.04,5.58,1357,1282,75,45,9.79,normal,1,0,1
2026-01-01 20:22:00,683,congestion,client_2,server_1,router_1,2,client-router-server,1.2,0.09,63,105.64,100.0,100.0,74.82,8.77,1.2,4.9,2528,2405,123,121,30.7,normal,1,0,1
2026-01-01 20:23:00,684,congestion,client_3,server_1,router_1,2,client-router-server,0.96,0.09,56,82.44,100.0,52.6,130.3,8.11,0.96,2.35,2422,2366,56,34,23.69,normal,1,0,1
2026-01-01 20:24:00,685,congestion,client_1,server_1,router_1,2,client-router-server,1.01,0.12,64,74.29,100.0,82.77,111.66,10.14,1.01,5.89,4102,3861,241,143,13.19,normal,1,0,1
2026-01-01 20:25:00,686,congestion,client_2,server_1,router_1,2,client-router-server,1.1,0.1,63,85.85,100.0,89.77,69.7,9.31,1.1,2.21,2088,2042,46,37,9.91,normal,1,0,1
2026-01-01 20:26:00,687,congestion,client_2,server_1,router_1,2,client-router-server,1.16,0.11,65,38.33,100.0,81.99,94.27,12.37,1.16,2.63,2016,1963,53,6,14.11,normal,1,0,1
2026-01-01 20:27:00,688,congestion,client_3,server_1,router_1,2,client-router-server,1.02,0.09,65,96.34,100.0,77.08,123.29,4.55,1.02,3.3,5616,5431,185,82,32.15,normal,1,0,1
2026-01-01 20:28:00,689,congestion,client_1,server_1,router_1,2,client-router-server,0.88,0.1,63,62.49,100.0,100.0,97.58,11.0,0.88,4.97,4571,4344,227,62,47.3,normal,1,0,1
2026-01-01 20:29:00,690,congestion,client_3,server_1,router_1,2,client-router-server,1.02,0.07,56,96.89,100.0,98.0,106.08,6.39,1.02,5.68,5445,5136,309,43,14.16,normal,1,0,1
2026-01-01 20:30:00,691,congestion,client_2,server_1,router_1,2,client-router-server,1.04,0.1,66,97.57,100.0,76.99,75.17,13.41,1.04,4.71,4870,4641,229,201,23.37,normal,1,0,1
2026-01-01 20:31:00,692,congestion,client_2,server_1,router_1,2,client-router-server,0.89,0.13,66,44.59,100.0,96.05,129.48,8.82,0.89,3.08,1007,976,31,30,21.09,normal,1,0,1
2026-01-01 20:32:00,693,congestion,client_2,server_1,router_1,2,client-router-server,1.02,0.13,57,54.38,100.0,55.98,123.31,11.45,1.02,2.89,3453,3354,99,90,59.81,normal,1,0,1
2026-01-01 20:33:00,694,congestion,client_3,server_1,router_1,2,client-router-server,1.22,0.09,60,75.47,100.0,65.78,130.48,11.14,1.22,5.25,4548,4310,238,232,52.48,normal,1,0,1
2026-01-01 20:34:00,695,congestion,client_3,server_1,router_1,2,client-router-server,1.1,0.13,59,80.85,100.0,75.11,111.54,10.44,1.1,5.65,4938,4660,278,150,39.98,normal,1,0,1
2026-01-01 20:35:00,696,congestion,client_1,server_1,router_1,2,client-router-server,1.08,0.14,58,63.4,100.0,61.57,104.04,7.29,1.08,1.93,1262,1238,24,12,33.72,normal,1,0,1
2026-01-01 20:36:00,697,congestion,client_2,server_1,router_1,2,client-router-server,1.09,0.14,67,92.3,100.0,91.82,101.04,10.12,1.09,4.25,2235,2141,94,4,50.45,normal,1,0,1
2026-01-01 20:37:00,698,congestion,client_1,server_1,router_1,2,client-router-server,1.2,0.11,67,44.62,100.0,100.0,83.08,12.25,1.2,3.17,1949,1888,61,55,37.66,normal,1,0,1
2026-01-01 20:38:00,699,congestion,client_1,server_1,router_1,2,client-router-server,1.25,0.08,65,86.13,100.0,97.34,101.35,13.89,1.25,3.65,1310,1263,47,19,38.64,normal,1,0,1
2026-01-01 20:39:00,700,congestion,client_1,server_1,router_1,2,client-router-server,0.96,0.1,68,107.15,100.0,57.03,108.37,9.82,0.96,3.07,3053,2960,93,62,41.93,normal,1,0,1
2026-01-01 20:40:00,701,congestion,client_3,server_1,router_1,2,client-router-server,1.05,0.1,58,70.89,100.0,69.05,72.75,11.08,1.05,4.64,2087,1991,96,2,35.27,normal,1,0,1
2026-01-01 20:41:00,702,congestion,client_2,server_1,router_1,2,client-router-server,1.03,0.09,66,95.95,100.0,57.3,82.62,6.8,1.03,3.94,4280,4112,168,54,53.68,normal,1,0,1
2026-01-01 20:42:00,703,congestion,client_2,server_1,router_1,2,client-router-server,1.15,0.11,56,107.63,100.0,60.82,132.05,9.96,1.15,5.67,2528,2385,143,120,40.65,normal,1,0,1
2026-01-01 20:43:00,704,congestion,client_2,server_1,router_1,2,client-router-server,0.96,0.11,55,76.39,100.0,100.0,128.03,7.2,0.96,2.56,3647,3554,93,54,35.19,normal,1,0,1
2026-01-01 20:44:00,705,congestion,client_3,server_1,router_1,2,client-router-server,1.04,0.14,67,60.43,100.0,100.0,79.54,7.59,1.04,4.2,1341,1285,56,34,15.68,normal,1,0,1
2026-01-01 20:45:00,706,congestion,client_3,server_1,router_1,2,client-router-server,0.93,0.09,62,73.51,100.0,97.52,71.8,9.1,0.93,3.61,4285,4131,154,73,7.31,normal,1,0,1
2026-01-01 20:46:00,707,congestion,client_3,server_1,router_1,2,client-router-server,0.76,0.11,63,37.69,100.0,56.41,74.39,6.17,0.76,3.52,5665,5466,199,88,28.08,normal,1,0,1
2026-01-01 20:47:00,708,congestion,client_3,server_1,router_1,2,client-router-server,1.18,0.11,61,102.6,100.0,67.8,66.57,9.87,1.18,3.45,5929,5725,204,149,32.07,normal,1,0,1
2026-01-01 20:48:00,709,congestion,client_2,server_1,router_1,2,client-router-server,0.78,0.13,63,91.01,100.0,73.39,91.16,4.77,0.78,3.25,3762,3640,122,122,14.43,normal,1,0,1
2026-01-01 20:49:00,710,congestion,client_3,server_1,router_1,2,client-router-server,1.22,0.09,56,83.64,100.0,100.0,79.69,13.89,1.22,3.66,1252,1207,45,8,35.58,normal,1,0,1
2026-01-01 20:50:00,711,congestion,client_3,server_1,router_1,2,client-router-server,1.1,0.13,67,103.94,100.0,63.04,116.49,9.0,1.1,4.54,4758,4542,216,145,38.61,normal,1,0,1
2026-01-01 20:51:00,712,congestion,client_1,server_1,router_1,2,client-router-server,1.11,0.1,58,44.11,100.0,63.83,70.13,11.0,1.11,3.2,4191,4057,134,79,39.6,normal,1,0,1
2026-01-01 20:52:00,713,congestion,client_3,server_1,router_1,2,client-router-server,0.9,0.07,64,64.61,100.0,96.14,137.82,7.82,0.9,5.32,5010,4744,266,86,19.65,normal,1,0,1
2026-01-01 20:53:00,714,congestion,client_1,server_1,router_1,2,client-router-server,1.07,0.11,64,55.64,100.0,65.85,129.48,10.66,1.07,2.78,3602,3502,100,54,54.76,normal,1,0,1
2026-01-01 20:54:00,715,congestion,client_2,server_1,router_1,2,client-router-server,0.92,0.13,62,50.13,100.0,100.0,136.97,13.7,0.92,2.44,1529,1492,37,24,5.63,normal,1,0,1
2026-01-01 20:55:00,716,congestion,client_2,server_1,router_1,2,client-router-server,0.77,0.09,57,83.18,100.0,52.67,113.98,5.87,0.77,4.39,2393,2288,105,51,17.89,normal,1,0,1
2026-01-01 20:56:00,717,congestion,client_2,server_1,router_1,2,client-router-server,1.12,0.09,62,91.02,100.0,67.38,80.87,13.54,1.12,5.6,3235,3054,181,179,57.28,normal,1,0,1
2026-01-01 20:57:00,718,congestion,client_1,server_1,router_1,2,client-router-server,1.09,0.08,60,85.07,100.0,100.0,111.07,4.27,1.09,3.33,1868,1806,62,30,9.23,normal,1,0,1
2026-01-01 20:58:00,719,congestion,client_1,server_1,router_1,2,client-router-server,0.8,0.08,59,102.93,100.0,77.25,132.9,6.48,0.8,1.72,4562,4484,78,10,15.71,normal,1,0,1
2026-01-01 20:59:00,720,congestion,client_1,server_1,router_1,2,client-router-server,0.98,0.1,68,85.45,100.0,94.61,128.29,5.27,0.98,3.21,2558,2476,82,36,49.78,normal,1,0,1
2026-01-01 21:00:00,721,congestion,client_1,server_1,router_1,2,client-router-server,0.85,0.07,56,79.02,100.0,52.65,63.24,9.95,0.85,5.87,2243,2112,131,58,52.21,normal,1,0,1
2026-01-01 21:01:00,722,congestion,client_3,server_1,router_1,2,client-router-server,1.21,0.11,67,53.55,100.0,79.18,106.64,9.12,1.21,3.4,4579,4424,155,141,42.68,normal,1,0,1
2026-01-01 21:02:00,723,congestion,client_2,server_1,router_1,2,client-router-server,1.02,0.09,66,87.8,100.0,100.0,124.12,8.49,1.02,2.41,5542,5409,133,44,42.69,normal,1,0,1
2026-01-01 21:03:00,724,congestion,client_2,server_1,router_1,2,client-router-server,0.94,0.08,68,112.36,100.0,94.55,97.11,10.31,0.94,2.31,3679,3595,84,70,50.58,normal,1,0,1
2026-01-01 21:04:00,725,congestion,client_2,server_1,router_1,2,client-router-server,1.07,0.13,65,96.72,100.0,100.0,125.72,11.93,1.07,2.0,2182,2139,43,42,38.24,normal,1,0,1
2026-01-01 21:05:00,726,congestion,client_3,server_1,router_1,2,client-router-server,1.14,0.09,63,79.76,100.0,71.3,131.17,9.46,1.14,3.11,3438,3332,106,75,8.46,normal,1,0,1
2026-01-01 21:06:00,727,congestion,client_1,server_1,router_1,2,client-router-server,0.76,0.11,61,83.03,100.0,100.0,85.42,11.35,0.76,4.82,3771,3590,181,3,16.85,normal,1,0,1
2026-01-01 21:07:00,728,congestion,client_3,server_1,router_1,2,client-router-server,1.1,0.11,64,44.64,100.0,100.0,74.14,7.58,1.1,2.93,2280,2214,66,20,9.5,normal,1,0,1
2026-01-01 21:08:00,729,congestion,client_2,server_1,router_1,2,client-router-server,0.83,0.12,58,94.48,100.0,100.0,102.98,12.2,0.83,2.8,3878,3770,108,24,19.69,normal,1,0,1
2026-01-01 21:09:00,730,congestion,client_3,server_1,router_1,2,client-router-server,1.23,0.08,55,51.68,100.0,89.85,126.38,7.89,1.23,5.58,4071,3844,227,148,30.16,normal,1,0,1
2026-01-01 21:10:00,731,congestion,client_1,server_1,router_1,2,client-router-server,0.9,0.1,59,102.98,100.0,92.38,85.95,7.76,0.9,5.09,5188,4924,264,247,19.13,normal,1,0,1
2026-01-01 21:11:00,732,congestion,client_1,server_1,router_1,2,client-router-server,1.12,0.1,56,91.75,100.0,100.0,127.0,11.52,1.12,2.99,5223,5067,156,12,59.92,normal,1,0,1
2026-01-01 21:12:00,733,congestion,client_2,server_1,router_1,2,client-router-server,1.25,0.07,60,48.78,100.0,52.24,80.28,9.42,1.25,4.6,3074,2933,141,13,55.55,normal,1,0,1
2026-01-01 21:13:00,734,congestion,client_3,server_1,router_1,2,client-router-server,1.07,0.12,60,51.07,100.0,84.89,109.27,7.3,1.07,5.32,2121,2009,112,98,33.32,normal,1,0,1
2026-01-01 21:14:00,735,congestion,client_2,server_1,router_1,2,client-router-server,0.87,0.13,59,40.11,100.0,51.29,72.13,9.46,0.87,1.6,5078,4997,81,61,22.39,normal,1,0,1
2026-01-01 21:15:00,736,congestion,client_2,server_1,router_1,2,client-router-server,0.94,0.12,63,106.93,100.0,100.0,90.38,14.54,0.94,2.28,2887,2822,65,44,30.92,normal,1,0,1
2026-01-01 21:16:00,737,congestion,client_2,server_1,router_1,2,client-router-server,1.2,0.14,57,114.96,100.0,84.31,89.95,9.46,1.2,3.1,5174,5014,160,11,47.06,normal,1,0,1
2026-01-01 21:17:00,738,congestion,client_2,server_1,router_1,2,client-router-server,0.95,0.1,66,72.11,100.0,100.0,114.06,8.71,0.95,3.34,1152,1114,38,28,53.91,normal,1,0,1
2026-01-01 21:18:00,739,congestion,client_1,server_1,router_1,2,client-router-server,0.98,0.12,60,103.63,100.0,76.81,124.57,3.54,0.98,5.11,1157,1098,59,10,29.66,normal,1,0,1
2026-01-01 21:19:00,740,congestion,client_1,server_1,router_1,2,client-router-server,1.13,0.14,58,76.36,100.0,100.0,137.83,7.23,1.13,4.28,4060,3887,173,33,18.55,normal,1,0,1
2026-01-01 21:20:00,741,congestion,client_1,server_1,router_1,2,client-router-server,1.05,0.1,57,93.09,100.0,54.24,80.88,11.75,1.05,5.05,5735,5446,289,145,19.13,normal,1,0,1
2026-01-01 21:21:00,742,congestion,client_2,server_1,router_1,2,client-router-server,1.14,0.12,59,93.47,100.0,53.08,85.06,7.86,1.14,2.29,4091,3998,93,74,46.57,normal,1,0,1
2026-01-01 21:22:00,743,congestion,client_1,server_1,router_1,2,client-router-server,0.96,0.13,56,77.1,100.0,99.93,138.22,3.76,0.96,3.28,3268,3161,107,57,38.09,normal,1,0,1
2026-01-01 21:23:00,744,congestion,client_3,server_1,router_1,2,client-router-server,1.04,0.13,66,42.48,100.0,100.0,108.05,11.13,1.04,5.09,4866,4619,247,193,33.28,normal,1,0,1
2026-01-01 21:24:00,745,congestion,client_3,server_1,router_1,2,client-router-server,0.76,0.08,55,78.3,100.0,61.99,121.84,9.79,0.76,4.17,4393,4210,183,117,10.11,normal,1,0,1
2026-01-01 21:25:00,746,congestion,client_2,server_1,router_1,2,client-router-server,1.18,0.08,55,47.86,100.0,51.62,91.42,11.01,1.18,2.26,3100,3030,70,47,44.05,normal,1,0,1
2026-01-01 21:26:00,747,congestion,client_3,server_1,router_1,2,client-router-server,1.08,0.11,66,40.3,100.0,85.04,104.49,8.85,1.08,3.94,4804,4615,189,139,40.78,normal,1,0,1
2026-01-01 21:27:00,748,congestion,client_2,server_1,router_1,2,client-router-server,0.99,0.08,56,67.34,100.0,100.0,106.23,9.83,0.99,3.6,5721,5516,205,146,27.09,normal,1,0,1
2026-01-01 21:28:00,749,congestion,client_1,server_1,router_1,2,client-router-server,1.08,0.1,58,58.74,100.0,85.81,73.99,6.95,1.08,5.36,1495,1415,80,26,31.7,normal,1,0,1
2026-01-01 21:29:00,750,congestion,client_1,server_1,router_1,2,client-router-server,0.98,0.11,56,80.97,100.0,82.04,106.43,9.1,0.98,2.63,5411,5269,142,105,46.5,normal,1,0,1
2026-01-01 21:30:00,751,congestion,client_2,server_1,router_1,2,client-router-server,1.06,0.13,61,81.42,100.0,100.0,74.66,10.1,1.06,3.68,2748,2647,101,10,23.15,normal,1,0,1
2026-01-01 21:31:00,752,congestion,client_3,server_1,router_1,2,client-router-server,0.89,0.11,56,70.73,100.0,78.43,72.3,13.13,0.89,5.87,1965,1850,115,86,26.27,normal,1,0,1
2026-01-01 21:32:00,753,congestion,client_3,server_1,router_1,2,client-router-server,1.15,0.11,59,65.71,100.0,86.24,137.02,4.38,1.15,5.75,5233,4933,300,42,46.11,normal,1,0,1
2026-01-01 21:33:00,754,congestion,client_1,server_1,router_1,2,client-router-server,0.91,0.13,67,52.68,100.0,81.28,122.84,14.18,0.91,2.8,1436,1396,40,40,27.52,normal,1,0,1
2026-01-01 21:34:00,755,congestion,client_1,server_1,router_1,2,client-router-server,0.87,0.11,61,101.96,100.0,92.81,135.23,11.57,0.87,5.84,4199,3954,245,135,34.25,normal,1,0,1
2026-01-01 21:35:00,756,congestion,client_3,server_1,router_1,2,client-router-server,0.85,0.1,62,100.5,100.0,71.69,109.05,9.12,0.85,4.84,2037,1939,98,25,45.25,normal,1,0,1
2026-01-01 21:36:00,757,congestion,client_2,server_1,router_1,2,client-router-server,1.08,0.12,58,106.29,100.0,85.8,106.63,10.68,1.08,5.2,1614,1531,83,24,39.95,normal,1,0,1
2026-01-01 21:37:00,758,congestion,client_3,server_1,router_1,2,client-router-server,1.04,0.08,60,48.02,100.0,74.53,79.61,15.61,1.04,4.96,2064,1962,102,15,33.26,normal,1,0,1
2026-01-01 21:38:00,759,congestion,client_3,server_1,router_1,2,client-router-server,1.17,0.1,58,64.91,100.0,100.0,127.82,6.24,1.17,4.05,4862,4666,196,74,11.48,normal,1,0,1
2026-01-01 21:39:00,760,congestion,client_1,server_1,router_1,2,client-router-server,1.21,0.08,67,86.3,100.0,91.91,132.91,10.98,1.21,3.8,4627,4452,175,12,54.37,normal,1,0,1
2026-01-01 21:40:00,761,congestion,client_2,server_1,router_1,2,client-router-server,1.17,0.09,56,111.86,100.0,65.72,80.07,10.12,1.17,1.86,4679,4592,87,77,30.73,normal,1,0,1
2026-01-01 21:41:00,762,congestion,client_2,server_1,router_1,2,client-router-server,1.07,0.09,60,55.28,100.0,92.24,133.16,11.73,1.07,2.87,2657,2581,76,62,28.96,normal,1,0,1
2026-01-01 21:42:00,763,congestion,client_3,server_1,router_1,2,client-router-server,0.77,0.09,63,86.71,100.0,79.48,73.08,11.59,0.77,3.89,3052,2934,118,112,58.38,normal,1,0,1
2026-01-01 21:43:00,764,congestion,client_3,server_1,router_1,2,client-router-server,1.1,0.13,58,93.51,100.0,100.0,94.93,10.2,1.1,2.18,5888,5760,128,92,19.22,normal,1,0,1
2026-01-01 21:44:00,765,congestion,client_3,server_1,router_1,2,client-router-server,1.03,0.11,56,62.52,100.0,100.0,76.77,11.16,1.03,5.86,2333,2197,136,110,32.78,normal,1,0,1
2026-01-01 21:45:00,766,congestion,client_3,server_1,router_1,2,client-router-server,1.05,0.11,57,67.6,100.0,82.86,74.11,10.77,1.05,3.05,3765,3651,114,18,25.56,normal,1,0,1
2026-01-01 21:46:00,767,congestion,client_3,server_1,router_1,2,client-router-server,1.01,0.07,63,78.27,100.0,100.0,116.01,8.42,1.01,3.75,3048,2934,114,79,52.13,normal,1,0,1
2026-01-01 21:47:00,768,congestion,client_3,server_1,router_1,2,client-router-server,0.8,0.09,62,51.02,100.0,96.93,92.87,14.37,0.8,4.66,4150,3957,193,61,41.04,normal,1,0,1
2026-01-01 21:48:00,769,congestion,client_3,server_1,router_1,2,client-router-server,1.2,0.09,58,66.28,100.0,99.08,94.24,6.77,1.2,4.73,2359,2248,111,60,33.03,normal,1,0,1
2026-01-01 21:49:00,770,congestion,client_3,server_1,router_1,2,client-router-server,1.11,0.09,66,104.58,100.0,100.0,118.55,12.45,1.11,3.44,5923,5720,203,35,34.38,normal,1,0,1
2026-01-01 21:50:00,771,congestion,client_1,server_1,router_1,2,client-router-server,0.76,0.09,56,83.58,100.0,90.83,129.8,8.35,0.76,5.84,5652,5322,330,213,40.91,normal,1,0,1
2026-01-01 21:51:00,772,congestion,client_2,server_1,router_1,2,client-router-server,0.75,0.11,61,90.32,100.0,100.0,112.1,8.53,0.75,3.88,2449,2354,95,90,24.53,normal,1,0,1
2026-01-01 21:52:00,773,congestion,client_2,server_1,router_1,2,client-router-server,1.13,0.12,57,86.28,100.0,100.0,75.18,10.35,1.13,3.99,5250,5041,209,135,12.5,normal,1,0,1
2026-01-01 21:53:00,774,congestion,client_2,server_1,router_1,2,client-router-server,1.24,0.11,65,97.73,100.0,79.42,109.06,12.35,1.24,2.22,3900,3814,86,73,33.57,normal,1,0,1
2026-01-01 21:54:00,775,congestion,client_2,server_1,router_1,2,client-router-server,0.89,0.08,55,34.36,100.0,86.12,92.37,5.83,0.89,5.05,1448,1375,73,58,28.04,normal,1,0,1
2026-01-01 21:55:00,776,congestion,client_3,server_1,router_1,2,client-router-server,0.85,0.09,67,87.79,100.0,100.0,110.6,6.21,0.85,2.12,1442,1412,30,12,50.86,normal,1,0,1
2026-01-01 21:56:00,777,congestion,client_1,server_1,router_1,2,client-router-server,0.77,0.09,60,54.95,100.0,98.75,89.07,8.96,0.77,4.18,4828,4627,201,106,19.63,normal,1,0,1
2026-01-01 21:57:00,778,congestion,client_3,server_1,router_1,2,client-router-server,0.96,0.12,66,67.32,100.0,60.58,120.7,11.51,0.96,4.96,1971,1874,97,93,41.91,normal,1,0,1
2026-01-01 21:58:00,779,congestion,client_2,server_1,router_1,2,client-router-server,1.0,0.08,63,69.54,100.0,58.92,113.3,9.11,1.0,4.49,2842,2715,127,98,56.13,normal,1,0,1
2026-01-01 21:59:00,780,congestion,client_3,server_1,router_1,2,client-router-server,1.17,0.11,56,40.69,100.0,100.0,80.68,9.3,1.17,4.6,2271,2167,104,21,46.88,normal,1,0,1
2026-01-01 22:00:00,781,congestion,client_1,server_1,router_1,2,client-router-server,0.98,0.13,66,75.53,100.0,100.0,78.6,5.63,0.98,2.76,2531,2462,69,67,57.44,normal,0,0,1
2026-01-01 22:01:00,782,congestion,client_3,server_1,router_1,2,client-router-server,1.11,0.11,58,37.98,100.0,55.67,99.12,11.29,1.11,1.54,3966,3905,61,10,33.71,normal,0,0,1
2026-01-01 22:02:00,783,congestion,client_1,server_1,router_1,2,client-router-server,0.86,0.12,58,41.69,100.0,62.01,67.65,8.84,0.86,1.65,1579,1553,26,15,52.81,normal,0,0,1
2026-01-01 22:03:00,784,congestion,client_1,server_1,router_1,2,client-router-server,1.25,0.09,64,48.65,100.0,91.36,69.44,8.4,1.25,5.34,4752,4499,253,161,28.9,normal,0,0,1
2026-01-01 22:04:00,785,congestion,client_3,server_1,router_1,2,client-router-server,0.84,0.12,60,45.93,100.0,94.4,74.2,8.33,0.84,5.06,1275,1211,64,19,58.11,normal,0,0,1
2026-01-01 22:05:00,786,congestion,client_1,server_1,router_1,2,client-router-server,1.12,0.14,68,52.69,100.0,66.36,89.32,12.81,1.12,2.79,2260,2197,63,48,21.34,normal,0,0,1
2026-01-01 22:06:00,787,congestion,client_2,server_1,router_1,2,client-router-server,0.76,0.09,56,29.39,100.0,85.41,82.47,9.84,0.76,2.18,4932,4825,107,60,32.27,normal,0,0,1
2026-01-01 22:07:00,788,congestion,client_3,server_1,router_1,2,client-router-server,1.18,0.09,59,76.3,100.0,72.15,120.23,6.28,1.18,4.39,3800,3634,166,121,56.11,normal,0,0,1
2026-01-01 22:08:00,789,congestion,client_2,server_1,router_1,2,client-router-server,1.0,0.14,65,61.04,100.0,100.0,111.62,11.41,1.0,4.78,1211,1154,57,30,25.39,normal,0,0,1
2026-01-01 22:09:00,790,congestion,client_2,server_1,router_1,2,client-router-server,0.86,0.14,58,60.15,100.0,68.84,117.66,13.83,0.86,1.82,3850,3780,70,68,50.81,normal,0,0,1
2026-01-01 22:10:00,791,congestion,client_2,server_1,router_1,2,client-router-server,1.08,0.11,64,87.05,100.0,72.13,113.53,13.3,1.08,1.61,3647,3589,58,23,31.44,normal,0,0,1
2026-01-01 22:11:00,792,congestion,client_2,server_1,router_1,2,client-router-server,0.83,0.13,64,41.46,100.0,58.19,81.18,7.73,0.83,5.62,2669,2520,149,119,25.01,normal,0,0,1
2026-01-01 22:12:00,793,congestion,client_3,server_1,router_1,2,client-router-server,0.88,0.1,56,66.5,100.0,94.61,126.68,9.8,0.88,2.87,4488,4360,128,127,19.96,normal,0,0,1
2026-01-01 22:13:00,794,congestion,client_3,server_1,router_1,2,client-router-server,1.14,0.13,67,65.4,100.0,76.95,120.54,10.37,1.14,4.91,5203,4948,255,70,54.86,normal,0,0,1
2026-01-01 22:14:00,795,congestion,client_1,server_1,router_1,2,client-router-server,1.2,0.07,63,82.12,100.0,79.63,125.47,9.58,1.2,2.62,3300,3214,86,2,27.43,normal,0,0,1
2026-01-01 22:15:00,796,congestion,client_3,server_1,router_1,2,client-router-server,1.05,0.11,63,33.36,100.0,95.73,80.65,12.4,1.05,2.42,5743,5605,138,21,29.55,normal,0,0,1
2026-01-01 22:16:00,797,congestion,client_3,server_1,router_1,2,client-router-server,1.16,0.09,57,73.73,100.0,100.0,117.33,11.98,1.16,5.05,5195,4933,262,180,48.38,normal,0,0,1
2026-01-01 22:17:00,798,congestion,client_1,server_1,router_1,2,client-router-server,0.99,0.14,57,55.94,100.0,96.31,72.78,10.31,0.99,3.59,1617,1559,58,49,42.19,normal,0,0,1
2026-01-01 22:18:00,799,congestion,client_2,server_1,router_1,2,client-router-server,0.96,0.09,57,43.08,100.0,99.52,70.45,14.2,0.96,2.7,4937,4804,133,91,56.21,normal,0,0,1
2026-01-01 22:19:00,800,congestion,client_2,server_1,router_1,2,client-router-server,0.93,0.09,56,24.12,100.0,73.79,89.16,10.39,0.93,2.11,1569,1536,33,29,36.36,normal,0,0,1
2026-01-01 22:20:00,801,congestion,client_3,server_1,router_1,2,client-router-server,0.94,0.08,55,27.77,100.0,74.14,97.68,8.83,0.94,5.72,4864,4586,278,91,32.49,normal,0,0,1
2026-01-01 22:21:00,802,congestion,client_1,server_1,router_1,2,client-router-server,1.09,0.1,64,39.31,100.0,100.0,82.04,4.47,1.09,2.89,3091,3002,89,12,45.54,normal,0,0,1
2026-01-01 22:22:00,803,congestion,client_2,server_1,router_1,2,client-router-server,0.95,0.09,57,36.2,100.0,100.0,98.84,8.76,0.95,3.22,3965,3838,127,23,30.57,normal,0,0,1
2026-01-01 22:23:00,804,congestion,client_1,server_1,router_1,2,client-router-server,1.25,0.12,58,41.32,100.0,88.18,78.46,9.18,1.25,3.44,2623,2533,90,61,43.84,normal,0,0,1
2026-01-01 22:24:00,805,congestion,client_1,server_1,router_1,2,client-router-server,1.23,0.14,63,55.43,100.0,100.0,133.97,7.84,1.23,2.6,1959,1909,50,34,8.5,normal,0,0,1
2026-01-01 22:25:00,806,congestion,client_3,server_1,router_1,2,client-router-server,1.04,0.11,55,85.8,100.0,94.33,130.09,10.21,1.04,4.32,5453,5218,235,119,12.19,normal,0,0,1
2026-01-01 22:26:00,807,congestion,client_2,server_1,router_1,2,client-router-server,0.82,0.09,58,43.98,100.0,100.0,130.12,12.61,0.82,2.51,2540,2477,63,51,54.98,normal,0,0,1
2026-01-01 22:27:00,808,congestion,client_1,server_1,router_1,2,client-router-server,1.06,0.09,68,49.4,100.0,100.0,105.85,13.22,1.06,2.81,1727,1679,48,38,51.19,normal,0,0,1
2026-01-01 22:28:00,809,congestion,client_1,server_1,router_1,2,client-router-server,1.12,0.09,57,84.48,100.0,51.44,78.27,11.79,1.12,4.24,1716,1644,72,23,27.01,normal,0,0,1
2026-01-01 22:29:00,810,congestion,client_3,server_1,router_1,2,client-router-server,1.16,0.13,66,32.38,100.0,61.27,68.48,6.47,1.16,2.69,5163,5025,138,101,31.56,normal,0,0,1
2026-01-01 22:30:00,811,congestion,client_1,server_1,router_1,2,client-router-server,1.04,0.08,66,27.28,85.73,70.84,103.11,9.33,1.04,1.3,2514,2482,32,29,11.03,normal,0,0,1
2026-01-01 22:31:00,812,congestion,client_3,server_1,router_1,2,client-router-server,0.9,0.08,64,92.05,100.0,84.39,68.39,6.58,0.9,5.36,4306,4076,230,211,8.93,normal,0,0,1
2026-01-01 22:32:00,813,congestion,client_3,server_1,router_1,2,client-router-server,0.79,0.08,57,38.93,100.0,64.34,125.01,11.55,0.79,4.71,4241,4042,199,127,51.01,normal,0,0,1
2026-01-01 22:33:00,814,congestion,client_2,server_1,router_1,2,client-router-server,0.8,0.11,61,77.36,100.0,76.63,116.3,6.92,0.8,1.86,5550,5447,103,98,40.04,normal,0,0,1
2026-01-01 22:34:00,815,congestion,client_3,server_1,router_1,2,client-router-server,0.98,0.09,58,71.8,100.0,89.72,78.73,6.98,0.98,2.85,3213,3122,91,45,5.05,normal,0,0,1
2026-01-01 22:35:00,816,congestion,client_2,server_1,router_1,2,client-router-server,1.16,0.08,66,40.63,100.0,65.94,94.14,12.24,1.16,5.11,5010,4754,256,62,56.14,normal,0,0,1
2026-01-01 22:36:00,817,congestion,client_3,server_1,router_1,2,client-router-server,0.81,0.09,60,78.02,100.0,100.0,137.4,4.96,0.81,5.02,4573,4344,229,222,36.87,normal,0,0,1
2026-01-01 22:37:00,818,congestion,client_2,server_1,router_1,2,client-router-server,1.05,0.12,56,20.23,100.0,60.95,79.12,11.98,1.05,2.94,2354,2285,69,42,44.09,normal,0,0,1
2026-01-01 22:38:00,819,congestion,client_2,server_1,router_1,2,client-router-server,1.09,0.08,62,83.5,100.0,98.13,111.0,11.58,1.09,3.21,5264,5096,168,145,58.82,normal,0,0,1
2026-01-01 22:39:00,820,congestion,client_2,server_1,router_1,2,client-router-server,0.8,0.13,57,61.8,100.0,100.0,119.78,11.49,0.8,3.42,3854,3723,131,45,27.99,normal,0,0,1
2026-01-01 22:40:00,821,congestion,client_3,server_1,router_1,2,client-router-server,1.14,0.11,64,36.27,100.0,100.0,107.43,13.74,1.14,4.02,2125,2040,85,69,11.53,normal,0,0,1
2026-01-01 22:41:00,822,congestion,client_2,server_1,router_1,2,client-router-server,1.19,0.12,61,54.07,100.0,100.0,92.82,8.62,1.19,3.76,4470,4302,168,63,55.74,normal,0,0,1
2026-01-01 22:42:00,823,congestion,client_3,server_1,router_1,2,client-router-server,1.07,0.1,55,61.08,100.0,80.48,82.78,8.22,1.07,4.36,5298,5068,230,23,9.08,normal,0,0,1
2026-01-01 22:43:00,824,congestion,client_2,server_1,router_1,2,client-router-server,1.2,0.1,66,35.67,100.0,99.99,73.54,8.96,1.2,3.87,1373,1320,53,13,52.5,normal,0,0,1
2026-01-01 22:44:00,825,congestion,client_2,server_1,router_1,2,client-router-server,1.15,0.1,61,68.85,100.0,88.8,85.88,9.87,1.15,4.95,3513,3340,173,157,6.26,normal,0,0,1
2026-01-01 22:45:00,826,congestion,client_2,server_1,router_1,2,client-router-server,0.82,0.09,58,92.55,100.0,100.0,70.33,15.19,0.82,2.43,5033,4911,122,74,39.46,normal,0,0,1
2026-01-01 22:46:00,827,congestion,client_1,server_1,router_1,2,client-router-server,1.17,0.12,60,80.54,100.0,61.66,73.01,10.27,1.17,5.06,4179,3968,211,118,55.57,normal,0,0,1
2026-01-01 22:47:00,828,congestion,client_1,server_1,router_1,2,client-router-server,0.92,0.09,57,20.86,100.0,61.8,96.78,10.53,0.92,5.0,1049,997,52,41,37.57,normal,0,0,1
2026-01-01 22:48:00,829,congestion,client_2,server_1,router_1,2,client-router-server,0.99,0.09,58,31.4,100.0,89.6,74.12,9.73,0.99,2.32,5155,5036,119,4,34.68,normal,0,0,1
2026-01-01 22:49:00,830,congestion,client_2,server_1,router_1,2,client-router-server,1.21,0.13,66,74.5,100.0,51.21,87.97,14.73,1.21,3.41,3595,3473,122,36,7.56,normal,0,0,1
2026-01-01 22:50:00,831,congestion,client_3,server_1,router_1,2,client-router-server,0.98,0.08,56,38.14,100.0,73.43,108.64,9.82,0.98,2.54,4634,4517,117,83,59.56,normal,0,0,1
2026-01-01 22:51:00,832,congestion,client_1,server_1,router_1,2,client-router-server,0.83,0.09,60,88.48,100.0,89.09,80.8,9.15,0.83,3.21,3858,3735,123,102,58.63,normal,0,0,1
2026-01-01 22:52:00,833,congestion,client_1,server_1,router_1,2,client-router-server,0.84,0.07,55,77.91,100.0,100.0,121.51,10.46,0.84,4.64,3293,3141,152,10,14.55,normal,0,0,1
2026-01-01 22:53:00,834,congestion,client_2,server_1,router_1,2,client-router-server,0.99,0.08,56,33.38,100.0,93.54,72.74,9.9,0.99,1.69,5404,5313,91,17,57.45,normal,0,0,1
2026-01-01 22:54:00,835,congestion,client_3,server_1,router_1,2,client-router-server,0.93,0.08,57,53.37,100.0,73.51,117.54,9.2,0.93,4.38,5008,4789,219,110,32.18,normal,0,0,1
2026-01-01 22:55:00,836,congestion,client_3,server_1,router_1,2,client-router-server,0.84,0.1,55,32.29,100.0,70.27,101.91,5.92,0.84,5.89,1237,1165,72,66,45.7,normal,0,0,1
2026-01-01 22:56:00,837,congestion,client_1,server_1,router_1,2,client-router-server,1.05,0.11,67,84.63,100.0,51.35,121.21,9.25,1.05,3.8,3659,3520,139,44,22.17,normal,0,0,1
2026-01-01 22:57:00,838,congestion,client_2,server_1,router_1,2,client-router-server,0.84,0.08,58,92.78,100.0,100.0,125.01,9.6,0.84,5.39,4998,4729,269,44,36.9,normal,0,0,1
2026-01-01 22:58:00,839,congestion,client_1,server_1,router_1,2,client-router-server,0.9,0.11,56,33.62,100.0,80.97,130.93,7.28,0.9,5.53,5800,5480,320,193,8.63,normal,0,0,1
2026-01-01 22:59:00,840,congestion,client_2,server_1,router_1,2,client-router-server,0.83,0.1,66,60.9,100.0,91.66,135.2,8.24,0.83,5.11,2142,2033,109,52,37.43,normal,0,0,1
2026-01-01 23:00:00,841,congestion,client_3,server_1,router_1,2,client-router-server,0.85,0.09,65,82.84,100.0,51.01,96.84,9.6,0.85,2.68,5351,5208,143,93,33.34,normal,0,0,1
2026-01-01 23:01:00,842,congestion,client_1,server_1,router_1,2,client-router-server,0.89,0.11,67,67.16,100.0,95.95,97.74,4.46,0.89,4.2,4809,4608,201,45,6.33,normal,0,0,1
2026-01-01 23:02:00,843,congestion,client_1,server_1,router_1,2,client-router-server,0.86,0.09,64,25.89,100.0,61.89,65.56,10.18,0.86,5.04,5206,4944,262,16,28.09,normal,0,0,1
2026-01-01 23:03:00,844,congestion,client_2,server_1,router_1,2,client-router-server,1.12,0.12,61,75.47,100.0,64.21,76.42,7.1,1.12,1.77,4963,4876,87,10,22.51,normal,0,0,1
2026-01-01 23:04:00,845,congestion,client_3,server_1,router_1,2,client-router-server,1.22,0.11,60,45.16,100.0,70.64,81.96,10.21,1.22,1.8,2607,2561,46,30,36.13,normal,0,0,1
2026-01-01 23:05:00,846,congestion,client_3,server_1,router_1,2,client-router-server,0.77,0.14,65,87.69,100.0,96.37,105.62,8.3,0.77,3.97,4524,4345,179,76,58.8,normal,0,0,1
2026-01-01 23:06:00,847,congestion,client_3,server_1,router_1,2,client-router-server,1.08,0.11,55,74.57,100.0,66.95,127.15,8.51,1.08,2.48,1901,1854,47,22,44.19,normal,0,0,1
2026-01-01 23:07:00,848,congestion,client_2,server_1,router_1,2,client-router-server,0.9,0.11,58,81.95,100.0,59.07,81.81,10.37,0.9,5.99,1695,1594,101,75,56.78,normal,0,0,1
2026-01-01 23:08:00,849,congestion,client_2,server_1,router_1,2,client-router-server,1.21,0.12,57,57.65,100.0,100.0,105.16,6.51,1.21,4.51,5502,5254,248,32,15.31,normal,0,0,1
2026-01-01 23:09:00,850,congestion,client_1,server_1,router_1,2,client-router-server,0.91,0.08,59,80.19,100.0,83.81,95.85,13.36,0.91,5.36,2779,2631,148,103,57.99,normal,0,0,1
2026-01-01 23:10:00,851,congestion,client_1,server_1,router_1,2,client-router-server,0.82,0.13,67,44.11,100.0,100.0,101.68,10.86,0.82,3.75,2841,2735,106,90,11.92,normal,0,0,1
2026-01-01 23:11:00,852,congestion,client_2,server_1,router_1,2,client-router-server,0.79,0.11,62,26.08,100.0,100.0,122.41,13.73,0.79,3.6,4114,3966,148,80,36.91,normal,0,0,1
2026-01-01 23:12:00,853,congestion,client_2,server_1,router_1,2,client-router-server,0.78,0.12,58,48.42,100.0,56.85,124.67,5.06,0.78,2.61,5579,5434,145,17,35.62,normal,0,0,1
2026-01-01 23:13:00,854,congestion,client_3,server_1,router_1,2,client-router-server,1.13,0.07,62,30.91,100.0,100.0,130.16,10.44,1.13,2.38,2014,1967,47,28,33.32,normal,0,0,1
2026-01-01 23:14:00,855,congestion,client_1,server_1,router_1,2,client-router-server,1.05,0.1,61,83.18,100.0,100.0,100.49,10.7,1.05,4.75,1296,1235,61,1,10.6,normal,0,0,1
2026-01-01 23:15:00,856,congestion,client_2,server_1,router_1,2,client-router-server,0.87,0.09,60,35.18,100.0,56.5,94.46,6.09,0.87,5.95,4301,4046,255,137,18.64,normal,0,0,1
2026-01-01 23:16:00,857,congestion,client_3,server_1,router_1,2,client-router-server,1.01,0.12,64,24.43,100.0,61.14,70.93,3.71,1.01,2.32,5545,5417,128,17,14.08,normal,0,0,1
2026-01-01 23:17:00,858,congestion,client_2,server_1,router_1,2,client-router-server,1.16,0.12,59,51.26,100.0,100.0,114.35,11.48,1.16,4.63,3130,2986,144,90,22.75,normal,0,0,1
2026-01-01 23:18:00,859,congestion,client_1,server_1,router_1,2,client-router-server,0.75,0.08,68,59.74,100.0,72.01,104.99,6.66,0.75,3.45,4961,4790,171,16,33.19,normal,0,0,1
2026-01-01 23:19:00,860,congestion,client_2,server_1,router_1,2,client-router-server,1.21,0.13,67,22.62,100.0,100.0,138.52,13.33,1.21,2.9,3670,3564,106,22,54.17,normal,0,0,1
2026-01-01 23:20:00,861,congestion,client_2,server_1,router_1,2,client-router-server,1.2,0.09,61,26.58,100.0,87.54,79.66,10.01,1.2,3.67,1642,1582,60,47,33.91,normal,0,0,1
2026-01-01 23:21:00,862,congestion,client_2,server_1,router_1,2,client-router-server,1.15,0.08,58,89.86,100.0,100.0,124.67,13.34,1.15,2.81,5911,5745,166,101,53.52,normal,0,0,1
2026-01-01 23:22:00,863,congestion,client_3,server_1,router_1,2,client-router-server,1.06,0.1,60,64.36,100.0,82.58,130.44,8.33,1.06,5.75,1145,1080,65,55,17.8,normal,0,0,1
2026-01-01 23:23:00,864,congestion,client_3,server_1,router_1,2,client-router-server,1.18,0.09,66,48.61,100.0,77.07,109.66,6.18,1.18,3.63,4595,4429,166,41,25.72,normal,0,0,1
2026-01-01 23:24:00,865,congestion,client_2,server_1,router_1,2,client-router-server,1.21,0.13,61,31.65,100.0,100.0,105.89,12.0,1.21,5.53,3969,3750,219,58,44.32,normal,0,0,1
2026-01-01 23:25:00,866,congestion,client_2,server_1,router_1,2,client-router-server,1.22,0.14,57,41.08,100.0,100.0,119.88,9.67,1.22,4.4,2276,2176,100,68,5.32,normal,0,0,1
2026-01-01 23:26:00,867,congestion,client_2,server_1,router_1,2,client-router-server,1.01,0.14,66,69.74,100.0,87.09,105.45,8.81,1.01,5.83,2687,2531,156,92,26.9,normal,0,0,1
2026-01-01 23:27:00,868,congestion,client_2,server_1,router_1,2,client-router-server,0.9,0.08,64,27.0,100.0,100.0,98.47,13.22,0.9,4.48,5976,5709,267,105,39.76,normal,0,0,1
2026-01-01 23:28:00,869,congestion,client_1,server_1,router_1,2,client-router-server,1.15,0.07,67,90.51,100.0,51.36,99.49,3.74,1.15,5.32,1333,1263,70,46,40.32,normal,0,0,1
2026-01-01 23:29:00,870,congestion,client_1,server_1,router_1,2,client-router-server,0.89,0.09,60,57.15,100.0,52.2,120.34,13.26,0.89,2.3,4647,4541,106,22,8.28,normal,0,0,1
2026-01-01 23:30:00,871,congestion,client_2,server_1,router_1,2,client-router-server,1.23,0.14,62,29.79,100.0,95.87,86.52,6.29,1.23,2.25,4652,4548,104,41,11.58,normal,0,0,1
2026-01-01 23:31:00,872,congestion,client_3,server_1,router_1,2,client-router-server,1.15,0.11,66,72.62,100.0,95.93,113.92,8.38,1.15,5.5,5896,5572,324,177,38.4,normal,0,0,1
2026-01-01 23:32:00,873,congestion,client_2,server_1,router_1,2,client-router-server,1.22,0.12,63,94.81,100.0,57.35,120.96,9.51,1.22,3.68,4272,4115,157,135,54.6,normal,0,0,1
2026-01-01 23:33:00,874,congestion,client_2,server_1,router_1,2,client-router-server,1.11,0.08,59,91.26,100.0,70.61,119.52,9.33,1.11,4.45,3063,2927,136,114,45.92,normal,0,0,1
2026-01-01 23:34:00,875,congestion,client_3,server_1,router_1,2,client-router-server,1.15,0.13,56,56.23,100.0,100.0,100.08,12.55,1.15,5.57,1412,1334,78,14,46.94,normal,0,0,1
2026-01-01 23:35:00,876,congestion,client_2,server_1,router_1,2,client-router-server,0.93,0.1,62,36.93,100.0,55.76,68.15,6.05,0.93,3.69,4967,4784,183,74,27.53,normal,0,0,1
2026-01-01 23:36:00,877,congestion,client_2,server_1,router_1,2,client-router-server,0.82,0.11,61,43.92,100.0,87.44,93.93,10.7,0.82,5.2,5053,4791,262,100,11.23,normal,0,0,1
2026-01-01 23:37:00,878,congestion,client_1,server_1,router_1,2,client-router-server,0.79,0.08,59,40.11,100.0,50.03,111.42,13.59,0.79,3.28,3509,3394,115,26,25.94,normal,0,0,1
2026-01-01 23:38:00,879,congestion,client_1,server_1,router_1,2,client-router-server,1.13,0.09,60,34.89,100.0,80.16,89.91,13.28,1.13,2.44,5260,5132,128,22,42.5,normal,0,0,1
2026-01-01 23:39:00,880,congestion,client_1,server_1,router_1,2,client-router-server,1.1,0.12,67,77.52,100.0,100.0,82.99,12.65,1.1,3.52,2657,2564,93,69,59.84,normal,0,0,1
2026-01-01 23:40:00,881,congestion,client_3,server_1,router_1,2,client-router-server,1.24,0.11,61,81.62,100.0,81.59,73.31,13.38,1.24,5.7,2085,1967,118,108,59.15,normal,0,0,1
2026-01-01 23:41:00,882,congestion,client_2,server_1,router_1,2,client-router-server,0.83,0.09,64,47.33,100.0,54.4,110.16,8.95,0.83,3.15,2387,2312,75,45,15.52,normal,0,0,1
2026-01-01 23:42:00,883,congestion,client_1,server_1,router_1,2,client-router-server,1.08,0.09,60,60.59,100.0,91.37,77.97,8.72,1.08,3.71,2978,2868,110,38,15.07,normal,0,0,1
2026-01-01 23:43:00,884,congestion,client_3,server_1,router_1,2,client-router-server,1.15,0.13,67,26.2,91.1,69.75,82.34,12.04,1.15,2.22,2576,2519,57,7,11.54,normal,0,0,1
2026-01-01 23:44:00,885,congestion,client_3,server_1,router_1,2,client-router-server,1.09,0.09,58,63.26,100.0,94.05,103.49,8.21,1.09,4.2,3261,3125,136,1,28.74,normal,0,0,1
2026-01-01 23:45:00,886,congestion,client_2,server_1,router_1,2,client-router-server,1.12,0.09,55,66.69,100.0,67.63,89.09,8.12,1.12,1.74,4571,4492,79,7,45.41,normal,0,0,1
2026-01-01 23:46:00,887,congestion,client_2,server_1,router_1,2,client-router-server,0.78,0.13,56,30.66,100.0,69.03,97.87,7.34,0.78,5.63,5684,5364,320,6,29.62,normal,0,0,1
2026-01-01 23:47:00,888,congestion,client_1,server_1,router_1,2,client-router-server,1.16,0.13,59,36.46,100.0,50.13,89.79,9.4,1.16,5.94,5523,5195,328,121,55.4,normal,0,0,1
2026-01-01 23:48:00,889,congestion,client_3,server_1,router_1,2,client-router-server,0.82,0.1,61,79.29,100.0,77.02,118.93,7.58,0.82,2.54,4557,4442,115,54,8.64,normal,0,0,1
2026-01-01 23:49:00,890,congestion,client_3,server_1,router_1,2,client-router-server,0.97,0.09,68,47.08,100.0,86.61,135.34,10.94,0.97,2.86,1722,1673,49,44,14.13,normal,0,0,1
2026-01-01 23:50:00,891,congestion,client_3,server_1,router_1,2,client-router-server,0.76,0.12,60,48.54,100.0,97.62,97.24,5.0,0.76,5.61,5415,5112,303,53,45.23,normal,0,0,1
2026-01-01 23:51:00,892,congestion,client_1,server_1,router_1,2,client-router-server,1.14,0.12,60,21.28,70.04,45.55,95.38,8.2,1.14,2.33,1103,1078,25,13,31.21,normal,0,0,1
2026-01-01 23:52:00,893,congestion,client_1,server_1,router_1,2,client-router-server,0.82,0.09,68,35.09,100.0,57.35,90.59,8.65,0.82,3.61,5312,5121,191,62,35.34,normal,0,0,1
2026-01-01 23:53:00,894,congestion,client_3,server_1,router_1,2,client-router-server,1.09,0.1,63,83.61,100.0,85.49,112.2,12.6,1.09,2.38,2277,2223,54,36,19.67,normal,0,0,1
2026-01-01 23:54:00,895,congestion,client_2,server_1,router_1,2,client-router-server,1.07,0.11,68,51.25,100.0,91.35,135.28,11.72,1.07,5.84,5921,5576,345,338,25.97,normal,0,0,1
2026-01-01 23:55:00,896,congestion,client_2,server_1,router_1,2,client-router-server,0.99,0.11,61,42.68,100.0,54.02,102.36,7.55,0.99,1.61,5582,5493,89,61,42.94,normal,0,0,1
2026-01-01 23:56:00,897,congestion,client_1,server_1,router_1,2,client-router-server,0.96,0.08,58,32.07,100.0,100.0,100.72,11.25,0.96,5.42,1504,1423,81,24,47.03,normal,0,0,1
2026-01-01 23:57:00,898,congestion,client_2,server_1,router_1,2,client-router-server,0.87,0.1,67,64.76,100.0,69.59,98.57,6.39,0.87,3.06,3478,3372,106,28,44.39,normal,0,0,1
2026-01-01 23:58:00,899,congestion,client_1,server_1,router_1,2,client-router-server,1.23,0.13,68,86.33,100.0,100.0,116.87,10.01,1.23,5.77,5528,5210,318,4,19.68,normal,0,0,1
2026-01-01 23:59:00,900,congestion,client_3,server_1,router_1,2,client-router-server,0.94,0.11,64,40.33,100.0,100.0,100.72,8.37,0.94,5.7,5210,4914,296,197,27.8,normal,0,0,1
2026-01-02 00:00:00,901,congestion,client_1,server_1,router_1,2,client-router-server,1.1,0.12,61,58.72,100.0,99.42,102.65,6.48,1.1,2.26,4716,4610,106,86,9.34,normal,0,0,1
2026-01-02 00:01:00,902,congestion,client_3,server_1,router_1,2,client-router-server,0.92,0.09,60,29.69,100.0,77.47,96.29,7.48,0.92,5.44,3329,3148,181,65,31.18,normal,0,0,1
2026-01-02 00:02:00,903,congestion,client_2,server_1,router_1,2,client-router-server,1.18,0.12,63,70.36,100.0,82.79,124.97,9.82,1.18,5.85,3566,3358,208,19,28.7,normal,0,0,1
2026-01-02 00:03:00,904,congestion,client_2,server_1,router_1,2,client-router-server,0.89,0.1,55,21.2,98.2,78.68,129.56,13.99,0.89,2.42,4476,4368,108,14,9.07,normal,0,0,1
2026-01-02 00:04:00,905,congestion,client_1,server_1,router_1,2,client-router-server,0.84,0.08,60,60.35,100.0,75.15,78.27,12.29,0.84,2.02,2014,1974,40,28,47.28,normal,0,0,1
2026-01-02 00:05:00,906,congestion,client_1,server_1,router_1,2,client-router-server,0.77,0.12,55,66.5,100.0,100.0,105.71,9.44,0.77,2.04,4770,4673,97,12,41.83,normal,0,0,1
2026-01-02 00:06:00,907,congestion,client_1,server_1,router_1,2,client-router-server,0.83,0.09,63,60.76,100.0,100.0,125.02,10.31,0.83,2.59,3809,3711,98,4,42.89,normal,0,0,1
2026-01-02 00:07:00,908,congestion,client_1,server_1,router_1,2,client-router-server,1.12,0.11,56,38.7,100.0,55.02,99.9,7.46,1.12,4.07,2226,2136,90,35,57.95,normal,0,0,1
2026-01-02 00:08:00,909,congestion,client_1,server_1,router_1,2,client-router-server,1.08,0.12,62,39.1,100.0,100.0,92.19,8.98,1.08,5.33,2034,1926,108,8,46.35,normal,0,0,1
2026-01-02 00:09:00,910,congestion,client_1,server_1,router_1,2,client-router-server,0.98,0.09,65,35.23,100.0,100.0,100.08,10.74,0.98,2.27,5642,5514,128,48,53.98,normal,0,0,1
2026-01-02 00:10:00,911,congestion,client_2,server_1,router_1,2,client-router-server,0.91,0.11,60,47.35,100.0,93.27,103.35,12.21,0.91,4.78,2991,2849,142,40,54.25,normal,0,0,1
2026-01-02 00:11:00,912,congestion,client_2,server_1,router_1,2,client-router-server,1.23,0.12,61,84.41,100.0,68.26,74.54,5.95,1.23,5.39,3868,3660,208,53,55.45,normal,0,0,1
2026-01-02 00:12:00,913,congestion,client_3,server_1,router_1,2,client-router-server,1.18,0.11,64,72.21,100.0,65.37,129.76,4.68,1.18,1.53,4973,4897,76,29,46.09,normal,0,0,1
2026-01-02 00:13:00,914,congestion,client_1,server_1,router_1,2,client-router-server,0.78,0.07,55,53.06,100.0,100.0,98.63,12.69,0.78,1.52,4962,4887,75,4,15.17,normal,0,0,1
2026-01-02 00:14:00,915,congestion,client_2,server_1,router_1,2,client-router-server,0.91,0.09,68,39.45,100.0,55.61,80.21,11.55,0.91,2.42,4656,4544,112,97,38.37,normal,0,0,1
2026-01-02 00:15:00,916,congestion,client_3,server_1,router_1,2,client-router-server,0.97,0.11,59,92.75,100.0,56.1,65.14,10.75,0.97,2.39,4485,4378,107,2,42.44,normal,0,0,1
2026-01-02 00:16:00,917,congestion,client_3,server_1,router_1,2,client-router-server,1.11,0.13,66,75.97,100.0,100.0,96.74,11.2,1.11,2.95,2814,2731,83,82,39.13,normal,0,0,1
2026-01-02 00:17:00,918,congestion,client_1,server_1,router_1,2,client-router-server,1.16,0.12,60,39.94,100.0,98.38,70.19,8.5,1.16,2.14,3069,3004,65,6,52.3,normal,0,0,1
2026-01-02 00:18:00,919,congestion,client_2,server_1,router_1,2,client-router-server,0.76,0.11,68,90.08,100.0,100.0,98.34,5.57,0.76,3.22,5542,5364,178,108,27.39,normal,0,0,1
2026-01-02 00:19:00,920,congestion,client_1,server_1,router_1,2,client-router-server,1.14,0.08,58,34.68,100.0,87.19,99.43,6.05,1.14,3.5,5422,5233,189,61,58.73,normal,0,0,1
2026-01-02 00:20:00,921,congestion,client_3,server_1,router_1,2,client-router-server,1.01,0.11,65,26.93,100.0,60.66,92.07,8.86,1.01,4.42,5137,4910,227,203,42.81,normal,0,0,1
2026-01-02 00:21:00,922,congestion,client_2,server_1,router_1,2,client-router-server,0.85,0.14,56,85.61,100.0,69.02,83.87,10.57,0.85,4.53,2512,2399,113,41,56.95,normal,0,0,1
2026-01-02 00:22:00,923,congestion,client_3,server_1,router_1,2,client-router-server,1.18,0.1,63,24.21,67.43,69.48,90.68,8.3,1.18,1.27,5483,5414,69,68,58.42,normal,0,0,1
2026-01-02 00:23:00,924,congestion,client_1,server_1,router_1,2,client-router-server,0.79,0.07,61,22.08,100.0,74.76,79.78,8.35,0.79,5.95,3682,3463,219,34,22.78,normal,0,0,1
2026-01-02 00:24:00,925,congestion,client_1,server_1,router_1,2,client-router-server,0.79,0.09,68,84.71,100.0,100.0,110.09,10.49,0.79,2.39,4317,4214,103,49,48.87,normal,0,0,1
2026-01-02 00:25:00,926,congestion,client_1,server_1,router_1,2,client-router-server,0.78,0.11,62,36.36,100.0,64.67,65.87,9.94,0.78,3.01,4885,4738,147,51,5.4,normal,0,0,1
2026-01-02 00:26:00,927,congestion,client_2,server_1,router_1,2,client-router-server,1.16,0.09,65,40.82,100.0,66.7,100.64,10.06,1.16,3.58,3670,3539,131,30,22.53,normal,0,0,1
2026-01-02 00:27:00,928,congestion,client_3,server_1,router_1,2,client-router-server,0.89,0.13,57,93.25,100.0,100.0,113.2,6.64,0.89,4.3,4354,4167,187,162,57.09,normal,0,0,1
2026-01-02 00:28:00,929,congestion,client_1,server_1,router_1,2,client-router-server,0.96,0.1,57,28.79,100.0,100.0,114.4,13.33,0.96,4.76,2919,2781,138,78,44.75,normal,0,0,1
2026-01-02 00:29:00,930,congestion,client_2,server_1,router_1,2,client-router-server,0.8,0.11,57,75.54,100.0,100.0,132.97,6.69,0.8,3.85,3332,3204,128,97,10.79,normal,0,0,1
2026-01-02 00:30:00,931,congestion,client_2,server_1,router_1,2,client-router-server,1.07,0.09,68,43.33,100.0,92.51,70.84,4.27,1.07,4.2,1680,1610,70,28,38.48,normal,0,0,1
2026-01-02 00:31:00,932,congestion,client_1,server_1,router_1,2,client-router-server,1.21,0.1,65,86.98,100.0,65.18,82.69,11.67,1.21,1.59,1849,1820,29,12,20.99,normal,0,0,1
2026-01-02 00:32:00,933,congestion,client_3,server_1,router_1,2,client-router-server,1.03,0.11,66,94.07,100.0,100.0,106.35,11.9,1.03,3.6,1635,1577,58,51,57.21,normal,0,0,1
2026-01-02 00:33:00,934,congestion,client_2,server_1,router_1,2,client-router-server,0.85,0.09,67,31.66,100.0,100.0,112.53,6.79,0.85,4.72,3200,3049,151,57,32.95,normal,0,0,1
2026-01-02 00:34:00,935,congestion,client_3,server_1,router_1,2,client-router-server,1.14,0.13,57,52.66,100.0,66.15,107.05,10.88,1.14,2.42,5615,5480,135,99,50.13,normal,0,0,1
2026-01-02 00:35:00,936,congestion,client_2,server_1,router_1,2,client-router-server,1.1,0.1,58,87.05,100.0,64.5,118.46,11.9,1.1,2.25,3144,3074,70,67,52.24,normal,0,0,1
2026-01-02 00:36:00,937,congestion,client_2,server_1,router_1,2,client-router-server,0.77,0.11,61,88.0,100.0,100.0,122.67,15.21,0.77,3.1,5695,5519,176,42,40.02,normal,0,0,1
2026-01-02 00:37:00,938,congestion,client_2,server_1,router_1,2,client-router-server,0.78,0.1,59,63.21,100.0,70.79,129.95,9.7,0.78,3.66,5352,5157,195,139,49.32,normal,0,0,1
2026-01-02 00:38:00,939,congestion,client_1,server_1,router_1,2,client-router-server,1.06,0.14,68,24.24,100.0,100.0,136.53,15.11,1.06,4.94,1317,1252,65,58,40.91,normal,0,0,1
2026-01-02 00:39:00,940,congestion,client_1,server_1,router_1,2,client-router-server,1.23,0.07,66,66.08,100.0,100.0,80.65,11.73,1.23,1.71,4297,4224,73,37,26.29,normal,0,0,1
2026-01-02 00:40:00,941,congestion,client_1,server_1,router_1,2,client-router-server,0.85,0.12,63,87.53,100.0,83.92,95.52,10.15,0.85,4.9,3001,2854,147,55,46.3,normal,0,0,1
2026-01-02 00:41:00,942,congestion,client_3,server_1,router_1,2,client-router-server,1.24,0.1,63,71.01,100.0,90.49,100.98,10.53,1.24,3.4,2715,2623,92,90,7.82,normal,0,0,1
2026-01-02 00:42:00,943,congestion,client_1,server_1,router_1,2,client-router-server,1.13,0.12,62,69.67,100.0,61.0,94.35,7.77,1.13,4.1,5383,5163,220,190,33.11,normal,0,0,1
2026-01-02 00:43:00,944,congestion,client_3,server_1,router_1,2,client-router-server,0.97,0.09,60,36.91,100.0,93.68,70.52,13.92,0.97,3.03,3969,3849,120,68,53.53,normal,0,0,1
2026-01-02 00:44:00,945,congestion,client_3,server_1,router_1,2,client-router-server,1.01,0.12,68,43.28,100.0,100.0,131.22,7.25,1.01,3.89,5249,5045,204,156,7.78,normal,0,0,1
2026-01-02 00:45:00,946,congestion,client_2,server_1,router_1,2,client-router-server,0.88,0.11,55,56.88,100.0,100.0,95.88,8.47,0.88,4.81,1831,1743,88,68,9.38,normal,0,0,1
2026-01-02 00:46:00,947,congestion,client_3,server_1,router_1,2,client-router-server,0.86,0.1,67,87.89,100.0,100.0,81.85,9.31,0.86,3.88,1288,1239,49,20,58.9,normal,0,0,1
2026-01-02 00:47:00,948,congestion,client_1,server_1,router_1,2,client-router-server,1.12,0.08,66,70.18,100.0,89.17,71.22,8.84,1.12,1.68,3210,3157,53,6,6.09,normal,0,0,1
2026-01-02 00:48:00,949,congestion,client_2,server_1,router_1,2,client-router-server,0.83,0.08,64,65.42,100.0,100.0,84.32,7.42,0.83,2.04,3122,3059,63,16,39.72,normal,0,0,1
2026-01-02 00:49:00,950,congestion,client_3,server_1,router_1,2,client-router-server,1.07,0.1,59,92.02,100.0,98.36,91.14,4.82,1.07,2.43,3950,3855,95,20,57.95,normal,0,0,1
2026-01-02 00:50:00,951,congestion,client_3,server_1,router_1,2,client-router-server,0.88,0.13,67,65.87,100.0,64.15,128.09,7.02,0.88,5.6,5250,4957,293,189,16.31,normal,0,0,1
2026-01-02 00:51:00,952,congestion,client_1,server_1,router_1,2,client-router-server,1.23,0.1,67,79.14,100.0,61.05,130.63,10.16,1.23,5.61,4608,4350,258,248,7.32,normal,0,0,1
2026-01-02 00:52:00,953,congestion,client_2,server_1,router_1,2,client-router-server,1.06,0.09,62,94.8,100.0,57.61,80.31,9.83,1.06,4.54,1524,1455,69,3,34.56,normal,0,0,1
2026-01-02 00:53:00,954,congestion,client_3,server_1,router_1,2,client-router-server,0.92,0.08,68,25.31,100.0,63.07,125.79,13.81,0.92,5.41,1735,1642,93,81,10.41,normal,0,0,1
2026-01-02 00:54:00,955,congestion,client_1,server_1,router_1,2,client-router-server,1.13,0.09,60,45.13,100.0,74.11,100.09,5.42,1.13,3.06,4743,4598,145,73,31.35,normal,0,0,1
2026-01-02 00:55:00,956,congestion,client_3,server_1,router_1,2,client-router-server,1.0,0.08,62,59.67,100.0,55.46,117.85,10.01,1.0,5.48,4762,4502,260,228,17.92,normal,0,0,1
2026-01-02 00:56:00,957,congestion,client_1,server_1,router_1,2,client-router-server,0.97,0.14,64,53.01,100.0,67.45,129.76,12.97,0.97,2.4,5080,4959,121,34,54.88,normal,0,0,1
2026-01-02 00:57:00,958,congestion,client_3,server_1,router_1,2,client-router-server,0.88,0.12,62,85.52,100.0,65.21,103.55,12.03,0.88,1.88,5311,5212,99,98,14.31,normal,0,0,1
2026-01-02 00:58:00,959,congestion,client_2,server_1,router_1,2,client-router-server,0.87,0.08,65,65.25,100.0,75.96,83.49,9.68,0.87,5.01,3497,3322,175,175,49.26,normal,0,0,1
2026-01-02 00:59:00,960,congestion,client_1,server_1,router_1,2,client-router-server,0.8,0.1,62,43.1,100.0,96.23,117.15,9.81,0.8,3.11,3029,2935,94,9,52.37,normal,0,0,1
2026-01-02 01:00:00,961,congestion,client_3,server_1,router_1,2,client-router-server,1.16,0.1,56,64.68,100.0,67.66,123.93,11.95,1.16,3.96,3081,2959,122,119,15.8,normal,0,0,1
2026-01-02 01:01:00,962,congestion,client_2,server_1,router_1,2,client-router-server,1.11,0.09,57,84.64,100.0,89.66,116.72,12.85,1.11,2.68,3908,3804,104,94,57.97,normal,0,0,1
2026-01-02 01:02:00,963,congestion,client_1,server_1,router_1,2,client-router-server,0.9,0.07,55,57.52,100.0,100.0,109.25,9.43,0.9,4.08,3735,3583,152,27,54.62,normal,0,0,1
2026-01-02 01:03:00,964,congestion,client_2,server_1,router_1,2,client-router-server,0.99,0.08,62,29.23,89.1,66.92,120.29,7.51,0.99,1.97,3191,3129,62,5,56.88,normal,0,0,1
2026-01-02 01:04:00,965,congestion,client_2,server_1,router_1,2,client-router-server,1.05,0.14,65,23.09,100.0,57.14,106.07,6.5,1.05,2.94,3201,3107,94,15,33.58,normal,0,0,1
2026-01-02 01:05:00,966,congestion,client_1,server_1,router_1,2,client-router-server,0.95,0.14,63,85.71,100.0,98.43,102.83,12.03,0.95,4.03,1835,1762,73,57,36.63,normal,0,0,1
2026-01-02 01:06:00,967,congestion,client_3,server_1,router_1,2,client-router-server,1.25,0.1,60,89.59,100.0,97.63,126.65,7.87,1.25,5.75,3694,3482,212,115,9.99,normal,0,0,1
2026-01-02 01:07:00,968,congestion,client_3,server_1,router_1,2,client-router-server,1.09,0.07,62,91.23,100.0,81.75,103.8,9.52,1.09,2.54,5415,5278,137,20,38.76,normal,0,0,1
2026-01-02 01:08:00,969,congestion,client_1,server_1,router_1,2,client-router-server,1.16,0.12,63,32.67,100.0,99.17,86.05,13.55,1.16,3.76,5278,5080,198,127,5.82,normal,0,0,1
2026-01-02 01:09:00,970,congestion,client_1,server_1,router_1,2,client-router-server,0.88,0.12,56,30.55,100.0,78.87,121.76,10.35,0.88,4.81,4115,3918,197,97,39.09,normal,0,0,1
2026-01-02 01:10:00,971,congestion,client_2,server_1,router_1,2,client-router-server,1.11,0.11,64,43.4,100.0,56.22,102.11,12.99,1.11,4.59,2061,1967,94,18,58.7,normal,0,0,1
2026-01-02 01:11:00,972,congestion,client_2,server_1,router_1,2,client-router-server,1.21,0.08,58,75.51,100.0,56.8,124.41,10.96,1.21,5.16,4200,3984,216,11,55.18,normal,0,0,1
2026-01-02 01:12:00,973,congestion,client_3,server_1,router_1,2,client-router-server,1.11,0.1,64,29.53,100.0,100.0,79.06,14.27,1.11,5.63,4120,3889,231,95,27.3,normal,0,0,1
2026-01-02 01:13:00,974,congestion,client_3,server_1,router_1,2,client-router-server,0.76,0.12,65,71.26,100.0,50.57,86.79,7.98,0.76,2.98,5915,5739,176,37,16.36,normal,0,0,1
2026-01-02 01:14:00,975,congestion,client_1,server_1,router_1,2,client-router-server,0.9,0.11,66,77.32,100.0,83.82,93.02,9.47,0.9,5.0,5715,5430,285,275,35.45,normal,0,0,1
2026-01-02 01:15:00,976,congestion,client_1,server_1,router_1,2,client-router-server,1.07,0.08,65,86.17,100.0,69.48,90.03,9.23,1.07,4.17,1843,1767,76,26,51.72,normal,0,0,1
2026-01-02 01:16:00,977,congestion,client_1,server_1,router_1,2,client-router-server,0.85,0.07,57,41.38,100.0,90.84,69.89,5.35,0.85,1.99,5285,5180,105,85,5.48,normal,0,0,1
2026-01-02 01:17:00,978,congestion,client_2,server_1,router_1,2,client-router-server,1.12,0.09,63,64.45,100.0,86.15,122.37,6.3,1.12,5.29,4352,4122,230,107,24.34,normal,0,0,1
2026-01-02 01:18:00,979,congestion,client_2,server_1,router_1,2,client-router-server,1.22,0.08,68,91.0,100.0,99.16,82.28,6.67,1.22,1.67,2648,2604,44,44,9.51,normal,0,0,1
2026-01-02 01:19:00,980,congestion,client_2,server_1,router_1,2,client-router-server,0.98,0.09,56,81.7,100.0,77.3,122.1,8.52,0.98,2.36,4106,4010,96,7,36.05,normal,0,0,1
2026-01-02 01:20:00,981,congestion,client_2,server_1,router_1,2,client-router-server,1.15,0.11,64,56.88,100.0,67.88,123.25,8.81,1.15,2.18,4675,4574,101,67,57.18,normal,0,0,1
2026-01-02 01:21:00,982,congestion,client_2,server_1,router_1,2,client-router-server,0.82,0.11,56,67.99,100.0,92.88,130.73,12.99,0.82,5.8,2153,2029,124,69,8.67,normal,0,0,1
2026-01-02 01:22:00,983,congestion,client_1,server_1,router_1,2,client-router-server,0.83,0.13,62,67.43,100.0,74.44,122.5,8.53,0.83,3.98,4476,4298,178,58,20.37,normal,0,0,1
2026-01-02 01:23:00,984,congestion,client_2,server_1,router_1,2,client-router-server,0.87,0.14,65,28.56,100.0,97.27,100.59,9.2,0.87,1.52,2886,2843,43,23,48.6,normal,0,0,1
2026-01-02 01:24:00,985,congestion,client_3,server_1,router_1,2,client-router-server,0.98,0.13,59,91.96,100.0,87.71,71.88,4.87,0.98,3.34,5571,5385,186,1,20.62,normal,0,0,1
2026-01-02 01:25:00,986,congestion,client_2,server_1,router_1,2,client-router-server,1.24,0.12,68,86.99,100.0,62.54,111.18,7.58,1.24,1.81,3943,3872,71,58,5.82,normal,0,0,1
2026-01-02 01:26:00,987,congestion,client_3,server_1,router_1,2,client-router-server,0.98,0.12,56,66.3,100.0,100.0,94.27,5.14,0.98,4.51,5280,5042,238,141,43.77,normal,0,0,1
2026-01-02 01:27:00,988,congestion,client_3,server_1,router_1,2,client-router-server,0.76,0.13,55,38.95,100.0,100.0,117.09,12.4,0.76,5.13,2816,2672,144,38,40.91,normal,0,0,1
2026-01-02 01:28:00,989,congestion,client_2,server_1,router_1,2,client-router-server,0.79,0.14,68,69.62,100.0,100.0,98.81,13.44,0.79,3.7,5665,5456,209,110,54.78,normal,0,0,1
2026-01-02 01:29:00,990,congestion,client_1,server_1,router_1,2,client-router-server,0.85,0.14,65,35.43,100.0,100.0,120.39,13.61,0.85,5.68,1431,1350,81,24,38.27,normal,0,0,1
2026-01-02 01:30:00,991,congestion,client_1,server_1,router_1,2,client-router-server,1.1,0.11,57,55.06,100.0,54.63,111.35,9.1,1.1,2.98,1524,1479,45,27,58.13,normal,0,0,1
2026-01-02 01:31:00,992,congestion,client_2,server_1,router_1,2,client-router-server,1.02,0.13,65,46.69,100.0,81.41,96.63,9.34,1.02,1.83,1426,1400,26,3,48.48,normal,0,0,1
2026-01-02 01:32:00,993,congestion,client_3,server_1,router_1,2,client-router-server,0.92,0.07,59,54.63,100.0,77.76,69.96,12.98,0.92,3.88,4349,4181,168,61,46.62,normal,0,0,1
2026-01-02 01:33:00,994,congestion,client_1,server_1,router_1,2,client-router-server,1.02,0.12,64,73.95,100.0,99.54,73.41,6.44,1.02,4.75,5931,5650,281,254,24.25,normal,0,0,1
2026-01-02 01:34:00,995,congestion,client_1,server_1,router_1,2,client-router-server,0.94,0.13,61,28.76,100.0,85.1,123.94,6.08,0.94,5.94,5223,4913,310,46,48.95,normal,0,0,1
2026-01-02 01:35:00,996,congestion,client_3,server_1,router_1,2,client-router-server,1.02,0.11,56,42.15,100.0,100.0,122.68,9.89,1.02,3.51,4467,4311,156,152,6.97,normal,0,0,1
2026-01-02 01:36:00,997,congestion,client_1,server_1,router_1,2,client-router-server,1.11,0.12,58,62.76,100.0,98.08,114.02,11.2,1.11,2.45,4732,4617,115,8,30.59,normal,0,0,1
2026-01-02 01:37:00,998,congestion,client_2,server_1,router_1,2,client-router-server,1.04,0.08,62,45.64,100.0,63.99,76.5,5.64,1.04,3.97,5172,4967,205,12,40.31,normal,0,0,1
2026-01-02 01:38:00,999,congestion,client_3,server_1,router_1,2,client-router-server,0.96,0.13,63,30.54,100.0,100.0,107.46,11.77,0.96,4.43,4644,4439,205,158,56.91,normal,0,0,1
2026-01-02 01:39:00,1000,congestion,client_2,server_1,router_1,2,client-router-server,0.77,0.11,56,81.51,100.0,66.33,81.8,15.17,0.77,1.78,2912,2861,51,4,57.19,normal,0,0,1
2026-01-02 01:40:00,1001,congestion,client_3,server_1,router_1,2,client-router-server,1.02,0.08,62,109.35,100.0,73.7,79.27,12.19,1.02,4.67,1531,1460,71,50,59.41,link_degradation,0,1,1
2026-01-02 01:41:00,1002,congestion,client_2,server_1,router_1,2,client-router-server,0.94,0.12,59,58.29,100.0,100.0,104.2,9.52,0.94,3.61,5673,5469,204,14,16.69,link_degradation,0,1,1
2026-01-02 01:42:00,1003,congestion,client_3,server_1,router_1,2,client-router-server,0.91,0.08,63,55.13,100.0,50.67,114.07,11.3,0.91,4.62,2696,2572,124,86,24.43,link_degradation,0,1,1
2026-01-02 01:43:00,1004,congestion,client_3,server_1,router_1,2,client-router-server,1.19,0.09,64,46.47,100.0,90.41,85.38,11.87,1.19,2.92,4448,4319,129,44,27.38,link_degradation,0,1,1
2026-01-02 01:44:00,1005,congestion,client_1,server_1,router_1,2,client-router-server,1.17,0.1,62,109.82,100.0,100.0,101.91,11.82,1.17,2.54,2597,2532,65,61,12.71,link_degradation,0,1,1
2026-01-02 01:45:00,1006,congestion,client_3,server_1,router_1,2,client-router-server,0.83,0.1,56,71.44,100.0,97.13,121.4,10.23,0.83,4.02,5962,5723,239,79,30.73,link_degradation,0,1,1
2026-01-02 01:46:00,1007,congestion,client_3,server_1,router_1,2,client-router-server,0.98,0.11,58,108.29,100.0,69.81,83.87,7.45,0.98,2.11,2037,1995,42,33,7.24,link_degradation,0,1,1
2026-01-02 01:47:00,1008,congestion,client_1,server_1,router_1,2,client-router-server,0.75,0.11,64,80.71,100.0,66.46,89.0,6.59,0.75,3.99,1806,1734,72,18,19.34,link_degradation,0,1,1
2026-01-02 01:48:00,1009,congestion,client_2,server_1,router_1,2,client-router-server,1.21,0.13,62,78.6,100.0,75.07,87.15,13.94,1.21,5.2,2094,1986,108,66,20.38,link_degradation,0,1,1
2026-01-02 01:49:00,1010,congestion,client_2,server_1,router_1,2,client-router-server,0.83,0.08,59,49.79,100.0,100.0,81.13,6.95,0.83,4.02,3038,2916,122,100,45.26,link_degradation,0,1,1
2026-01-02 01:50:00,1011,congestion,client_3,server_1,router_1,2,client-router-server,1.0,0.11,60,54.7,100.0,100.0,99.74,8.92,1.0,4.04,5360,5144,216,210,41.71,link_degradation,0,1,1
2026-01-02 01:51:00,1012,congestion,client_3,server_1,router_1,2,client-router-server,0.79,0.13,65,117.93,100.0,81.97,113.46,10.22,0.79,3.27,2416,2337,79,36,20.49,link_degradation,0,1,1
2026-01-02 01:52:00,1013,congestion,client_1,server_1,router_1,2,client-router-server,0.84,0.11,56,114.07,100.0,100.0,88.98,12.26,0.84,5.52,1861,1759,102,62,49.0,link_degradation,0,1,1
2026-01-02 01:53:00,1014,congestion,client_2,server_1,router_1,2,client-router-server,0.93,0.09,63,56.33,100.0,75.63,104.17,11.65,0.93,5.64,1424,1344,80,60,18.83,link_degradation,0,1,1
2026-01-02 01:54:00,1015,congestion,client_1,server_1,router_1,2,client-router-server,0.93,0.08,64,75.71,100.0,61.13,100.13,9.97,0.93,3.7,1171,1128,43,34,10.02,link_degradation,0,1,1
2026-01-02 01:55:00,1016,congestion,client_2,server_1,router_1,2,client-router-server,1.0,0.08,65,60.07,100.0,100.0,82.08,8.09,1.0,2.53,1842,1796,46,44,9.66,link_degradation,0,1,1
2026-01-02 01:56:00,1017,congestion,client_1,server_1,router_1,2,client-router-server,1.21,0.07,56,50.11,100.0,83.17,97.57,14.3,1.21,3.73,2444,2353,91,80,40.68,link_degradation,0,1,1
2026-01-02 01:57:00,1018,congestion,client_1,server_1,router_1,2,client-router-server,0.81,0.08,60,52.2,100.0,92.54,138.17,8.97,0.81,2.99,2687,2607,80,59,20.37,link_degradation,0,1,1
2026-01-02 01:58:00,1019,congestion,client_2,server_1,router_1,2,client-router-server,0.76,0.13,65,101.9,100.0,100.0,71.49,9.54,0.76,3.02,3767,3654,113,93,56.84,link_degradation,0,1,1
2026-01-02 01:59:00,1020,congestion,client_1,server_1,router_1,2,client-router-server,0.93,0.13,68,109.63,100.0,100.0,118.68,6.56,0.93,3.46,1304,1259,45,37,49.79,link_degradation,0,1,1
2026-01-02 02:00:00,1021,congestion,client_2,server_1,router_1,2,client-router-server,1.04,0.1,59,103.97,100.0,100.0,107.57,12.21,1.04,1.79,2150,2112,38,37,9.25,link_degradation,0,1,1
2026-01-02 02:01:00,1022,congestion,client_2,server_1,router_1,2,client-router-server,0.81,0.08,68,40.16,100.0,100.0,101.64,8.83,0.81,4.45,2910,2781,129,1,36.24,link_degradation,0,1,1
2026-01-02 02:02:00,1023,congestion,client_1,server_1,router_1,2,client-router-server,0.79,0.08,62,36.32,100.0,79.12,80.43,7.79,0.79,3.52,5687,5487,200,11,17.15,link_degradation,0,1,1
2026-01-02 02:03:00,1024,congestion,client_3,server_1,router_1,2,client-router-server,0.99,0.14,65,74.05,100.0,85.84,94.41,9.96,0.99,2.02,5294,5188,106,8,25.06,link_degradation,0,1,1
2026-01-02 02:04:00,1025,congestion,client_1,server_1,router_1,2,client-router-server,1.1,0.08,57,29.1,100.0,100.0,117.19,12.21,1.1,5.43,1198,1133,65,55,13.26,link_degradation,0,1,1
2026-01-02 02:05:00,1026,congestion,client_3,server_1,router_1,2,client-router-server,0.96,0.11,68,74.9,100.0,52.53,100.46,10.09,0.96,3.0,5426,5264,162,128,50.28,link_degradation,0,1,1
2026-01-02 02:06:00,1027,congestion,client_1,server_1,router_1,2,client-router-server,0.75,0.13,56,121.08,100.0,54.33,106.47,11.35,0.75,3.45,1453,1403,50,35,25.14,link_degradation,0,1,1
2026-01-02 02:07:00,1028,congestion,client_2,server_1,router_1,2,client-router-server,1.01,0.13,60,119.33,100.0,56.12,64.82,4.17,1.01,5.88,3584,3374,210,140,24.81,link_degradation,0,1,1
2026-01-02 02:08:00,1029,congestion,client_2,server_1,router_1,2,client-router-server,0.99,0.11,68,86.04,100.0,100.0,106.72,4.94,0.99,5.65,3348,3159,189,89,38.47,link_degradation,0,1,1
2026-01-02 02:09:00,1030,congestion,client_1,server_1,router_1,2,client-router-server,1.08,0.11,62,52.57,100.0,62.01,69.7,11.44,1.08,2.93,4656,4520,136,106,5.32,link_degradation,0,1,1
2026-01-02 02:10:00,1031,congestion,client_3,server_1,router_1,2,client-router-server,1.18,0.12,64,37.25,95.76,88.37,84.42,10.07,1.18,3.47,4027,3888,139,136,47.17,link_degradation,0,1,1
2026-01-02 02:11:00,1032,congestion,client_2,server_1,router_1,2,client-router-server,1.22,0.13,59,107.92,100.0,100.0,127.66,8.48,1.22,5.79,5008,4719,289,58,39.43,link_degradation,0,1,1
2026-01-02 02:12:00,1033,congestion,client_3,server_1,router_1,2,client-router-server,0.84,0.07,63,75.87,100.0,57.9,92.16,12.78,0.84,3.17,1497,1450,47,21,52.87,link_degradation,0,1,1
2026-01-02 02:13:00,1034,congestion,client_2,server_1,router_1,2,client-router-server,1.04,0.11,63,35.25,100.0,60.89,88.04,7.39,1.04,3.8,1947,1874,73,46,34.68,link_degradation,0,1,1
2026-01-02 02:14:00,1035,congestion,client_3,server_1,router_1,2,client-router-server,1.2,0.1,55,101.35,100.0,67.98,114.4,8.37,1.2,1.71,2395,2355,40,37,15.87,link_degradation,0,1,1
2026-01-02 02:15:00,1036,congestion,client_1,server_1,router_1,2,client-router-server,1.23,0.13,60,80.58,100.0,51.23,114.31,5.91,1.23,3.48,2429,2345,84,49,6.85,link_degradation,0,1,1
2026-01-02 02:16:00,1037,congestion,client_1,server_1,router_1,2,client-router-server,0.84,0.07,63,43.21,100.0,88.95,95.96,13.32,0.84,3.32,5345,5168,177,108,46.23,link_degradation,0,1,1
2026-01-02 02:17:00,1038,congestion,client_3,server_1,router_1,2,client-router-server,1.13,0.09,65,63.03,100.0,73.53,67.45,8.29,1.13,3.98,1750,1681,69,52,35.68,link_degradation,0,1,1
2026-01-02 02:18:00,1039,congestion,client_3,server_1,router_1,2,client-router-server,0.92,0.09,66,56.15,100.0,100.0,75.77,15.38,0.92,4.48,2650,2532,118,13,36.0,link_degradation,0,1,1
2026-01-02 02:19:00,1040,congestion,client_3,server_1,router_1,2,client-router-server,1.08,0.08,58,30.69,100.0,93.23,112.3,10.61,1.08,2.85,1997,1941,56,36,37.34,link_degradation,0,1,1
2026-01-02 02:20:00,1041,congestion,client_1,server_1,router_1,2,client-router-server,1.2,0.1,58,28.65,100.0,70.78,89.96,11.37,1.2,5.71,1867,1761,106,67,32.03,link_degradation,0,1,1
2026-01-02 02:21:00,1042,congestion,client_1,server_1,router_1,2,client-router-server,0.92,0.08,68,62.41,100.0,66.69,86.91,5.17,0.92,4.72,3400,3240,160,142,13.36,link_degradation,0,1,1
2026-01-02 02:22:00,1043,congestion,client_2,server_1,router_1,2,client-router-server,0.84,0.13,58,45.26,100.0,88.67,100.45,5.88,0.84,4.2,4623,4429,194,60,46.93,link_degradation,0,1,1
2026-01-02 02:23:00,1044,congestion,client_2,server_1,router_1,2,client-router-server,1.18,0.11,63,55.76,100.0,95.49,128.43,9.74,1.18,2.72,1904,1853,51,26,20.38,link_degradation,0,1,1
2026-01-02 02:24:00,1045,congestion,client_2,server_1,router_1,2,client-router-server,0.96,0.07,56,31.53,100.0,100.0,89.88,5.76,0.96,3.94,5374,5163,211,189,7.06,link_degradation,0,1,1
2026-01-02 02:25:00,1046,congestion,client_2,server_1,router_1,2,client-router-server,0.86,0.13,55,55.17,100.0,89.74,127.59,12.84,0.86,4.43,1049,1003,46,17,27.34,link_degradation,0,1,1
2026-01-02 02:26:00,1047,congestion,client_1,server_1,router_1,2,client-router-server,1.13,0.09,60,84.83,100.0,85.25,118.9,5.22,1.13,5.9,4361,4104,257,3,56.74,link_degradation,0,1,1
2026-01-02 02:27:00,1048,congestion,client_2,server_1,router_1,2,client-router-server,1.08,0.13,68,63.71,100.0,100.0,137.48,8.99,1.08,2.57,1931,1882,49,36,47.62,link_degradation,0,1,1
2026-01-02 02:28:00,1049,congestion,client_1,server_1,router_1,2,client-router-server,0.87,0.1,66,119.34,100.0,98.76,72.38,8.56,0.87,5.14,5283,5012,271,230,35.41,link_degradation,0,1,1
2026-01-02 02:29:00,1050,congestion,client_3,server_1,router_1,2,client-router-server,0.98,0.14,60,117.73,100.0,100.0,117.53,8.23,0.98,1.7,3826,3761,65,65,35.83,link_degradation,0,1,1
2026-01-02 02:30:00,1051,congestion,client_3,server_1,router_1,2,client-router-server,0.92,0.07,60,47.29,100.0,100.0,116.5,13.46,0.92,5.22,4215,3995,220,153,29.4,link_degradation,0,1,1
2026-01-02 02:31:00,1052,congestion,client_1,server_1,router_1,2,client-router-server,0.89,0.14,57,104.6,100.0,86.57,71.11,12.3,0.89,3.71,2066,1990,76,34,6.67,link_degradation,0,1,1
2026-01-02 02:32:00,1053,congestion,client_3,server_1,router_1,2,client-router-server,1.02,0.1,56,109.67,100.0,91.24,126.77,12.47,1.02,4.64,4196,4002,194,142,53.84,link_degradation,0,1,1
2026-01-02 02:33:00,1054,congestion,client_3,server_1,router_1,2,client-router-server,1.19,0.07,56,50.8,100.0,88.98,116.66,5.29,1.19,4.41,3672,3511,161,25,5.17,link_degradation,0,1,1
2026-01-02 02:34:00,1055,congestion,client_1,server_1,router_1,2,client-router-server,1.09,0.11,63,122.86,100.0,62.93,82.06,5.64,1.09,4.27,2108,2018,90,8,38.57,link_degradation,0,1,1
2026-01-02 02:35:00,1056,congestion,client_2,server_1,router_1,2,client-router-server,0.89,0.13,64,60.92,100.0,100.0,112.55,14.66,0.89,4.92,4640,4412,228,214,31.21,link_degradation,0,1,1
2026-01-02 02:36:00,1057,congestion,client_2,server_1,router_1,2,client-router-server,0.97,0.13,59,114.95,100.0,100.0,119.31,8.78,0.97,5.19,4033,3824,209,205,50.61,link_degradation,0,1,1
2026-01-02 02:37:00,1058,congestion,client_1,server_1,router_1,2,client-router-server,1.08,0.11,66,77.86,100.0,59.87,85.59,8.95,1.08,4.37,5496,5256,240,13,20.98,link_degradation,0,1,1
2026-01-02 02:38:00,1059,congestion,client_2,server_1,router_1,2,client-router-server,1.05,0.08,68,99.2,100.0,98.75,96.73,8.09,1.05,3.55,4704,4538,166,154,29.21,link_degradation,0,1,1
2026-01-02 02:39:00,1060,congestion,client_2,server_1,router_1,2,client-router-server,0.87,0.08,60,84.74,100.0,51.95,68.8,9.41,0.87,4.24,3090,2959,131,94,53.19,link_degradation,0,1,1
2026-01-02 02:40:00,1061,congestion,client_3,server_1,router_1,2,client-router-server,0.78,0.13,62,101.42,100.0,100.0,104.01,11.32,0.78,4.18,5546,5315,231,199,18.89,link_degradation,0,1,1
2026-01-02 02:41:00,1062,congestion,client_1,server_1,router_1,2,client-router-server,0.89,0.12,56,48.5,100.0,100.0,82.63,6.87,0.89,4.95,2765,2629,136,83,12.98,link_degradation,0,1,1
2026-01-02 02:42:00,1063,congestion,client_2,server_1,router_1,2,client-router-server,0.76,0.1,58,83.45,100.0,100.0,109.16,4.9,0.76,3.89,2469,2373,96,58,28.25,link_degradation,0,1,1
2026-01-02 02:43:00,1064,congestion,client_3,server_1,router_1,2,client-router-server,1.03,0.12,65,75.02,100.0,60.94,84.39,11.21,1.03,5.46,3442,3255,187,35,19.92,link_degradation,0,1,1
2026-01-02 02:44:00,1065,congestion,client_1,server_1,router_1,2,client-router-server,1.22,0.07,59,60.64,100.0,100.0,109.89,11.53,1.22,4.13,1062,1019,43,3,19.82,link_degradation,0,1,1
2026-01-02 02:45:00,1066,congestion,client_1,server_1,router_1,2,client-router-server,1.21,0.14,68,76.9,100.0,98.16,138.57,8.39,1.21,2.94,5195,5043,152,100,23.66,link_degradation,0,1,1
2026-01-02 02:46:00,1067,congestion,client_1,server_1,router_1,2,client-router-server,1.14,0.14,59,28.11,100.0,68.42,120.43,14.9,1.14,1.59,2504,2465,39,22,35.66,link_degradation,0,1,1
2026-01-02 02:47:00,1068,congestion,client_3,server_1,router_1,2,client-router-server,1.15,0.11,62,107.69,100.0,84.59,78.26,6.79,1.15,4.79,4020,3828,192,119,29.9,link_degradation,0,1,1
2026-01-02 02:48:00,1069,congestion,client_2,server_1,router_1,2,client-router-server,0.88,0.14,63,119.46,100.0,94.18,72.49,9.16,0.88,3.65,4668,4498,170,26,10.75,link_degradation,0,1,1
2026-01-02 02:49:00,1070,congestion,client_2,server_1,router_1,2,client-router-server,1.05,0.08,66,94.25,100.0,96.95,108.69,10.54,1.05,2.38,4678,4567,111,95,47.49,link_degradation,0,1,1
2026-01-02 02:50:00,1071,congestion,client_3,server_1,router_1,2,client-router-server,1.22,0.12,55,60.46,100.0,80.99,85.32,10.23,1.22,3.2,1843,1785,58,13,8.5,link_degradation,0,1,1
2026-01-02 02:51:00,1072,congestion,client_1,server_1,router_1,2,client-router-server,0.95,0.09,56,48.36,100.0,66.49,128.31,14.41,0.95,3.9,4597,4418,179,92,14.93,link_degradation,0,1,1
2026-01-02 02:52:00,1073,congestion,client_2,server_1,router_1,2,client-router-server,1.06,0.1,67,99.83,100.0,52.91,87.18,8.17,1.06,4.23,3487,3340,147,77,16.85,link_degradation,0,1,1
2026-01-02 02:53:00,1074,congestion,client_3,server_1,router_1,2,client-router-server,0.86,0.13,64,120.43,100.0,100.0,125.45,9.35,0.86,4.57,1634,1560,74,34,40.78,link_degradation,0,1,1
2026-01-02 02:54:00,1075,congestion,client_2,server_1,router_1,2,client-router-server,0.92,0.13,67,31.19,100.0,57.24,113.21,7.73,0.92,2.65,4348,4233,115,48,9.05,link_degradation,0,1,1
2026-01-02 02:55:00,1076,congestion,client_1,server_1,router_1,2,client-router-server,1.13,0.12,60,93.4,100.0,88.6,92.79,13.38,1.13,2.94,5866,5694,172,116,50.43,link_degradation,0,1,1
2026-01-02 02:56:00,1077,congestion,client_3,server_1,router_1,2,client-router-server,0.75,0.11,64,79.14,100.0,55.39,66.22,5.73,0.75,1.63,3748,3687,61,59,35.74,link_degradation,0,1,1
2026-01-02 02:57:00,1078,congestion,client_3,server_1,router_1,2,client-router-server,0.76,0.09,68,30.26,100.0,97.91,105.0,11.7,0.76,4.14,1350,1295,55,35,59.77,link_degradation,0,1,1
2026-01-02 02:58:00,1079,congestion,client_2,server_1,router_1,2,client-router-server,1.17,0.08,58,52.8,100.0,100.0,108.56,6.86,1.17,4.89,2884,2743,141,96,54.98,link_degradation,0,1,1
2026-01-02 02:59:00,1080,congestion,client_1,server_1,router_1,2,client-router-server,0.89,0.12,57,41.02,100.0,100.0,103.11,13.26,0.89,4.63,1597,1524,73,7,46.81,link_degradation,0,1,1
2026-01-02 03:00:00,1081,congestion,client_3,server_1,router_1,2,client-router-server,0.87,0.08,56,94.66,100.0,72.13,75.09,8.5,0.87,2.47,3037,2962,75,28,39.2,link_degradation,0,1,1
2026-01-02 03:01:00,1082,congestion,client_2,server_1,router_1,2,client-router-server,0.88,0.14,61,40.05,100.0,100.0,123.0,6.64,0.88,5.14,1816,1723,93,36,43.01,link_degradation,0,1,1
2026-01-02 03:02:00,1083,congestion,client_1,server_1,router_1,2,client-router-server,1.18,0.13,63,45.55,100.0,100.0,101.2,9.95,1.18,3.83,5869,5645,224,174,36.9,link_degradation,0,1,1
2026-01-02 03:03:00,1084,congestion,client_1,server_1,router_1,2,client-router-server,1.23,0.12,60,39.33,100.0,89.3,88.52,11.46,1.23,4.98,1302,1238,64,18,29.46,link_degradation,0,1,1
2026-01-02 03:04:00,1085,congestion,client_3,server_1,router_1,2,client-router-server,1.02,0.08,64,78.27,100.0,88.16,137.29,5.53,1.02,1.72,3500,3440,60,50,51.69,link_degradation,0,1,1
2026-01-02 03:05:00,1086,congestion,client_3,server_1,router_1,2,client-router-server,0.85,0.12,64,68.51,100.0,95.77,132.89,12.21,0.85,1.72,5441,5348,93,57,12.11,link_degradation,0,1,1
2026-01-02 03:06:00,1087,congestion,client_2,server_1,router_1,2,client-router-server,1.15,0.1,68,70.35,100.0,62.45,114.37,8.33,1.15,1.83,5575,5473,102,48,46.54,link_degradation,0,1,1
2026-01-02 03:07:00,1088,congestion,client_1,server_1,router_1,2,client-router-server,0.95,0.12,68,112.35,100.0,100.0,79.65,10.89,0.95,2.97,3020,2931,89,79,27.14,link_degradation,0,1,1
2026-01-02 03:08:00,1089,congestion,client_3,server_1,router_1,2,client-router-server,1.03,0.11,64,93.84,100.0,77.09,105.23,5.56,1.03,2.32,1754,1714,40,20,46.89,link_degradation,0,1,1
2026-01-02 03:09:00,1090,congestion,client_2,server_1,router_1,2,client-router-server,1.09,0.12,68,52.34,100.0,96.3,124.43,11.51,1.09,5.32,4172,3951,221,146,41.55,link_degradation,0,1,1
2026-01-02 03:10:00,1091,congestion,client_2,server_1,router_1,2,client-router-server,1.03,0.12,65,67.54,100.0,100.0,111.59,10.15,1.03,1.74,3614,3552,62,3,41.55,link_degradation,0,1,1
2026-01-02 03:11:00,1092,congestion,client_1,server_1,router_1,2,client-router-server,1.17,0.09,68,45.62,100.0,97.72,99.48,11.25,1.17,4.39,5664,5416,248,87,57.42,link_degradation,0,1,1
2026-01-02 03:12:00,1093,congestion,client_2,server_1,router_1,2,client-router-server,0.82,0.1,67,99.55,100.0,61.12,69.24,14.31,0.82,2.96,1374,1334,40,20,12.67,link_degradation,0,1,1
2026-01-02 03:13:00,1094,congestion,client_2,server_1,router_1,2,client-router-server,1.15,0.14,64,70.92,100.0,84.79,98.84,13.66,1.15,2.05,2277,2231,46,16,48.44,link_degradation,0,1,1
2026-01-02 03:14:00,1095,congestion,client_3,server_1,router_1,2,client-router-server,0.91,0.12,60,112.49,100.0,98.39,128.68,7.79,0.91,2.92,1205,1170,35,11,18.84,link_degradation,0,1,1
2026-01-02 03:15:00,1096,congestion,client_3,server_1,router_1,2,client-router-server,0.94,0.1,64,101.22,100.0,91.5,95.52,11.29,0.94,4.2,2731,2617,114,48,13.47,link_degradation,0,1,1
2026-01-02 03:16:00,1097,congestion,client_2,server_1,router_1,2,client-router-server,1.04,0.08,60,53.44,100.0,53.8,115.86,4.05,1.04,5.79,2028,1911,117,86,10.77,link_degradation,0,1,1
2026-01-02 03:17:00,1098,congestion,client_2,server_1,router_1,2,client-router-server,1.16,0.08,61,52.65,100.0,80.37,93.8,7.08,1.16,4.61,4937,4710,227,202,40.78,link_degradation,0,1,1
2026-01-02 03:18:00,1099,congestion,client_2,server_1,router_1,2,client-router-server,1.12,0.07,65,107.06,100.0,66.98,108.98,8.94,1.12,3.63,2234,2153,81,66,53.21,link_degradation,0,1,1
2026-01-02 03:19:00,1100,congestion,client_2,server_1,router_1,2,client-router-server,1.01,0.13,61,71.68,100.0,89.39,114.36,3.5,1.01,2.72,1535,1494,41,30,53.59,link_degradation,0,1,1
2026-01-02 03:20:00,1101,congestion,client_1,server_1,router_1,2,client-router-server,1.09,0.14,55,80.57,100.0,82.48,100.93,3.95,1.09,2.92,2086,2026,60,39,36.68,link_degradation,0,1,1
2026-01-02 03:21:00,1102,congestion,client_1,server_1,router_1,2,client-router-server,1.05,0.11,56,46.82,100.0,94.83,79.19,7.18,1.05,1.73,4956,4871,85,31,45.48,normal,0,0,1
2026-01-02 03:22:00,1103,congestion,client_1,server_1,router_1,2,client-router-server,0.86,0.12,62,90.33,100.0,100.0,135.69,9.59,0.86,5.93,5867,5520,347,1,40.13,normal,0,0,1
2026-01-02 03:23:00,1104,congestion,client_3,server_1,router_1,2,client-router-server,0.97,0.09,62,39.26,100.0,89.56,102.34,6.44,0.97,3.16,4117,3987,130,100,48.6,normal,0,0,1
2026-01-02 03:24:00,1105,congestion,client_2,server_1,router_1,2,client-router-server,1.02,0.08,58,93.28,100.0,100.0,130.41,4.42,1.02,3.5,4337,4186,151,38,18.02,normal,0,0,1
2026-01-02 03:25:00,1106,congestion,client_2,server_1,router_1,2,client-router-server,1.04,0.08,63,93.21,100.0,100.0,129.78,9.69,1.04,1.7,2203,2166,37,22,31.41,normal,0,0,1
2026-01-02 03:26:00,1107,congestion,client_2,server_1,router_1,2,client-router-server,0.86,0.1,57,43.45,100.0,100.0,82.12,5.27,0.86,5.42,5002,4731,271,196,34.47,normal,0,0,1
2026-01-02 03:27:00,1108,congestion,client_2,server_1,router_1,2,client-router-server,1.02,0.09,60,82.16,100.0,95.54,78.91,13.16,1.02,3.44,1434,1385,49,44,8.2,normal,0,0,1
2026-01-02 03:28:00,1109,congestion,client_2,server_1,router_1,2,client-router-server,0.98,0.09,58,28.65,100.0,71.51,100.19,11.49,0.98,4.73,4305,4102,203,51,22.54,normal,0,0,1
2026-01-02 03:29:00,1110,congestion,client_1,server_1,router_1,2,client-router-server,0.81,0.1,67,84.99,100.0,92.11,109.46,6.93,0.81,1.67,4917,4835,82,18,59.88,normal,0,0,1
2026-01-02 03:30:00,1111,congestion,client_1,server_1,router_1,2,client-router-server,0.96,0.09,58,36.12,100.0,100.0,111.16,6.46,0.96,2.17,5383,5267,116,88,49.43,normal,0,0,1
2026-01-02 03:31:00,1112,congestion,client_3,server_1,router_1,2,client-router-server,1.07,0.1,61,72.57,100.0,92.95,103.49,6.82,1.07,5.32,4880,4621,259,93,47.81,normal,0,0,1
2026-01-02 03:32:00,1113,congestion,client_1,server_1,router_1,2,client-router-server,1.22,0.12,63,56.4,100.0,94.36,118.89,11.32,1.22,1.77,5208,5116,92,67,28.0,normal,0,0,1
2026-01-02 03:33:00,1114,congestion,client_2,server_1,router_1,2,client-router-server,1.06,0.11,63,65.55,100.0,70.96,113.65,12.98,1.06,2.13,3800,3720,80,28,44.52,normal,0,0,1
2026-01-02 03:34:00,1115,congestion,client_3,server_1,router_1,2,client-router-server,0.78,0.1,67,50.31,100.0,61.45,128.57,9.69,0.78,4.17,5818,5576,242,189,29.12,normal,0,0,1
2026-01-02 03:35:00,1116,congestion,client_3,server_1,router_1,2,client-router-server,0.89,0.09,64,83.6,100.0,90.19,110.75,14.85,0.89,2.38,4823,4709,114,59,23.54,normal,0,0,1
2026-01-02 03:36:00,1117,congestion,client_1,server_1,router_1,2,client-router-server,0.77,0.09,68,44.62,100.0,94.35,121.62,11.13,0.77,2.44,5535,5400,135,83,22.79,normal,0,0,1
2026-01-02 03:37:00,1118,congestion,client_2,server_1,router_1,2,client-router-server,1.11,0.12,62,62.43,100.0,90.42,137.2,11.32,1.11,5.68,2171,2048,123,84,9.97,normal,0,0,1
2026-01-02 03:38:00,1119,congestion,client_2,server_1,router_1,2,client-router-server,1.16,0.13,63,84.9,100.0,100.0,134.4,13.53,1.16,3.16,4167,4036,131,88,50.48,normal,0,0,1
2026-01-02 03:39:00,1120,congestion,client_3,server_1,router_1,2,client-router-server,1.2,0.1,60,69.52,100.0,54.21,97.87,3.56,1.2,2.57,1899,1851,48,1,47.38,normal,0,0,1
2026-01-02 03:40:00,1121,congestion,client_1,server_1,router_1,2,client-router-server,0.75,0.12,57,52.51,100.0,53.72,65.9,9.36,0.75,4.32,5999,5740,259,155,49.42,normal,0,0,1
2026-01-02 03:41:00,1122,congestion,client_2,server_1,router_1,2,client-router-server,1.24,0.09,59,48.66,100.0,100.0,97.07,5.56,1.24,5.64,1716,1620,96,65,27.02,normal,0,0,1
2026-01-02 03:42:00,1123,congestion,client_2,server_1,router_1,2,client-router-server,1.14,0.12,66,47.31,100.0,100.0,114.24,8.7,1.14,1.52,2380,2344,36,33,39.02,normal,0,0,1
2026-01-02 03:43:00,1124,congestion,client_2,server_1,router_1,2,client-router-server,1.11,0.1,64,20.66,66.54,75.19,96.22,6.86,1.11,0.91,2896,2870,26,23,18.67,normal,0,0,1
2026-01-02 03:44:00,1125,congestion,client_1,server_1,router_1,2,client-router-server,0.85,0.11,60,32.7,100.0,52.42,104.59,7.74,0.85,5.58,3555,3357,198,155,37.72,normal,0,0,1
2026-01-02 03:45:00,1126,congestion,client_3,server_1,router_1,2,client-router-server,1.14,0.09,55,91.11,100.0,56.5,97.18,12.94,1.14,5.16,2821,2676,145,66,59.32,normal,0,0,1
2026-01-02 03:46:00,1127,congestion,client_3,server_1,router_1,2,client-router-server,1.06,0.08,62,56.51,100.0,75.57,118.62,11.39,1.06,4.15,1352,1296,56,34,54.66,normal,0,0,1
2026-01-02 03:47:00,1128,congestion,client_2,server_1,router_1,2,client-router-server,1.15,0.14,68,89.85,100.0,66.62,75.91,6.06,1.15,5.63,3292,3107,185,147,52.79,normal,0,0,1
2026-01-02 03:48:00,1129,congestion,client_3,server_1,router_1,2,client-router-server,1.25,0.09,63,68.71,100.0,51.21,127.22,6.3,1.25,4.09,1070,1027,43,28,21.4,normal,0,0,1
2026-01-02 03:49:00,1130,congestion,client_3,server_1,router_1,2,client-router-server,1.06,0.1,65,92.92,100.0,100.0,76.05,12.11,1.06,4.78,5635,5366,269,59,20.6,normal,0,0,1
2026-01-02 03:50:00,1131,congestion,client_2,server_1,router_1,2,client-router-server,1.22,0.08,61,68.08,100.0,61.2,71.6,6.71,1.22,4.94,3806,3618,188,148,50.36,normal,0,0,1
2026-01-02 03:51:00,1132,congestion,client_2,server_1,router_1,2,client-router-server,0.84,0.13,57,90.22,100.0,100.0,118.62,14.03,0.84,1.55,3850,3791,59,34,58.81,normal,0,0,1
2026-01-02 03:52:00,1133,congestion,client_1,server_1,router_1,2,client-router-server,0.84,0.08,57,67.78,100.0,83.49,105.53,7.17,0.84,2.74,3290,3200,90,51,54.14,normal,0,0,1
2026-01-02 03:53:00,1134,congestion,client_2,server_1,router_1,2,client-router-server,1.12,0.08,63,61.54,100.0,100.0,85.34,7.91,1.12,4.48,4066,3884,182,135,44.43,normal,0,0,1
2026-01-02 03:54:00,1135,congestion,client_2,server_1,router_1,2,client-router-server,1.05,0.1,62,92.01,100.0,89.56,103.2,11.8,1.05,4.92,4233,4025,208,146,28.4,normal,0,0,1
2026-01-02 03:55:00,1136,congestion,client_1,server_1,router_1,2,client-router-server,0.89,0.12,56,82.05,100.0,66.43,113.74,7.69,0.89,4.42,3994,3818,176,16,45.4,normal,0,0,1
2026-01-02 03:56:00,1137,congestion,client_1,server_1,router_1,2,client-router-server,1.22,0.1,62,56.57,100.0,76.42,110.7,6.9,1.22,5.53,4704,4444,260,193,26.05,normal,0,0,1
2026-01-02 03:57:00,1138,congestion,client_1,server_1,router_1,2,client-router-server,1.2,0.11,64,26.39,87.13,53.59,79.23,10.09,1.2,2.58,1301,1268,33,28,8.34,normal,0,0,0
2026-01-02 03:58:00,1139,congestion,client_1,server_1,router_1,2,client-router-server,1.09,0.09,67,70.2,100.0,77.45,104.5,12.36,1.09,1.73,2098,2062,36,14,10.43,normal,0,0,1
2026-01-02 03:59:00,1140,congestion,client_2,server_1,router_1,2,client-router-server,1.04,0.13,63,50.12,100.0,100.0,72.57,6.93,1.04,5.47,1771,1675,96,92,20.99,normal,0,0,1
2026-01-02 04:00:00,1141,congestion,client_1,server_1,router_1,2,client-router-server,1.01,0.13,56,22.73,82.63,58.48,99.26,10.83,1.01,3.76,2903,2794,109,1,55.17,normal,0,0,1
2026-01-02 04:01:00,1142,congestion,client_1,server_1,router_1,2,client-router-server,0.93,0.12,68,87.58,100.0,90.37,121.16,5.45,0.93,5.42,1933,1829,104,1,29.44,normal,0,0,1
2026-01-02 04:02:00,1143,congestion,client_2,server_1,router_1,2,client-router-server,1.24,0.08,59,37.78,100.0,100.0,77.37,5.62,1.24,3.92,3111,2990,121,91,20.2,normal,0,0,1
2026-01-02 04:03:00,1144,congestion,client_2,server_1,router_1,2,client-router-server,1.02,0.14,56,92.71,100.0,100.0,82.36,6.1,1.02,2.33,1213,1185,28,22,26.84,normal,0,0,1
2026-01-02 04:04:00,1145,congestion,client_3,server_1,router_1,2,client-router-server,1.19,0.08,59,75.4,100.0,99.39,70.02,7.3,1.19,3.66,1673,1612,61,38,46.85,normal,0,0,1
2026-01-02 04:05:00,1146,congestion,client_1,server_1,router_1,2,client-router-server,0.91,0.14,63,46.86,100.0,99.55,114.5,6.76,0.91,1.77,3207,3151,56,28,34.83,normal,0,0,1
2026-01-02 04:06:00,1147,congestion,client_2,server_1,router_1,2,client-router-server,1.1,0.11,58,43.03,100.0,100.0,89.84,8.58,1.1,3.45,3558,3436,122,79,37.92,normal,0,0,1
2026-01-02 04:07:00,1148,congestion,client_2,server_1,router_1,2,client-router-server,0.81,0.09,66,75.1,100.0,67.28,121.72,8.41,0.81,3.16,4755,4605,150,125,13.8,normal,0,0,1
2026-01-02 04:08:00,1149,congestion,client_2,server_1,router_1,2,client-router-server,0.92,0.08,59,85.86,100.0,100.0,133.19,9.15,0.92,5.03,5714,5427,287,130,5.28,normal,0,0,1
2026-01-02 04:09:00,1150,congestion,client_2,server_1,router_1,2,client-router-server,1.14,0.11,56,85.02,100.0,88.24,81.27,10.74,1.14,4.82,3593,3420,173,97,9.78,normal,0,0,1
2026-01-02 04:10:00,1151,congestion,client_1,server_1,router_1,2,client-router-server,1.11,0.11,66,82.82,100.0,100.0,131.19,9.77,1.11,4.39,1876,1794,82,0,38.66,normal,0,0,1
2026-01-02 04:11:00,1152,congestion,client_3,server_1,router_1,2,client-router-server,0.85,0.08,63,33.71,100.0,83.09,118.94,11.68,0.85,3.89,5571,5355,216,196,6.11,normal,0,0,1
2026-01-02 04:12:00,1153,congestion,client_2,server_1,router_1,2,client-router-server,0.81,0.09,57,32.93,100.0,56.96,107.74,14.7,0.81,2.59,1084,1056,28,8,53.51,normal,0,0,1
2026-01-02 04:13:00,1154,congestion,client_2,server_1,router_1,2,client-router-server,1.13,0.09,55,83.3,100.0,100.0,121.45,11.64,1.13,3.2,4704,4554,150,146,47.77,normal,0,0,1
2026-01-02 04:14:00,1155,congestion,client_1,server_1,router_1,2,client-router-server,0.93,0.11,56,35.87,100.0,90.75,123.27,10.72,0.93,4.11,3981,3818,163,121,31.08,normal,0,0,1
2026-01-02 04:15:00,1156,congestion,client_2,server_1,router_1,2,client-router-server,0.94,0.13,67,71.21,100.0,100.0,124.58,11.14,0.94,2.66,3548,3454,94,93,49.69,normal,0,0,1
2026-01-02 04:16:00,1157,congestion,client_1,server_1,router_1,2,client-router-server,0.77,0.08,55,80.15,100.0,55.94,129.32,10.03,0.77,3.33,4355,4210,145,98,50.55,normal,0,0,1
2026-01-02 04:17:00,1158,congestion,client_1,server_1,router_1,2,client-router-server,0.98,0.07,67,22.95,100.0,97.16,121.75,13.47,0.98,4.88,4659,4432,227,117,17.18,normal,0,0,1
2026-01-02 04:18:00,1159,congestion,client_1,server_1,router_1,2,client-router-server,0.87,0.11,66,22.33,100.0,87.18,108.34,4.83,0.87,2.02,3683,3609,74,47,24.39,normal,0,0,1
2026-01-02 04:19:00,1160,congestion,client_1,server_1,router_1,2,client-router-server,0.81,0.09,58,93.52,100.0,79.5,135.14,8.94,0.81,3.93,1438,1382,56,52,39.44,normal,0,0,1
2026-01-02 04:20:00,1161,congestion,client_3,server_1,router_1,2,client-router-server,0.77,0.13,66,42.14,100.0,100.0,124.04,5.63,0.77,4.34,2436,2331,105,1,7.57,normal,0,0,1
2026-01-02 04:21:00,1162,congestion,client_2,server_1,router_1,2,client-router-server,0.84,0.09,66,81.54,100.0,65.5,90.54,9.08,0.84,3.16,4183,4051,132,123,50.14,normal,0,0,1
2026-01-02 04:22:00,1163,congestion,client_1,server_1,router_1,2,client-router-server,1.22,0.09,55,31.25,84.85,85.54,79.35,9.3,1.22,2.67,1187,1156,31,23,19.41,normal,0,0,0
2026-01-02 04:23:00,1164,congestion,client_1,server_1,router_1,2,client-router-server,0.98,0.1,67,43.42,100.0,100.0,79.23,11.75,0.98,2.51,2384,2325,59,4,20.62,normal,0,0,1
2026-01-02 04:24:00,1165,congestion,client_2,server_1,router_1,2,client-router-server,1.19,0.13,62,62.18,100.0,69.94,130.8,11.53,1.19,3.16,5486,5313,173,66,29.33,normal,0,0,1
2026-01-02 04:25:00,1166,congestion,client_1,server_1,router_1,2,client-router-server,0.88,0.12,60,42.32,100.0,73.57,70.45,12.4,0.88,3.38,2633,2545,88,54,14.79,normal,0,0,1
2026-01-02 04:26:00,1167,congestion,client_3,server_1,router_1,2,client-router-server,1.22,0.12,65,62.15,100.0,100.0,116.34,7.06,1.22,3.64,4596,4429,167,92,31.46,normal,0,0,1
2026-01-02 04:27:00,1168,congestion,client_1,server_1,router_1,2,client-router-server,0.8,0.08,57,30.97,100.0,71.6,65.44,9.25,0.8,3.67,3331,3209,122,92,5.29,normal,0,0,1
2026-01-02 04:28:00,1169,congestion,client_1,server_1,router_1,2,client-router-server,1.04,0.07,62,67.05,100.0,100.0,122.13,5.22,1.04,3.43,3707,3580,127,39,51.71,normal,0,0,1
2026-01-02 04:29:00,1170,congestion,client_1,server_1,router_1,2,client-router-server,0.92,0.08,61,70.81,100.0,100.0,122.23,10.04,0.92,1.84,1209,1187,22,2,44.11,normal,0,0,1
2026-01-02 04:30:00,1171,congestion,client_3,server_1,router_1,2,client-router-server,0.85,0.09,55,77.04,100.0,59.87,98.19,9.71,0.85,4.71,3269,3116,153,149,35.89,normal,0,0,1
2026-01-02 04:31:00,1172,congestion,client_2,server_1,router_1,2,client-router-server,1.01,0.1,67,94.94,100.0,53.14,121.96,7.74,1.01,4.22,5727,5486,241,102,17.45,normal,0,0,1
2026-01-02 04:32:00,1173,congestion,client_1,server_1,router_1,2,client-router-server,0.92,0.13,56,37.08,100.0,62.32,97.96,6.83,0.92,3.92,1072,1030,42,17,59.13,normal,0,0,1
2026-01-02 04:33:00,1174,congestion,client_3,server_1,router_1,2,client-router-server,0.79,0.11,61,68.98,100.0,60.35,66.17,7.41,0.79,2.24,5392,5272,120,80,59.25,normal,0,0,1
2026-01-02 04:34:00,1175,congestion,client_3,server_1,router_1,2,client-router-server,0.85,0.07,61,72.11,100.0,75.75,113.85,11.49,0.85,5.48,2038,1927,111,14,19.53,normal,0,0,1
2026-01-02 04:35:00,1176,congestion,client_2,server_1,router_1,2,client-router-server,1.02,0.08,64,64.43,100.0,100.0,90.47,9.37,1.02,5.22,1972,1870,102,41,11.95,normal,0,0,1
2026-01-02 04:36:00,1177,congestion,client_1,server_1,router_1,2,client-router-server,0.8,0.08,63,68.85,100.0,94.37,126.04,7.16,0.8,3.19,3942,3817,125,103,36.34,normal,0,0,1
2026-01-02 04:37:00,1178,congestion,client_2,server_1,router_1,2,client-router-server,1.23,0.12,58,76.69,100.0,100.0,88.73,10.68,1.23,2.96,3459,3357,102,74,14.76,normal,0,0,1
2026-01-02 04:38:00,1179,congestion,client_3,server_1,router_1,2,client-router-server,1.21,0.11,64,51.6,100.0,86.32,114.35,11.62,1.21,3.5,4497,4340,157,33,19.78,normal,0,0,1
2026-01-02 04:39:00,1180,congestion,client_1,server_1,router_1,2,client-router-server,0.86,0.11,57,94.04,100.0,81.37,69.93,7.94,0.86,5.55,4517,4267,250,22,41.6,normal,0,0,1
2026-01-02 04:40:00,1181,congestion,client_1,server_1,router_1,2,client-router-server,0.91,0.12,57,50.5,100.0,69.71,118.76,8.53,0.91,5.27,1259,1193,66,47,23.4,normal,0,0,1
2026-01-02 04:41:00,1182,congestion,client_3,server_1,router_1,2,client-router-server,0.86,0.13,62,92.4,100.0,67.82,104.11,6.73,0.86,4.24,1979,1896,83,43,25.52,normal,0,0,1
2026-01-02 04:42:00,1183,congestion,client_3,server_1,router_1,2,client-router-server,1.13,0.1,58,61.63,100.0,81.6,124.2,6.43,1.13,5.95,3792,3567,225,145,49.97,normal,0,0,1
2026-01-02 04:43:00,1184,congestion,client_2,server_1,router_1,2,client-router-server,1.1,0.07,61,90.7,100.0,83.5,119.89,5.83,1.1,5.54,4421,4177,244,93,45.47,normal,0,0,1
2026-01-02 04:44:00,1185,congestion,client_2,server_1,router_1,2,client-router-server,0.78,0.12,66,89.87,100.0,100.0,101.28,7.28,0.78,2.78,1096,1066,30,13,30.77,normal,0,0,1
2026-01-02 04:45:00,1186,congestion,client_2,server_1,router_1,2,client-router-server,0.89,0.11,68,67.19,100.0,53.1,125.11,14.62,0.89,4.51,4623,4415,208,52,13.41,normal,0,0,1
2026-01-02 04:46:00,1187,congestion,client_2,server_1,router_1,2,client-router-server,1.06,0.07,66,49.82,100.0,100.0,112.66,10.35,1.06,2.57,2819,2747,72,34,28.09,normal,0,0,1
2026-01-02 04:47:00,1188,congestion,client_1,server_1,router_1,2,client-router-server,1.18,0.14,57,41.95,100.0,83.24,67.36,7.91,1.18,5.11,3243,3078,165,163,15.19,normal,0,0,1
2026-01-02 04:48:00,1189,congestion,client_3,server_1,router_1,2,client-router-server,0.86,0.08,59,77.08,100.0,94.91,97.87,12.99,0.86,2.98,5224,5069,155,125,39.54,normal,0,0,1
2026-01-02 04:49:00,1190,congestion,client_3,server_1,router_1,2,client-router-server,0.99,0.1,67,49.8,100.0,100.0,75.73,3.79,0.99,2.7,5775,5620,155,13,51.49,normal,0,0,1
2026-01-02 04:50:00,1191,congestion,client_3,server_1,router_1,2,client-router-server,0.93,0.11,65,38.61,100.0,51.41,64.1,5.2,0.93,1.56,3959,3898,61,53,43.92,normal,0,0,1
2026-01-02 04:51:00,1192,congestion,client_2,server_1,router_1,2,client-router-server,0.9,0.11,55,38.09,100.0,100.0,120.81,10.36,0.9,5.46,4696,4440,256,236,21.12,normal,0,0,1
2026-01-02 04:52:00,1193,congestion,client_1,server_1,router_1,2,client-router-server,1.06,0.08,58,91.1,100.0,71.98,123.92,9.95,1.06,3.84,1766,1699,67,24,22.87,normal,0,0,1
2026-01-02 04:53:00,1194,congestion,client_1,server_1,router_1,2,client-router-server,0.89,0.14,68,69.29,100.0,91.8,82.51,10.28,0.89,2.95,5484,5323,161,160,47.8,normal,0,0,1
2026-01-02 04:54:00,1195,congestion,client_1,server_1,router_1,2,client-router-server,0.89,0.13,61,71.04,100.0,81.48,102.45,6.09,0.89,5.29,2580,2444,136,99,13.99,normal,0,0,1
2026-01-02 04:55:00,1196,congestion,client_3,server_1,router_1,2,client-router-server,1.2,0.09,59,58.24,100.0,72.24,101.38,13.74,1.2,5.05,4435,4212,223,96,10.76,normal,0,0,1
2026-01-02 04:56:00,1197,congestion,client_2,server_1,router_1,2,client-router-server,0.84,0.12,66,76.31,100.0,92.15,88.63,8.93,0.84,1.5,1377,1357,20,15,10.93,normal,0,0,1
2026-01-02 04:57:00,1198,congestion,client_1,server_1,router_1,2,client-router-server,1.14,0.14,65,22.96,83.34,52.08,56.12,11.44,1.14,2.65,1146,1116,30,7,51.73,normal,0,0,0
2026-01-02 04:58:00,1199,congestion,client_1,server_1,router_1,2,client-router-server,1.17,0.12,63,63.62,100.0,92.69,121.26,9.61,1.17,5.34,4793,4538,255,71,27.8,normal,0,0,1
2026-01-02 04:59:00,1200,congestion,client_3,server_1,router_1,2,client-router-server,0.84,0.11,58,92.5,100.0,68.08,70.94,7.71,0.84,4.37,2452,2345,107,16,51.98,normal,0,0,1
2026-01-02 05:00:00,1201,congestion,client_1,server_1,router_1,2,client-router-server,1.23,0.11,61,36.84,100.0,100.0,90.9,7.6,1.23,3.16,5919,5732,187,27,8.9,normal,0,0,1
2026-01-02 05:01:00,1202,congestion,client_1,server_1,router_1,2,client-router-server,0.86,0.12,55,87.53,100.0,74.98,119.68,4.66,0.86,4.79,3242,3087,155,78,47.27,normal,0,0,1
2026-01-02 05:02:00,1203,congestion,client_1,server_1,router_1,2,client-router-server,1.24,0.11,63,72.78,100.0,100.0,137.2,10.44,1.24,4.33,3965,3794,171,171,39.52,normal,0,0,1
2026-01-02 05:03:00,1204,congestion,client_2,server_1,router_1,2,client-router-server,0.95,0.14,59,43.73,100.0,61.52,111.74,7.65,0.95,5.44,1804,1706,98,83,28.93,normal,0,0,1
2026-01-02 05:04:00,1205,congestion,client_3,server_1,router_1,2,client-router-server,1.18,0.08,59,40.56,100.0,73.52,113.48,13.29,1.18,5.24,5304,5027,277,50,7.79,normal,0,0,1
2026-01-02 05:05:00,1206,congestion,client_2,server_1,router_1,2,client-router-server,0.85,0.1,57,37.53,100.0,78.58,71.51,13.67,0.85,1.54,1071,1055,16,12,51.63,normal,0,0,1
2026-01-02 05:06:00,1207,congestion,client_3,server_1,router_1,2,client-router-server,0.76,0.08,66,43.89,100.0,100.0,76.92,12.53,0.76,2.87,4820,4682,138,10,47.2,normal,0,0,1
2026-01-02 05:07:00,1208,congestion,client_1,server_1,router_1,2,client-router-server,1.02,0.11,55,94.54,100.0,70.65,92.52,7.17,1.02,4.14,5189,4975,214,132,15.4,normal,0,0,1
2026-01-02 05:08:00,1209,congestion,client_2,server_1,router_1,2,client-router-server,0.98,0.11,58,40.66,100.0,54.35,90.97,4.64,0.98,2.47,1991,1942,49,9,30.61,normal,0,0,1
2026-01-02 05:09:00,1210,congestion,client_1,server_1,router_1,2,client-router-server,1.01,0.08,55,89.74,100.0,100.0,124.99,11.02,1.01,5.08,5328,5058,270,67,28.46,normal,0,0,1
2026-01-02 05:10:00,1211,congestion,client_2,server_1,router_1,2,client-router-server,1.19,0.12,58,24.35,71.81,72.78,60.56,7.58,1.19,0.82,2308,2290,18,9,44.74,normal,0,0,0
2026-01-02 05:11:00,1212,congestion,client_1,server_1,router_1,2,client-router-server,1.11,0.14,60,41.25,100.0,100.0,74.97,12.71,1.11,5.54,1161,1097,64,26,33.3,normal,0,0,1
2026-01-02 05:12:00,1213,congestion,client_1,server_1,router_1,2,client-router-server,1.0,0.12,56,50.78,100.0,100.0,124.12,10.2,1.0,3.86,5217,5016,201,69,12.28,normal,0,0,1
2026-01-02 05:13:00,1214,congestion,client_1,server_1,router_1,2,client-router-server,0.8,0.13,65,51.36,100.0,95.38,137.69,8.28,0.8,2.0,1770,1735,35,6,55.04,normal,0,0,1
2026-01-02 05:14:00,1215,congestion,client_2,server_1,router_1,2,client-router-server,1.06,0.1,65,87.45,100.0,78.83,107.98,11.51,1.06,3.01,3125,3031,94,87,38.3,normal,0,0,1
2026-01-02 05:15:00,1216,congestion,client_2,server_1,router_1,2,client-router-server,0.78,0.08,56,60.29,100.0,56.94,67.84,9.32,0.78,4.48,4265,4074,191,63,16.88,normal,0,0,1
2026-01-02 05:16:00,1217,congestion,client_3,server_1,router_1,2,client-router-server,0.95,0.09,58,36.52,100.0,90.33,88.56,10.96,0.95,5.68,4044,3815,229,138,54.75,normal,0,0,1
2026-01-02 05:17:00,1218,congestion,client_2,server_1,router_1,2,client-router-server,0.82,0.11,63,45.5,100.0,84.83,118.15,12.14,0.82,5.1,3391,3219,172,143,52.13,normal,0,0,1
2026-01-02 05:18:00,1219,congestion,client_3,server_1,router_1,2,client-router-server,0.76,0.1,68,89.26,100.0,100.0,121.03,10.04,0.76,4.96,5830,5541,289,40,15.98,normal,0,0,1
2026-01-02 05:19:00,1220,congestion,client_3,server_1,router_1,2,client-router-server,1.17,0.14,65,40.11,100.0,59.76,122.64,9.19,1.17,3.61,1715,1654,61,22,30.41,normal,0,0,1
2026-01-02 05:20:00,1221,congestion,client_1,server_1,router_1,2,client-router-server,0.86,0.08,60,44.55,100.0,91.92,112.31,15.46,0.86,3.23,3312,3206,106,95,25.44,normal,0,0,1
2026-01-02 05:21:00,1222,congestion,client_3,server_1,router_1,2,client-router-server,0.83,0.08,68,67.09,100.0,70.28,98.38,9.56,0.83,4.25,1812,1735,77,6,48.17,normal,0,0,1
2026-01-02 05:22:00,1223,congestion,client_2,server_1,router_1,2,client-router-server,0.91,0.09,64,83.41,100.0,60.32,105.32,5.54,0.91,4.06,2965,2845,120,106,39.71,normal,0,0,1
2026-01-02 05:23:00,1224,congestion,client_1,server_1,router_1,2,client-router-server,0.98,0.1,59,40.47,100.0,80.08,111.67,11.92,0.98,4.41,3588,3430,158,112,26.22,normal,0,0,1
2026-01-02 05:24:00,1225,congestion,client_3,server_1,router_1,2,client-router-server,0.8,0.14,55,21.32,100.0,88.48,69.22,5.51,0.8,5.34,1298,1229,69,1,38.7,normal,0,0,1
2026-01-02 05:25:00,1226,congestion,client_3,server_1,router_1,2,client-router-server,0.86,0.09,65,47.36,100.0,78.0,129.67,13.46,0.86,3.51,2009,1939,70,52,15.12,normal,0,0,1
2026-01-02 05:26:00,1227,congestion,client_2,server_1,router_1,2,client-router-server,0.98,0.13,68,62.61,100.0,100.0,74.43,13.15,0.98,5.02,5199,4939,260,190,29.71,normal,0,0,1
2026-01-02 05:27:00,1228,congestion,client_2,server_1,router_1,2,client-router-server,1.14,0.12,60,32.27,100.0,100.0,73.32,12.2,1.14,2.49,4254,4149,105,59,33.49,normal,0,0,1
2026-01-02 05:28:00,1229,congestion,client_1,server_1,router_1,2,client-router-server,0.93,0.13,57,84.31,100.0,90.74,99.42,12.65,0.93,4.28,3774,3613,161,105,37.06,normal,0,0,1
2026-01-02 05:29:00,1230,congestion,client_1,server_1,router_1,2,client-router-server,0.96,0.11,67,70.21,100.0,67.18,122.87,9.62,0.96,1.66,4984,4902,82,23,32.71,normal,0,0,1
2026-01-02 05:30:00,1231,congestion,client_3,server_1,router_1,2,client-router-server,0.9,0.09,58,70.03,100.0,98.82,134.92,7.31,0.9,4.4,3802,3635,167,12,26.4,normal,0,0,1
2026-01-02 05:31:00,1232,congestion,client_3,server_1,router_1,2,client-router-server,0.89,0.07,55,78.31,100.0,100.0,82.8,10.36,0.89,3.72,2868,2762,106,90,7.87,normal,0,0,1
2026-01-02 05:32:00,1233,congestion,client_2,server_1,router_1,2,client-router-server,1.25,0.1,64,42.78,100.0,60.78,90.68,7.89,1.25,4.93,3670,3490,180,126,22.54,normal,0,0,1
2026-01-02 05:33:00,1234,congestion,client_2,server_1,router_1,2,client-router-server,0.93,0.09,59,47.75,100.0,100.0,82.0,9.18,0.93,1.64,5669,5577,92,27,20.4,normal,0,0,1
2026-01-02 05:34:00,1235,congestion,client_1,server_1,router_1,2,client-router-server,1.04,0.12,58,66.11,100.0,87.61,104.19,6.92,1.04,2.58,1233,1202,31,15,42.3,normal,0,0,1
2026-01-02 05:35:00,1236,congestion,client_2,server_1,router_1,2,client-router-server,0.93,0.12,59,35.87,100.0,100.0,120.75,8.75,0.93,4.85,4192,3989,203,110,29.97,normal,0,0,1
2026-01-02 05:36:00,1237,congestion,client_1,server_1,router_1,2,client-router-server,1.23,0.07,61,32.76,100.0,81.29,103.72,7.22,1.23,4.02,1400,1344,56,32,41.05,normal,0,0,1
2026-01-02 05:37:00,1238,congestion,client_2,server_1,router_1,2,client-router-server,1.1,0.09,65,55.0,100.0,100.0,105.27,12.18,1.1,3.28,5774,5585,189,101,22.64,normal,0,0,1
2026-01-02 05:38:00,1239,congestion,client_1,server_1,router_1,2,client-router-server,0.96,0.09,66,21.56,100.0,95.36,106.83,14.93,0.96,3.48,2131,2057,74,21,26.25,normal,0,0,1
2026-01-02 05:39:00,1240,congestion,client_3,server_1,router_1,2,client-router-server,1.24,0.12,67,92.04,100.0,100.0,133.35,9.42,1.24,5.27,3016,2858,158,30,53.94,normal,0,0,1
2026-01-02 05:40:00,1241,congestion,client_1,server_1,router_1,2,client-router-server,1.08,0.1,58,89.33,100.0,55.87,116.43,8.3,1.08,2.44,2909,2839,70,8,36.35,normal,0,0,1
2026-01-02 05:41:00,1242,congestion,client_3,server_1,router_1,2,client-router-server,1.17,0.08,62,41.91,100.0,79.36,86.25,11.52,1.17,5.24,3204,3037,167,56,43.62,normal,0,0,1
2026-01-02 05:42:00,1243,congestion,client_1,server_1,router_1,2,client-router-server,0.79,0.07,60,52.62,100.0,80.08,90.69,14.02,0.79,5.24,1834,1738,96,19,48.33,normal,0,0,1
2026-01-02 05:43:00,1244,congestion,client_3,server_1,router_1,2,client-router-server,0.92,0.09,59,79.68,100.0,64.86,131.21,11.11,0.92,3.35,1129,1092,37,17,10.85,normal,0,0,1
2026-01-02 05:44:00,1245,congestion,client_2,server_1,router_1,2,client-router-server,0.92,0.08,60,80.89,100.0,94.86,87.86,8.49,0.92,5.97,1211,1139,72,69,15.49,normal,0,0,1
2026-01-02 05:45:00,1246,congestion,client_2,server_1,router_1,2,client-router-server,0.75,0.08,68,69.1,100.0,60.78,119.84,10.53,0.75,3.13,1563,1515,48,20,29.53,normal,0,0,1
2026-01-02 05:46:00,1247,congestion,client_3,server_1,router_1,2,client-router-server,1.04,0.14,58,27.42,100.0,73.61,130.95,8.05,1.04,2.67,5538,5391,147,145,44.47,normal,0,0,1
2026-01-02 05:47:00,1248,congestion,client_3,server_1,router_1,2,client-router-server,1.2,0.08,63,61.69,100.0,92.71,131.89,13.64,1.2,4.98,5934,5639,295,65,7.79,normal,0,0,1
2026-01-02 05:48:00,1249,congestion,client_3,server_1,router_1,2,client-router-server,1.0,0.08,67,34.57,100.0,96.63,123.66,8.26,1.0,2.48,5450,5315,135,68,11.86,normal,0,0,1
2026-01-02 05:49:00,1250,congestion,client_2,server_1,router_1,2,client-router-server,1.23,0.08,67,54.85,100.0,91.85,119.6,9.97,1.23,4.7,2162,2061,101,3,52.12,normal,0,0,1
2026-01-02 05:50:00,1251,congestion,client_1,server_1,router_1,2,client-router-server,0.95,0.12,63,36.55,100.0,100.0,106.91,9.68,0.95,2.68,2950,2871,79,46,41.27,normal,0,0,1
2026-01-02 05:51:00,1252,congestion,client_3,server_1,router_1,2,client-router-server,1.23,0.09,65,80.03,100.0,50.42,105.26,11.86,1.23,1.89,1478,1451,27,4,57.54,normal,0,0,1
2026-01-02 05:52:00,1253,congestion,client_1,server_1,router_1,2,client-router-server,0.95,0.09,62,48.63,100.0,100.0,111.4,11.9,0.95,4.14,1804,1730,74,58,31.5,normal,0,0,1
2026-01-02 05:53:00,1254,congestion,client_1,server_1,router_1,2,client-router-server,0.78,0.14,57,25.95,100.0,79.04,81.23,10.63,0.78,2.26,5196,5079,117,54,15.73,normal,0,0,1
2026-01-02 05:54:00,1255,congestion,client_2,server_1,router_1,2,client-router-server,0.85,0.09,67,89.52,100.0,83.6,88.57,12.64,0.85,2.64,1064,1036,28,25,30.59,normal,0,0,1
2026-01-02 05:55:00,1256,congestion,client_3,server_1,router_1,2,client-router-server,0.89,0.11,59,45.01,100.0,56.21,118.16,5.79,0.89,3.76,2796,2691,105,101,47.82,normal,0,0,1
2026-01-02 05:56:00,1257,congestion,client_3,server_1,router_1,2,client-router-server,0.77,0.13,67,36.32,100.0,100.0,89.98,8.61,0.77,4.75,3609,3438,171,132,11.19,normal,0,0,1
2026-01-02 05:57:00,1258,congestion,client_1,server_1,router_1,2,client-router-server,1.16,0.11,66,67.77,100.0,65.36,104.61,7.36,1.16,3.87,4986,4794,192,134,6.82,normal,0,0,1
2026-01-02 05:58:00,1259,congestion,client_1,server_1,router_1,2,client-router-server,1.09,0.1,58,35.63,100.0,76.7,72.52,12.58,1.09,3.0,1845,1790,55,49,41.72,normal,0,0,1
2026-01-02 05:59:00,1260,congestion,client_2,server_1,router_1,2,client-router-server,1.18,0.09,64,59.82,100.0,100.0,86.75,6.45,1.18,3.12,5263,5099,164,83,19.18,normal,0,0,1
2026-01-02 06:00:00,1261,congestion,client_1,server_1,router_1,2,client-router-server,0.99,0.14,68,31.08,100.0,70.49,70.22,7.01,0.99,3.6,4791,4619,172,13,14.94,normal,0,0,1
2026-01-02 06:01:00,1262,congestion,client_2,server_1,router_1,2,client-router-server,1.23,0.11,59,74.25,100.0,70.66,72.33,11.44,1.23,3.92,1093,1051,42,3,54.63,normal,0,0,1
2026-01-02 06:02:00,1263,congestion,client_3,server_1,router_1,2,client-router-server,0.94,0.07,60,26.94,100.0,100.0,110.04,6.86,0.94,1.6,2831,2786,45,28,48.26,normal,0,0,1
2026-01-02 06:03:00,1264,congestion,client_3,server_1,router_1,2,client-router-server,0.94,0.08,57,33.64,100.0,100.0,114.71,9.26,0.94,5.41,3422,3237,185,101,33.2,normal,0,0,1
2026-01-02 06:04:00,1265,congestion,client_2,server_1,router_1,2,client-router-server,1.21,0.11,55,56.65,100.0,80.67,116.6,7.88,1.21,1.69,5376,5286,90,1,50.65,normal,0,0,1
2026-01-02 06:05:00,1266,congestion,client_1,server_1,router_1,2,client-router-server,1.05,0.08,59,43.67,100.0,82.21,103.26,10.02,1.05,4.61,3398,3242,156,72,10.17,normal,0,0,1
2026-01-02 06:06:00,1267,congestion,client_3,server_1,router_1,2,client-router-server,1.06,0.09,59,62.39,100.0,69.64,102.12,10.52,1.06,4.52,3485,3328,157,147,25.89,normal,0,0,1
2026-01-02 06:07:00,1268,congestion,client_3,server_1,router_1,2,client-router-server,1.08,0.12,55,24.13,100.0,84.24,92.6,11.18,1.08,5.46,3326,3145,181,35,37.05,normal,0,0,1
2026-01-02 06:08:00,1269,congestion,client_3,server_1,router_1,2,client-router-server,1.04,0.12,63,24.94,100.0,100.0,71.8,3.19,1.04,2.01,5924,5805,119,3,14.75,normal,0,0,1
2026-01-02 06:09:00,1270,congestion,client_1,server_1,router_1,2,client-router-server,0.87,0.13,68,70.9,100.0,86.48,109.89,7.02,0.87,1.99,5538,5428,110,24,30.48,normal,0,0,1
2026-01-02 06:10:00,1271,congestion,client_1,server_1,router_1,2,client-router-server,0.96,0.12,67,85.66,100.0,98.9,74.73,12.78,0.96,4.43,4334,4143,191,140,15.07,normal,0,0,1
2026-01-02 06:11:00,1272,congestion,client_1,server_1,router_1,2,client-router-server,0.9,0.14,61,65.7,100.0,63.9,97.41,9.3,0.9,5.28,2248,2130,118,25,42.35,normal,0,0,1
2026-01-02 06:12:00,1273,congestion,client_2,server_1,router_1,2,client-router-server,0.93,0.13,62,76.31,100.0,87.81,98.43,11.58,0.93,3.0,3683,3573,110,57,37.03,normal,0,0,1
2026-01-02 06:13:00,1274,congestion,client_2,server_1,router_1,2,client-router-server,0.82,0.09,68,90.3,100.0,75.73,75.0,13.48,0.82,3.8,3092,2975,117,103,26.68,normal,0,0,1
2026-01-02 06:14:00,1275,congestion,client_1,server_1,router_1,2,client-router-server,0.75,0.14,57,82.07,100.0,85.56,85.53,11.4,0.75,2.02,5774,5658,116,50,49.35,normal,0,0,1
2026-01-02 06:15:00,1276,congestion,client_1,server_1,router_1,2,client-router-server,0.79,0.08,66,58.93,100.0,100.0,97.22,13.11,0.79,3.81,2427,2335,92,92,10.89,normal,0,0,1
2026-01-02 06:16:00,1277,congestion,client_3,server_1,router_1,2,client-router-server,1.0,0.08,57,51.54,100.0,100.0,87.67,10.59,1.0,2.35,4646,4537,109,105,20.5,normal,0,0,1
2026-01-02 06:17:00,1278,congestion,client_2,server_1,router_1,2,client-router-server,0.77,0.08,64,44.95,100.0,81.55,84.43,14.13,0.77,5.73,4350,4101,249,72,21.94,normal,0,0,1
2026-01-02 06:18:00,1279,congestion,client_1,server_1,router_1,2,client-router-server,0.91,0.1,66,82.54,100.0,72.68,74.65,12.1,0.91,2.08,5555,5440,115,60,44.44,normal,0,0,1
2026-01-02 06:19:00,1280,congestion,client_3,server_1,router_1,2,client-router-server,1.07,0.08,59,39.37,100.0,88.94,107.98,7.33,1.07,3.68,1523,1467,56,6,46.67,normal,0,0,1
2026-01-02 06:20:00,1281,congestion,client_2,server_1,router_1,2,client-router-server,0.84,0.12,60,85.36,100.0,100.0,137.42,11.86,0.84,4.28,2922,2797,125,3,16.24,normal,0,0,1
2026-01-02 06:21:00,1282,congestion,client_3,server_1,router_1,2,client-router-server,1.05,0.09,65,55.79,100.0,60.96,118.95,11.98,1.05,3.15,3138,3040,98,72,31.34,normal,0,0,1
2026-01-02 06:22:00,1283,congestion,client_1,server_1,router_1,2,client-router-server,0.96,0.09,56,23.55,100.0,80.05,96.7,11.28,0.96,3.61,1135,1095,40,27,43.62,normal,0,0,1
2026-01-02 06:23:00,1284,congestion,client_1,server_1,router_1,2,client-router-server,1.15,0.11,66,29.98,100.0,74.14,102.51,6.33,1.15,2.54,2014,1963,51,24,44.08,normal,0,0,1
2026-01-02 06:24:00,1285,congestion,client_2,server_1,router_1,2,client-router-server,1.07,0.1,64,61.38,100.0,89.05,101.67,7.33,1.07,2.53,1563,1524,39,0,17.84,normal,0,0,1
2026-01-02 06:25:00,1286,congestion,client_1,server_1,router_1,2,client-router-server,1.07,0.09,59,64.94,100.0,67.73,126.84,8.35,1.07,3.29,4485,4338,147,117,31.71,normal,0,0,1
2026-01-02 06:26:00,1287,congestion,client_2,server_1,router_1,2,client-router-server,0.88,0.11,58,25.28,100.0,57.23,117.0,8.21,0.88,2.1,3045,2982,63,42,45.23,normal,0,0,1
2026-01-02 06:27:00,1288,congestion,client_1,server_1,router_1,2,client-router-server,0.95,0.13,57,78.24,100.0,54.52,106.67,5.54,0.95,5.14,2587,2455,132,29,12.78,normal,0,0,1
2026-01-02 06:28:00,1289,congestion,client_3,server_1,router_1,2,client-router-server,1.05,0.13,56,70.78,100.0,63.1,127.66,8.87,1.05,3.6,2482,2393,89,19,56.45,normal,0,0,1
2026-01-02 06:29:00,1290,congestion,client_2,server_1,router_1,2,client-router-server,0.92,0.11,61,46.8,100.0,100.0,78.61,7.85,0.92,5.01,1017,967,50,26,31.65,normal,0,0,1
2026-01-02 06:30:00,1291,congestion,client_3,server_1,router_1,2,client-router-server,0.94,0.07,67,59.81,100.0,98.52,73.29,8.39,0.94,1.82,4289,4211,78,64,54.72,normal,0,0,1
2026-01-02 06:31:00,1292,congestion,client_3,server_1,router_1,2,client-router-server,0.88,0.11,56,33.19,100.0,69.07,80.95,7.61,0.88,2.06,1743,1708,35,18,52.22,normal,0,0,1
2026-01-02 06:32:00,1293,congestion,client_1,server_1,router_1,2,client-router-server,0.9,0.08,63,23.35,100.0,75.55,85.91,9.24,0.9,3.27,3268,3162,106,43,47.71,normal,0,0,1
2026-01-02 06:33:00,1294,congestion,client_1,server_1,router_1,2,client-router-server,1.04,0.11,61,73.94,100.0,87.26,121.01,8.52,1.04,1.55,5388,5305,83,7,13.27,normal,0,0,1
2026-01-02 06:34:00,1295,congestion,client_3,server_1,router_1,2,client-router-server,1.23,0.1,59,52.11,100.0,100.0,93.43,12.23,1.23,4.29,5820,5571,249,134,51.03,normal,0,0,1
2026-01-02 06:35:00,1296,congestion,client_3,server_1,router_1,2,client-router-server,0.89,0.11,56,65.35,100.0,100.0,99.89,7.55,0.89,2.91,3980,3865,115,20,56.15,normal,0,0,1
2026-01-02 06:36:00,1297,congestion,client_2,server_1,router_1,2,client-router-server,1.07,0.12,66,27.48,100.0,96.68,130.98,4.42,1.07,2.12,3778,3698,80,56,18.09,normal,0,0,1
2026-01-02 06:37:00,1298,congestion,client_3,server_1,router_1,2,client-router-server,0.84,0.1,67,35.81,100.0,52.73,118.71,8.21,0.84,4.47,5708,5453,255,219,54.26,normal,0,0,1
2026-01-02 06:38:00,1299,congestion,client_3,server_1,router_1,2,client-router-server,0.76,0.14,66,88.95,100.0,100.0,78.25,12.51,0.76,3.88,3573,3435,138,63,41.14,normal,0,0,1
2026-01-02 06:39:00,1300,congestion,client_3,server_1,router_1,2,client-router-server,1.01,0.12,62,45.18,100.0,100.0,87.7,6.74,1.01,4.31,4556,4360,196,65,42.77,normal,0,0,1
2026-01-02 06:40:00,1301,congestion,client_2,server_1,router_1,2,client-router-server,0.88,0.13,66,20.84,100.0,83.4,101.59,8.24,0.88,3.05,2403,2330,73,42,32.3,normal,0,0,1
2026-01-02 06:41:00,1302,congestion,client_3,server_1,router_1,2,client-router-server,1.09,0.07,58,48.5,100.0,100.0,137.21,13.99,1.09,5.01,4547,4320,227,167,17.59,normal,0,0,1
2026-01-02 06:42:00,1303,congestion,client_2,server_1,router_1,2,client-router-server,0.8,0.08,67,92.23,100.0,100.0,118.27,9.7,0.8,5.34,2321,2198,123,14,55.46,normal,0,0,1
2026-01-02 06:43:00,1304,congestion,client_3,server_1,router_1,2,client-router-server,1.24,0.08,63,50.63,100.0,69.08,120.24,9.17,1.24,3.59,3680,3548,132,65,36.55,normal,0,0,1
2026-01-02 06:44:00,1305,congestion,client_3,server_1,router_1,2,client-router-server,0.98,0.11,62,75.7,100.0,84.12,128.97,10.8,0.98,4.16,5696,5460,236,101,49.48,normal,0,0,1
2026-01-02 06:45:00,1306,congestion,client_1,server_1,router_1,2,client-router-server,0.93,0.14,64,64.21,100.0,81.67,96.04,5.15,0.93,3.59,4841,4668,173,9,31.95,normal,0,0,1
2026-01-02 06:46:00,1307,congestion,client_1,server_1,router_1,2,client-router-server,1.11,0.1,65,22.61,100.0,80.13,86.59,7.09,1.11,2.62,5757,5607,150,31,23.1,normal,0,0,1
2026-01-02 06:47:00,1308,congestion,client_1,server_1,router_1,2,client-router-server,0.93,0.12,59,90.73,100.0,77.03,127.59,7.28,0.93,2.61,5232,5096,136,52,58.76,normal,0,0,1
2026-01-02 06:48:00,1309,congestion,client_1,server_1,router_1,2,client-router-server,1.03,0.09,59,70.21,100.0,88.94,79.29,8.52,1.03,2.15,1124,1100,24,0,27.25,normal,0,0,1
2026-01-02 06:49:00,1310,congestion,client_2,server_1,router_1,2,client-router-server,1.19,0.1,57,40.52,100.0,81.71,127.23,7.56,1.19,2.16,2055,2011,44,41,44.55,normal,0,0,1
2026-01-02 06:50:00,1311,congestion,client_2,server_1,router_1,2,client-router-server,0.96,0.12,62,37.79,100.0,86.49,125.95,6.86,0.96,5.88,1138,1072,66,41,52.35,normal,0,0,1
2026-01-02 06:51:00,1312,congestion,client_1,server_1,router_1,2,client-router-server,0.93,0.11,58,32.08,100.0,100.0,111.69,8.79,0.93,4.79,3990,3799,191,154,49.05,normal,0,0,1
2026-01-02 06:52:00,1313,congestion,client_1,server_1,router_1,2,client-router-server,1.12,0.1,66,44.15,100.0,72.29,86.22,10.12,1.12,5.52,5687,5374,313,121,15.78,normal,0,0,1
2026-01-02 06:53:00,1314,congestion,client_1,server_1,router_1,2,client-router-server,0.89,0.11,65,20.1,75.68,65.11,72.33,5.72,0.89,2.4,2687,2623,64,17,13.62,normal,0,0,0
2026-01-02 06:54:00,1315,congestion,client_2,server_1,router_1,2,client-router-server,1.25,0.12,67,72.33,100.0,57.89,109.35,8.49,1.25,2.57,2822,2750,72,59,19.31,normal,0,0,1
2026-01-02 06:55:00,1316,congestion,client_1,server_1,router_1,2,client-router-server,0.82,0.1,65,50.23,100.0,88.91,132.43,12.99,0.82,3.76,5134,4941,193,187,57.14,normal,0,0,1
2026-01-02 06:56:00,1317,congestion,client_2,server_1,router_1,2,client-router-server,0.82,0.11,67,64.98,100.0,50.4,111.23,4.55,0.82,5.12,1598,1517,81,36,8.06,normal,0,0,1
2026-01-02 06:57:00,1318,congestion,client_3,server_1,router_1,2,client-router-server,0.83,0.08,59,79.62,100.0,100.0,77.23,11.57,0.83,5.05,3328,3160,168,13,14.05,normal,0,0,1
2026-01-02 06:58:00,1319,congestion,client_2,server_1,router_1,2,client-router-server,0.88,0.09,67,60.8,100.0,100.0,136.63,9.42,0.88,2.44,1509,1473,36,11,28.9,normal,0,0,1
2026-01-02 06:59:00,1320,congestion,client_2,server_1,router_1,2,client-router-server,1.23,0.12,68,24.18,100.0,63.43,108.68,8.71,1.23,5.51,1712,1618,94,10,50.54,normal,0,0,1
2026-01-02 07:00:00,1321,congestion,client_2,server_1,router_1,2,client-router-server,0.95,0.12,55,84.63,100.0,74.85,116.92,6.93,0.95,5.91,1439,1354,85,61,57.98,normal,0,0,1
2026-01-02 07:01:00,1322,congestion,client_3,server_1,router_1,2,client-router-server,0.88,0.14,67,82.63,100.0,52.25,77.25,9.64,0.88,3.86,1774,1706,68,35,45.25,normal,0,0,1
2026-01-02 07:02:00,1323,congestion,client_3,server_1,router_1,2,client-router-server,1.2,0.08,63,68.27,100.0,100.0,127.6,12.42,1.2,5.65,4287,4045,242,213,22.43,normal,0,0,1
2026-01-02 07:03:00,1324,congestion,client_1,server_1,router_1,2,client-router-server,1.2,0.13,67,85.79,100.0,62.55,118.44,6.23,1.2,3.96,2995,2877,118,14,40.65,normal,0,0,1
2026-01-02 07:04:00,1325,congestion,client_2,server_1,router_1,2,client-router-server,0.86,0.11,63,73.75,100.0,88.03,87.99,11.8,0.86,5.94,1230,1157,73,9,33.84,normal,0,0,1
2026-01-02 07:05:00,1326,congestion,client_2,server_1,router_1,2,client-router-server,1.09,0.09,60,83.38,100.0,61.28,117.56,8.26,1.09,2.18,4041,3953,88,34,17.66,normal,0,0,1
2026-01-02 07:06:00,1327,congestion,client_3,server_1,router_1,2,client-router-server,1.14,0.12,55,90.5,100.0,71.74,76.4,12.27,1.14,1.54,4651,4580,71,23,33.2,normal,0,0,1
2026-01-02 07:07:00,1328,congestion,client_2,server_1,router_1,2,client-router-server,1.2,0.08,57,83.04,100.0,100.0,86.77,10.39,1.2,1.89,4958,4865,93,26,20.25,normal,0,0,1
2026-01-02 07:08:00,1329,congestion,client_2,server_1,router_1,2,client-router-server,1.18,0.08,61,74.33,100.0,53.58,113.83,13.04,1.18,4.52,3987,3807,180,42,50.54,normal,0,0,1
2026-01-02 07:09:00,1330,congestion,client_2,server_1,router_1,2,client-router-server,1.01,0.08,64,73.34,100.0,100.0,116.91,10.78,1.01,2.23,2797,2735,62,0,24.09,normal,0,0,1
2026-01-02 07:10:00,1331,congestion,client_1,server_1,router_1,2,client-router-server,1.0,0.12,66,67.21,100.0,86.44,83.28,9.98,1.0,4.08,4536,4351,185,114,49.02,normal,0,0,1
2026-01-02 07:11:00,1332,congestion,client_3,server_1,router_1,2,client-router-server,1.15,0.09,62,78.34,100.0,52.48,102.8,11.89,1.15,4.05,2128,2042,86,64,35.24,normal,0,0,1
2026-01-02 07:12:00,1333,congestion,client_2,server_1,router_1,2,client-router-server,0.92,0.08,58,46.02,100.0,65.3,68.08,9.34,0.92,3.08,4937,4785,152,99,35.02,normal,0,0,1
2026-01-02 07:13:00,1334,congestion,client_3,server_1,router_1,2,client-router-server,1.25,0.13,57,90.62,100.0,100.0,138.11,11.71,1.25,3.16,1827,1770,57,37,26.58,normal,0,0,1
2026-01-02 07:14:00,1335,congestion,client_3,server_1,router_1,2,client-router-server,1.05,0.11,67,61.89,100.0,100.0,130.71,5.86,1.05,1.61,3018,2970,48,22,21.73,normal,0,0,1
2026-01-02 07:15:00,1336,congestion,client_1,server_1,router_1,2,client-router-server,1.14,0.11,62,23.27,100.0,85.99,127.59,9.26,1.14,5.81,3783,3564,219,140,14.16,normal,0,0,1
2026-01-02 07:16:00,1337,congestion,client_2,server_1,router_1,2,client-router-server,1.2,0.07,62,41.89,100.0,69.97,92.93,12.94,1.2,3.04,4899,4751,148,16,44.1,normal,0,0,1
2026-01-02 07:17:00,1338,congestion,client_2,server_1,router_1,2,client-router-server,0.88,0.11,67,57.67,100.0,59.18,68.67,11.57,0.88,3.77,3128,3011,117,26,50.31,normal,0,0,1
2026-01-02 07:18:00,1339,congestion,client_3,server_1,router_1,2,client-router-server,0.77,0.12,67,86.1,100.0,74.13,69.73,12.55,0.77,3.4,5051,4880,171,165,33.66,normal,0,0,1
2026-01-02 07:19:00,1340,congestion,client_1,server_1,router_1,2,client-router-server,0.77,0.12,58,28.21,100.0,97.28,132.13,10.32,0.77,4.65,3949,3766,183,133,6.5,normal,0,0,1
2026-01-02 07:20:00,1341,congestion,client_2,server_1,router_1,2,client-router-server,0.96,0.1,67,53.86,100.0,100.0,122.71,14.63,0.96,5.73,2507,2364,143,83,38.89,normal,0,0,1
2026-01-02 07:21:00,1342,congestion,client_1,server_1,router_1,2,client-router-server,1.21,0.1,59,50.96,100.0,100.0,79.97,9.37,1.21,1.76,5508,5412,96,39,19.67,normal,0,0,1
2026-01-02 07:22:00,1343,congestion,client_1,server_1,router_1,2,client-router-server,1.15,0.09,55,83.37,100.0,56.32,65.29,10.37,1.15,4.8,2637,2511,126,100,29.68,normal,0,0,1
2026-01-02 07:23:00,1344,congestion,client_2,server_1,router_1,2,client-router-server,1.2,0.09,63,51.17,100.0,100.0,75.75,5.39,1.2,5.45,4724,4467,257,53,35.7,normal,0,0,1
2026-01-02 07:24:00,1345,congestion,client_3,server_1,router_1,2,client-router-server,0.94,0.07,65,37.73,100.0,54.25,122.46,9.02,0.94,3.74,1150,1107,43,28,38.09,normal,0,0,1
2026-01-02 07:25:00,1346,congestion,client_1,server_1,router_1,2,client-router-server,0.87,0.08,63,33.48,100.0,97.7,106.82,15.44,0.87,5.6,1483,1400,83,34,52.25,normal,0,0,1
2026-01-02 07:26:00,1347,congestion,client_3,server_1,router_1,2,client-router-server,1.22,0.12,55,69.4,100.0,97.39,70.48,9.61,1.22,2.51,4842,4721,121,72,51.5,normal,0,0,1
2026-01-02 07:27:00,1348,congestion,client_2,server_1,router_1,2,client-router-server,1.05,0.13,68,44.51,100.0,65.1,78.8,6.55,1.05,1.56,2396,2359,37,18,30.35,normal,0,0,1
2026-01-02 07:28:00,1349,congestion,client_3,server_1,router_1,2,client-router-server,1.22,0.11,56,79.49,100.0,100.0,86.04,13.03,1.22,3.87,3406,3275,131,129,28.99,normal,0,0,1
2026-01-02 07:29:00,1350,congestion,client_1,server_1,router_1,2,client-router-server,1.23,0.13,60,20.38,74.03,42.31,70.66,8.7,1.23,1.19,4410,4358,52,48,57.9,normal,0,0,0
2026-01-02 07:30:00,1351,congestion,client_2,server_1,router_1,2,client-router-server,1.11,0.07,65,48.51,100.0,81.05,68.99,15.46,1.11,3.6,5679,5475,204,19,57.38,normal,0,0,1
2026-01-02 07:31:00,1352,congestion,client_3,server_1,router_1,2,client-router-server,1.01,0.1,57,78.27,100.0,100.0,130.13,10.43,1.01,1.97,5042,4943,99,59,23.28,normal,0,0,1
2026-01-02 07:32:00,1353,congestion,client_3,server_1,router_1,2,client-router-server,0.91,0.08,67,52.31,100.0,100.0,98.05,9.12,0.91,4.0,3793,3642,151,47,46.01,normal,0,0,1
2026-01-02 07:33:00,1354,congestion,client_2,server_1,router_1,2,client-router-server,0.93,0.07,61,50.04,100.0,53.75,66.81,13.48,0.93,5.33,3295,3120,175,85,30.45,normal,0,0,1
2026-01-02 07:34:00,1355,congestion,client_1,server_1,router_1,2,client-router-server,0.93,0.12,59,49.75,100.0,76.72,100.78,3.61,0.93,5.99,3486,3278,208,116,13.24,normal,0,0,1
2026-01-02 07:35:00,1356,congestion,client_3,server_1,router_1,2,client-router-server,1.15,0.07,66,41.68,100.0,58.33,73.36,10.78,1.15,2.51,1029,1004,25,22,47.3,normal,0,0,1
2026-01-02 07:36:00,1357,congestion,client_1,server_1,router_1,2,client-router-server,0.99,0.13,67,55.4,100.0,75.8,96.28,6.97,0.99,2.75,2457,2390,67,31,28.36,normal,0,0,1
2026-01-02 07:37:00,1358,congestion,client_3,server_1,router_1,2,client-router-server,0.79,0.09,62,74.49,100.0,54.79,126.47,10.28,0.79,4.21,5883,5636,247,47,55.14,normal,0,0,1
2026-01-02 07:38:00,1359,congestion,client_3,server_1,router_1,2,client-router-server,1.11,0.08,67,37.0,100.0,68.8,76.0,5.84,1.11,3.12,2775,2689,86,60,48.34,normal,0,0,1
2026-01-02 07:39:00,1360,congestion,client_3,server_1,router_1,2,client-router-server,1.19,0.08,56,57.63,100.0,51.52,90.51,11.62,1.19,2.74,5202,5060,142,122,22.17,normal,0,0,1
2026-01-02 07:40:00,1361,congestion,client_1,server_1,router_1,2,client-router-server,1.16,0.14,55,75.36,100.0,98.36,77.13,6.95,1.16,2.75,2483,2415,68,39,35.95,normal,0,0,1
2026-01-02 07:41:00,1362,congestion,client_3,server_1,router_1,2,client-router-server,1.14,0.12,57,84.01,100.0,65.2,66.0,10.55,1.14,2.86,3496,3397,99,63,39.87,normal,0,0,1
2026-01-02 07:42:00,1363,congestion,client_2,server_1,router_1,2,client-router-server,1.19,0.09,59,64.0,100.0,68.54,75.24,9.68,1.19,5.65,1618,1527,91,58,27.1,normal,0,0,1
2026-01-02 07:43:00,1364,congestion,client_1,server_1,router_1,2,client-router-server,1.09,0.1,57,83.42,100.0,100.0,87.83,13.96,1.09,3.25,4665,4514,151,43,19.69,normal,0,0,1
2026-01-02 07:44:00,1365,congestion,client_3,server_1,router_1,2,client-router-server,1.22,0.14,67,79.28,100.0,67.91,92.79,6.32,1.22,3.21,2409,2332,77,32,51.43,normal,0,0,1
2026-01-02 07:45:00,1366,congestion,client_1,server_1,router_1,2,client-router-server,1.0,0.09,66,30.48,100.0,75.07,86.58,12.68,1.0,5.09,4905,4656,249,243,55.89,normal,0,0,1
2026-01-02 07:46:00,1367,congestion,client_3,server_1,router_1,2,client-router-server,0.77,0.1,57,85.68,100.0,56.52,94.14,11.5,0.77,5.71,2187,2063,124,94,27.78,normal,0,0,1
2026-01-02 07:47:00,1368,congestion,client_1,server_1,router_1,2,client-router-server,1.11,0.13,59,22.63,100.0,93.98,73.22,11.83,1.11,4.0,5925,5688,237,220,29.77,normal,0,0,1
2026-01-02 07:48:00,1369,congestion,client_2,server_1,router_1,2,client-router-server,1.2,0.12,58,64.98,100.0,52.72,115.03,14.74,1.2,3.26,1162,1125,37,1,58.92,normal,0,0,1
2026-01-02 07:49:00,1370,congestion,client_1,server_1,router_1,2,client-router-server,1.06,0.13,58,22.95,80.38,67.24,109.57,5.72,1.06,2.88,2729,2651,78,77,59.31,normal,0,0,1
2026-01-02 07:50:00,1371,congestion,client_1,server_1,router_1,2,client-router-server,0.91,0.14,65,45.91,100.0,77.88,94.22,11.19,0.91,1.96,2680,2628,52,38,55.76,normal,0,0,1
2026-01-02 07:51:00,1372,congestion,client_2,server_1,router_1,2,client-router-server,1.07,0.12,59,88.52,100.0,68.72,87.34,7.03,1.07,4.1,1403,1346,57,15,23.78,normal,0,0,1
2026-01-02 07:52:00,1373,congestion,client_3,server_1,router_1,2,client-router-server,0.88,0.11,55,50.5,100.0,66.68,103.63,10.0,0.88,4.89,2523,2400,123,99,58.92,normal,0,0,1
2026-01-02 07:53:00,1374,congestion,client_1,server_1,router_1,2,client-router-server,1.1,0.1,62,51.32,100.0,71.03,75.46,14.57,1.1,4.81,2541,2419,122,15,39.71,normal,0,0,1
2026-01-02 07:54:00,1375,congestion,client_2,server_1,router_1,2,client-router-server,0.98,0.14,57,48.33,100.0,90.2,123.48,6.68,0.98,2.8,1533,1491,42,2,44.01,normal,0,0,1
2026-01-02 07:55:00,1376,congestion,client_3,server_1,router_1,2,client-router-server,1.05,0.11,61,72.28,100.0,83.5,116.5,8.47,1.05,5.47,4608,4356,252,187,51.29,normal,0,0,1
2026-01-02 07:56:00,1377,congestion,client_1,server_1,router_1,2,client-router-server,1.17,0.08,59,85.55,100.0,80.36,75.33,6.26,1.17,4.51,3899,3724,175,153,10.97,normal,0,0,1
2026-01-02 07:57:00,1378,congestion,client_1,server_1,router_1,2,client-router-server,0.9,0.07,61,26.46,100.0,93.41,117.31,12.86,0.9,3.0,4124,4001,123,23,18.58,normal,0,0,1
2026-01-02 07:58:00,1379,congestion,client_1,server_1,router_1,2,client-router-server,0.86,0.13,67,74.61,100.0,100.0,128.63,14.63,0.86,5.11,4827,4581,246,101,28.4,normal,0,0,1
2026-01-02 07:59:00,1380,congestion,client_3,server_1,router_1,2,client-router-server,0.97,0.1,61,57.75,100.0,100.0,91.57,5.31,0.97,2.36,3079,3007,72,32,45.19,normal,0,0,1
2026-01-02 08:00:00,1381,congestion,client_1,server_1,router_1,2,client-router-server,0.96,0.09,57,40.56,100.0,69.54,88.77,7.26,0.96,1.84,2860,2808,52,15,11.87,normal,0,0,1
2026-01-02 08:01:00,1382,congestion,client_3,server_1,router_1,2,client-router-server,0.83,0.11,67,29.43,100.0,86.75,117.52,6.92,0.83,4.55,2862,2732,130,23,21.71,normal,0,0,1
2026-01-02 08:02:00,1383,congestion,client_3,server_1,router_1,2,client-router-server,0.83,0.09,60,25.62,100.0,100.0,80.46,4.92,0.83,3.85,4830,4645,185,165,15.31,normal,0,0,1
2026-01-02 08:03:00,1384,congestion,client_3,server_1,router_1,2,client-router-server,0.84,0.14,65,72.12,100.0,55.87,102.59,14.33,0.84,4.08,5876,5637,239,72,24.65,normal,0,0,1
2026-01-02 08:04:00,1385,congestion,client_3,server_1,router_1,2,client-router-server,1.12,0.14,64,58.43,100.0,84.22,103.09,8.86,1.12,4.18,3815,3656,159,34,47.72,normal,0,0,1
2026-01-02 08:05:00,1386,congestion,client_1,server_1,router_1,2,client-router-server,1.24,0.11,66,76.34,100.0,89.41,118.04,11.2,1.24,2.57,2735,2665,70,70,34.94,normal,0,0,1
2026-01-02 08:06:00,1387,congestion,client_2,server_1,router_1,2,client-router-server,1.15,0.08,63,34.25,100.0,100.0,109.11,11.22,1.15,2.29,4967,4854,113,59,36.77,normal,0,0,1
2026-01-02 08:07:00,1388,congestion,client_2,server_1,router_1,2,client-router-server,1.03,0.1,68,23.75,82.44,45.63,79.68,6.53,1.03,3.49,3503,3381,122,121,26.9,normal,0,0,0
2026-01-02 08:08:00,1389,congestion,client_2,server_1,router_1,2,client-router-server,0.95,0.09,62,81.43,100.0,68.62,88.41,11.25,0.95,4.26,4834,4629,205,12,45.65,normal,0,0,1
2026-01-02 08:09:00,1390,congestion,client_2,server_1,router_1,2,client-router-server,0.98,0.12,67,59.02,100.0,75.18,117.68,8.31,0.98,3.11,2960,2868,92,81,58.74,normal,0,0,1
2026-01-02 08:10:00,1391,congestion,client_1,server_1,router_1,2,client-router-server,0.95,0.07,55,63.12,100.0,100.0,135.72,9.75,0.95,4.52,4721,4508,213,182,15.54,normal,0,0,1
2026-01-02 08:11:00,1392,congestion,client_2,server_1,router_1,2,client-router-server,0.89,0.09,66,71.32,100.0,98.09,72.38,13.51,0.89,5.55,5921,5593,328,210,23.04,normal,0,0,1
2026-01-02 08:12:00,1393,congestion,client_1,server_1,router_1,2,client-router-server,0.94,0.08,59,33.25,100.0,72.85,126.52,8.13,0.94,3.74,5752,5537,215,118,52.91,normal,0,0,1
2026-01-02 08:13:00,1394,congestion,client_3,server_1,router_1,2,client-router-server,0.9,0.11,63,38.21,100.0,91.9,84.1,12.01,0.9,2.09,2000,1959,41,38,36.74,normal,0,0,1
2026-01-02 08:14:00,1395,congestion,client_3,server_1,router_1,2,client-router-server,0.82,0.07,67,92.28,100.0,95.52,129.37,7.13,0.82,5.34,3017,2856,161,14,8.03,normal,0,0,1
2026-01-02 08:15:00,1396,congestion,client_2,server_1,router_1,2,client-router-server,0.79,0.09,58,91.3,100.0,69.86,75.38,10.8,0.79,4.79,4203,4002,201,70,20.08,normal,0,0,1
2026-01-02 08:16:00,1397,congestion,client_1,server_1,router_1,2,client-router-server,1.01,0.07,68,54.18,100.0,67.87,116.79,6.19,1.01,4.99,4752,4515,237,187,29.64,normal,0,0,1
2026-01-02 08:17:00,1398,congestion,client_1,server_1,router_1,2,client-router-server,0.8,0.07,58,89.01,100.0,85.96,98.69,11.46,0.8,3.74,5952,5730,222,181,12.31,normal,0,0,1
2026-01-02 08:18:00,1399,congestion,client_2,server_1,router_1,2,client-router-server,1.23,0.11,68,84.75,100.0,85.69,105.66,10.68,1.23,2.65,2449,2385,64,27,11.63,normal,0,0,1
2026-01-02 08:19:00,1400,congestion,client_1,server_1,router_1,2,client-router-server,1.09,0.09,56,40.97,100.0,56.79,104.93,11.96,1.09,4.78,3868,3684,184,106,45.86,normal,0,0,1
2026-01-02 08:20:00,1401,congestion,client_2,server_1,router_1,2,client-router-server,1.23,0.13,68,80.78,100.0,80.43,129.79,15.02,1.23,2.45,4236,4133,103,42,18.81,normal,0,0,1
2026-01-02 08:21:00,1402,congestion,client_1,server_1,router_1,2,client-router-server,0.76,0.08,57,35.6,100.0,100.0,85.66,12.57,0.76,1.66,4976,4894,82,55,33.29,normal,0,0,1
2026-01-02 08:22:00,1403,congestion,client_1,server_1,router_1,2,client-router-server,1.23,0.11,58,39.33,100.0,100.0,87.09,6.58,1.23,3.97,1669,1603,66,1,35.81,normal,0,0,1
2026-01-02 08:23:00,1404,congestion,client_2,server_1,router_1,2,client-router-server,0.91,0.09,66,24.6,100.0,52.76,111.38,10.5,0.91,3.75,3376,3250,126,44,15.39,normal,0,0,1
2026-01-02 08:24:00,1405,congestion,client_1,server_1,router_1,2,client-router-server,0.91,0.13,60,64.39,100.0,85.11,80.52,8.96,0.91,1.7,4264,4192,72,65,27.65,normal,0,0,1
2026-01-02 08:25:00,1406,congestion,client_2,server_1,router_1,2,client-router-server,0.75,0.13,60,50.74,100.0,100.0,84.73,6.58,0.75,4.96,1241,1180,61,40,45.22,normal,0,0,1
2026-01-02 08:26:00,1407,congestion,client_3,server_1,router_1,2,client-router-server,0.89,0.14,58,66.02,100.0,98.91,73.66,11.05,0.89,2.61,4830,4704,126,34,14.18,normal,0,0,1
2026-01-02 08:27:00,1408,congestion,client_2,server_1,router_1,2,client-router-server,0.79,0.08,57,79.12,100.0,100.0,100.0,7.78,0.79,3.83,5814,5592,222,177,11.87,normal,0,0,1
2026-01-02 08:28:00,1409,congestion,client_2,server_1,router_1,2,client-router-server,0.97,0.09,59,81.51,100.0,100.0,94.97,7.5,0.97,4.24,4593,4399,194,11,25.66,normal,0,0,1
2026-01-02 08:29:00,1410,congestion,client_2,server_1,router_1,2,client-router-server,0.79,0.11,57,77.51,100.0,67.22,114.99,13.59,0.79,3.32,4487,4339,148,84,8.88,normal,0,0,1
2026-01-02 08:30:00,1411,congestion,client_2,server_1,router_1,2,client-router-server,1.18,0.12,61,30.4,100.0,59.13,89.36,14.82,1.18,1.51,4919,4845,74,0,23.21,normal,0,0,1
2026-01-02 08:31:00,1412,congestion,client_3,server_1,router_1,2,client-router-server,0.99,0.08,66,78.22,100.0,64.93,75.64,9.87,0.99,2.44,5182,5056,126,30,24.62,normal,0,0,1
2026-01-02 08:32:00,1413,congestion,client_3,server_1,router_1,2,client-router-server,1.03,0.1,66,35.84,100.0,97.61,129.74,14.77,1.03,3.31,3447,3333,114,104,6.63,normal,0,0,1
2026-01-02 08:33:00,1414,congestion,client_3,server_1,router_1,2,client-router-server,1.08,0.13,68,58.15,100.0,54.55,66.44,10.49,1.08,3.4,1691,1634,57,8,34.49,normal,0,0,1
2026-01-02 08:34:00,1415,congestion,client_2,server_1,router_1,2,client-router-server,0.89,0.08,63,77.75,100.0,94.93,132.51,8.21,0.89,4.73,4901,4670,231,7,38.45,normal,0,0,1
2026-01-02 08:35:00,1416,congestion,client_3,server_1,router_1,2,client-router-server,1.03,0.1,60,79.98,100.0,91.71,91.48,6.41,1.03,3.69,2674,2576,98,21,37.02,normal,0,0,1
2026-01-02 08:36:00,1417,congestion,client_2,server_1,router_1,2,client-router-server,0.81,0.11,68,66.65,100.0,56.57,115.15,7.01,0.81,4.7,3269,3116,153,39,52.24,normal,0,0,1
2026-01-02 08:37:00,1418,congestion,client_1,server_1,router_1,2,client-router-server,1.2,0.08,63,93.76,100.0,82.87,97.03,8.14,1.2,4.7,2955,2817,138,125,21.64,normal,0,0,1
2026-01-02 08:38:00,1419,congestion,client_3,server_1,router_1,2,client-router-server,1.0,0.09,62,25.96,100.0,59.1,112.49,6.14,1.0,4.14,4699,4505,194,80,27.53,normal,0,0,1
2026-01-02 08:39:00,1420,congestion,client_3,server_1,router_1,2,client-router-server,0.97,0.12,59,30.97,100.0,68.78,82.71,7.69,0.97,2.95,1224,1188,36,36,35.24,normal,0,0,1
2026-01-02 08:40:00,1421,congestion,client_1,server_1,router_1,2,client-router-server,1.1,0.08,67,62.87,100.0,86.73,81.02,6.12,1.1,4.47,1554,1485,69,11,12.46,normal,0,0,1
2026-01-02 08:41:00,1422,congestion,client_2,server_1,router_1,2,client-router-server,1.02,0.07,57,63.74,100.0,60.63,99.28,9.37,1.02,5.21,2015,1911,104,28,22.34,normal,0,0,1
2026-01-02 08:42:00,1423,congestion,client_2,server_1,router_1,2,client-router-server,1.04,0.14,62,39.35,100.0,100.0,139.22,13.48,1.04,5.43,5183,4902,281,207,17.46,normal,0,0,1
2026-01-02 08:43:00,1424,congestion,client_1,server_1,router_1,2,client-router-server,1.0,0.12,62,41.77,100.0,100.0,98.3,8.04,1.0,2.42,4360,4255,105,86,16.09,normal,0,0,1
2026-01-02 08:44:00,1425,congestion,client_3,server_1,router_1,2,client-router-server,0.89,0.11,55,38.49,100.0,100.0,138.95,14.08,0.89,3.7,4402,4240,162,120,6.89,normal,0,0,1
2026-01-02 08:45:00,1426,congestion,client_1,server_1,router_1,2,client-router-server,0.84,0.13,63,35.57,100.0,80.38,128.65,4.7,0.84,4.83,3187,3034,153,19,26.23,normal,0,0,1
2026-01-02 08:46:00,1427,congestion,client_1,server_1,router_1,2,client-router-server,0.82,0.11,64,20.59,100.0,89.21,104.58,5.36,0.82,2.48,3040,2965,75,65,35.72,normal,0,0,1
2026-01-02 08:47:00,1428,congestion,client_2,server_1,router_1,2,client-router-server,0.94,0.14,57,65.18,100.0,92.45,82.1,10.83,0.94,2.3,3894,3805,89,47,23.92,normal,0,0,1
2026-01-02 08:48:00,1429,congestion,client_1,server_1,router_1,2,client-router-server,0.91,0.13,62,69.1,100.0,100.0,113.24,11.7,0.91,4.75,4263,4061,202,136,43.97,normal,0,0,1
2026-01-02 08:49:00,1430,congestion,client_1,server_1,router_1,2,client-router-server,0.92,0.11,64,27.33,100.0,57.96,124.14,13.09,0.92,4.05,5734,5502,232,50,35.09,normal,0,0,1
2026-01-02 08:50:00,1431,congestion,client_3,server_1,router_1,2,client-router-server,0.87,0.08,58,82.99,100.0,88.92,119.51,9.19,0.87,3.83,3063,2946,117,100,12.6,normal,0,0,1
2026-01-02 08:51:00,1432,congestion,client_2,server_1,router_1,2,client-router-server,0.92,0.11,66,45.77,100.0,83.92,130.46,9.17,0.92,5.47,5577,5272,305,50,48.24,normal,0,0,1
2026-01-02 08:52:00,1433,congestion,client_3,server_1,router_1,2,client-router-server,1.04,0.13,68,79.61,100.0,100.0,75.62,9.16,1.04,2.64,2116,2061,55,36,19.77,normal,0,0,1
2026-01-02 08:53:00,1434,congestion,client_1,server_1,router_1,2,client-router-server,1.19,0.11,56,59.32,100.0,51.76,116.14,10.78,1.19,5.14,4932,4679,253,63,50.29,normal,0,0,1
2026-01-02 08:54:00,1435,congestion,client_3,server_1,router_1,2,client-router-server,1.18,0.1,63,82.09,100.0,77.62,106.81,9.59,1.18,5.01,1235,1174,61,12,13.83,normal,0,0,1
2026-01-02 08:55:00,1436,congestion,client_2,server_1,router_1,2,client-router-server,0.87,0.1,59,22.87,100.0,99.66,119.46,7.54,0.87,5.26,1513,1434,79,31,27.4,normal,0,0,1
2026-01-02 08:56:00,1437,congestion,client_1,server_1,router_1,2,client-router-server,0.97,0.09,67,71.83,100.0,55.66,75.74,12.6,0.97,4.69,2849,2716,133,18,33.7,normal,0,0,1
2026-01-02 08:57:00,1438,congestion,client_2,server_1,router_1,2,client-router-server,0.95,0.13,56,89.22,100.0,60.27,109.04,11.79,0.95,2.98,1427,1385,42,17,31.72,normal,0,0,1
2026-01-02 08:58:00,1439,congestion,client_2,server_1,router_1,2,client-router-server,1.23,0.13,64,38.6,100.0,100.0,108.01,8.25,1.23,4.01,4386,4211,175,148,22.81,normal,0,0,1
2026-01-02 08:59:00,1440,congestion,client_2,server_1,router_1,2,client-router-server,0.95,0.13,62,29.21,100.0,68.02,108.25,6.57,0.95,3.82,4958,4769,189,55,41.9,normal,0,0,1
2026-01-02 09:00:00,1441,congestion,client_2,server_1,router_1,2,client-router-server,0.91,0.13,57,71.12,100.0,100.0,121.75,4.25,0.91,5.16,5985,5677,308,84,26.12,normal,0,0,1
2026-01-02 09:01:00,1442,congestion,client_2,server_1,router_1,2,client-router-server,0.78,0.1,65,65.53,100.0,54.52,97.73,6.95,0.78,2.35,3792,3703,89,85,38.56,normal,0,0,1
2026-01-02 09:02:00,1443,congestion,client_3,server_1,router_1,2,client-router-server,1.24,0.1,56,39.84,100.0,98.51,109.21,6.34,1.24,2.95,2066,2006,60,3,20.52,normal,0,0,1
2026-01-02 09:03:00,1444,congestion,client_2,server_1,router_1,2,client-router-server,0.78,0.11,59,50.38,100.0,100.0,103.99,10.82,0.78,4.26,3489,3341,148,110,47.75,normal,0,0,1
2026-01-02 09:04:00,1445,congestion,client_2,server_1,router_1,2,client-router-server,0.98,0.11,66,54.63,100.0,71.69,109.81,6.55,0.98,5.59,2654,2506,148,56,51.13,normal,0,0,1
2026-01-02 09:05:00,1446,congestion,client_1,server_1,router_1,2,client-router-server,0.76,0.07,57,20.83,100.0,76.94,67.49,9.98,0.76,5.71,2757,2600,157,104,34.74,normal,0,0,1
2026-01-02 09:06:00,1447,congestion,client_2,server_1,router_1,2,client-router-server,0.93,0.1,67,64.24,100.0,67.18,68.17,6.46,0.93,4.89,3507,3336,171,38,56.93,normal,0,0,1
2026-01-02 09:07:00,1448,congestion,client_2,server_1,router_1,2,client-router-server,1.05,0.14,56,49.92,100.0,82.27,132.79,7.79,1.05,3.07,3058,2965,93,55,37.75,normal,0,0,1
2026-01-02 09:08:00,1449,congestion,client_3,server_1,router_1,2,client-router-server,1.21,0.08,59,73.65,100.0,86.01,132.17,12.04,1.21,5.26,1287,1220,67,61,26.6,normal,0,0,1
2026-01-02 09:09:00,1450,congestion,client_3,server_1,router_1,2,client-router-server,1.15,0.08,57,35.67,100.0,58.1,81.76,5.46,1.15,4.68,3451,3290,161,75,43.07,normal,0,0,1
2026-01-02 09:10:00,1451,congestion,client_1,server_1,router_1,2,client-router-server,1.01,0.14,63,71.66,100.0,88.29,78.56,11.03,1.01,5.79,2438,2297,141,121,47.45,normal,0,0,1
2026-01-02 09:11:00,1452,congestion,client_3,server_1,router_1,2,client-router-server,0.93,0.08,61,88.21,100.0,61.39,113.52,4.83,0.93,1.69,5600,5506,94,28,49.83,normal,0,0,1
2026-01-02 09:12:00,1453,congestion,client_3,server_1,router_1,2,client-router-server,1.15,0.11,62,40.33,100.0,87.11,133.99,10.4,1.15,3.22,5517,5340,177,60,40.85,normal,0,0,1
2026-01-02 09:13:00,1454,congestion,client_3,server_1,router_1,2,client-router-server,1.12,0.07,59,32.67,100.0,70.48,72.82,14.64,1.12,5.38,4913,4649,264,219,10.56,normal,0,0,1
2026-01-02 09:14:00,1455,congestion,client_1,server_1,router_1,2,client-router-server,0.96,0.09,63,81.29,100.0,50.04,121.34,6.92,0.96,5.96,2637,2480,157,49,22.6,normal,0,0,1
2026-01-02 09:15:00,1456,congestion,client_1,server_1,router_1,2,client-router-server,1.12,0.07,61,25.65,100.0,100.0,118.34,13.39,1.12,5.58,1367,1291,76,54,25.68,normal,0,0,1
2026-01-02 09:16:00,1457,congestion,client_3,server_1,router_1,2,client-router-server,0.91,0.07,61,88.27,100.0,100.0,86.02,10.38,0.91,4.49,3398,3246,152,46,50.72,normal,0,0,1
2026-01-02 09:17:00,1458,congestion,client_1,server_1,router_1,2,client-router-server,0.96,0.13,55,92.61,100.0,93.06,86.46,9.98,0.96,5.52,5451,5151,300,237,51.22,normal,0,0,1
2026-01-02 09:18:00,1459,congestion,client_1,server_1,router_1,2,client-router-server,0.91,0.12,66,62.8,100.0,65.38,76.33,5.82,0.91,4.35,1699,1626,73,46,14.93,normal,0,0,1
2026-01-02 09:19:00,1460,congestion,client_2,server_1,router_1,2,client-router-server,1.08,0.11,68,44.19,100.0,84.29,96.92,10.4,1.08,4.89,3252,3093,159,41,47.22,normal,0,0,1
2026-01-02 09:20:00,1461,congestion,client_1,server_1,router_1,2,client-router-server,0.75,0.11,67,20.8,100.0,58.77,110.45,8.1,0.75,3.16,4241,4107,134,61,45.31,normal,0,0,1
2026-01-02 09:21:00,1462,congestion,client_3,server_1,router_1,2,client-router-server,1.1,0.07,64,35.27,100.0,92.07,89.57,9.0,1.1,2.32,4194,4097,97,35,25.18,normal,0,0,1
2026-01-02 09:22:00,1463,congestion,client_1,server_1,router_1,2,client-router-server,1.08,0.09,66,79.41,100.0,100.0,132.68,6.63,1.08,1.7,2245,2207,38,31,17.23,normal,0,0,1
2026-01-02 09:23:00,1464,congestion,client_2,server_1,router_1,2,client-router-server,1.2,0.08,55,73.53,100.0,75.25,129.4,9.3,1.2,3.65,2412,2324,88,27,26.54,normal,0,0,1
2026-01-02 09:24:00,1465,congestion,client_3,server_1,router_1,2,client-router-server,1.08,0.11,57,88.13,100.0,66.14,121.1,12.28,1.08,3.34,3431,3317,114,31,22.88,normal,0,0,1
2026-01-02 09:25:00,1466,congestion,client_2,server_1,router_1,2,client-router-server,0.86,0.1,66,87.96,100.0,100.0,111.61,8.28,0.86,5.98,5600,5266,334,241,40.34,normal,0,0,1
2026-01-02 09:26:00,1467,congestion,client_3,server_1,router_1,2,client-router-server,0.85,0.07,60,33.75,100.0,95.62,72.73,10.19,0.85,5.25,2167,2054,113,81,30.34,normal,0,0,1
2026-01-02 09:27:00,1468,congestion,client_1,server_1,router_1,2,client-router-server,0.89,0.09,60,67.74,100.0,99.0,74.51,7.38,0.89,3.0,2702,2621,81,31,11.54,normal,0,0,1
2026-01-02 09:28:00,1469,congestion,client_1,server_1,router_1,2,client-router-server,1.23,0.07,62,39.27,96.59,82.45,110.48,6.24,1.23,2.14,2373,2323,50,14,6.24,normal,0,0,1
2026-01-02 09:29:00,1470,congestion,client_3,server_1,router_1,2,client-router-server,1.02,0.11,61,28.3,100.0,54.31,113.77,9.33,1.02,2.57,3998,3896,102,25,54.94,normal,0,0,1
2026-01-02 09:30:00,1471,congestion,client_2,server_1,router_1,2,client-router-server,0.82,0.14,66,34.93,100.0,98.96,107.5,11.47,0.82,5.99,1027,966,61,12,6.3,normal,0,0,1
2026-01-02 09:31:00,1472,congestion,client_2,server_1,router_1,2,client-router-server,1.23,0.11,60,24.49,100.0,100.0,133.65,9.88,1.23,5.22,3536,3352,184,177,41.73,normal,0,0,1
2026-01-02 09:32:00,1473,congestion,client_1,server_1,router_1,2,client-router-server,0.97,0.09,59,56.67,100.0,100.0,118.3,8.93,0.97,5.52,2599,2456,143,94,37.7,normal,0,0,1
2026-01-02 09:33:00,1474,congestion,client_2,server_1,router_1,2,client-router-server,0.97,0.08,57,94.96,100.0,77.25,82.67,9.72,0.97,4.43,3607,3448,159,98,29.18,normal,0,0,1
2026-01-02 09:34:00,1475,congestion,client_3,server_1,router_1,2,client-router-server,0.88,0.12,63,40.91,100.0,63.83,89.64,10.72,0.88,5.5,3809,3600,209,191,25.61,normal,0,0,1
2026-01-02 09:35:00,1476,congestion,client_3,server_1,router_1,2,client-router-server,1.1,0.13,56,31.76,100.0,68.87,123.98,3.35,1.1,5.4,2389,2260,129,103,55.47,normal,0,0,1
2026-01-02 09:36:00,1477,congestion,client_1,server_1,router_1,2,client-router-server,0.91,0.08,60,87.09,100.0,100.0,118.81,9.62,0.91,4.31,1318,1262,56,52,59.58,normal,0,0,1
2026-01-02 09:37:00,1478,congestion,client_2,server_1,router_1,2,client-router-server,1.16,0.08,59,42.38,100.0,67.95,65.76,13.18,1.16,3.88,4364,4195,169,161,43.61,normal,0,0,1
2026-01-02 09:38:00,1479,congestion,client_1,server_1,router_1,2,client-router-server,0.93,0.13,57,72.09,100.0,81.46,131.66,13.59,0.93,3.22,3476,3365,111,64,40.61,normal,0,0,1
2026-01-02 09:39:00,1480,congestion,client_1,server_1,router_1,2,client-router-server,1.12,0.1,56,67.26,100.0,97.96,136.93,9.46,1.12,2.78,4806,4673,133,112,34.99,normal,0,0,1
2026-01-02 09:40:00,1481,congestion,client_1,server_1,router_1,2,client-router-server,1.01,0.12,67,21.37,95.85,100.0,107.68,8.14,1.01,4.54,2957,2823,134,81,54.78,normal,0,0,1
2026-01-02 09:41:00,1482,congestion,client_3,server_1,router_1,2,client-router-server,1.11,0.11,64,53.82,100.0,100.0,75.61,14.53,1.11,2.64,4950,4820,130,114,37.84,normal,0,0,1
2026-01-02 09:42:00,1483,congestion,client_3,server_1,router_1,2,client-router-server,1.16,0.11,65,72.99,100.0,100.0,136.66,9.67,1.16,5.73,5244,4944,300,66,46.2,normal,0,0,1
2026-01-02 09:43:00,1484,congestion,client_1,server_1,router_1,2,client-router-server,1.19,0.07,65,88.16,100.0,100.0,123.78,7.65,1.19,5.02,5934,5637,297,58,33.38,normal,0,0,1
2026-01-02 09:44:00,1485,congestion,client_1,server_1,router_1,2,client-router-server,1.13,0.09,66,35.36,100.0,95.36,136.67,9.61,1.13,4.78,2777,2645,132,85,40.68,normal,0,0,1
2026-01-02 09:45:00,1486,congestion,client_1,server_1,router_1,2,client-router-server,0.81,0.09,55,82.4,100.0,100.0,124.43,13.12,0.81,5.27,4117,3901,216,129,36.88,normal,0,0,1
2026-01-02 09:46:00,1487,congestion,client_1,server_1,router_1,2,client-router-server,0.89,0.14,65,39.77,100.0,62.71,103.98,7.83,0.89,2.08,1670,1636,34,27,29.76,normal,0,0,1
2026-01-02 09:47:00,1488,congestion,client_3,server_1,router_1,2,client-router-server,0.82,0.1,64,56.21,100.0,76.59,98.94,8.83,0.82,2.41,1841,1797,44,18,6.71,normal,0,0,1
2026-01-02 09:48:00,1489,congestion,client_3,server_1,router_1,2,client-router-server,0.79,0.1,62,23.02,100.0,81.06,115.18,13.02,0.79,1.85,2044,2007,37,31,40.09,normal,0,0,1
2026-01-02 09:49:00,1490,congestion,client_3,server_1,router_1,2,client-router-server,0.86,0.1,68,58.09,100.0,56.35,75.3,9.1,0.86,1.7,2170,2134,36,32,18.36,normal,0,0,1
2026-01-02 09:50:00,1491,congestion,client_2,server_1,router_1,2,client-router-server,1.12,0.08,66,72.7,100.0,96.54,109.48,7.08,1.12,5.49,3215,3039,176,28,35.25,normal,0,0,1
2026-01-02 09:51:00,1492,congestion,client_3,server_1,router_1,2,client-router-server,0.99,0.09,59,37.16,100.0,56.57,111.36,8.86,0.99,4.31,2508,2400,108,94,15.23,normal,0,0,1
2026-01-02 09:52:00,1493,congestion,client_3,server_1,router_1,2,client-router-server,0.9,0.1,65,26.86,100.0,51.28,92.2,12.55,0.9,5.2,4451,4220,231,89,43.29,normal,0,0,1
2026-01-02 09:53:00,1494,congestion,client_3,server_1,router_1,2,client-router-server,1.03,0.12,63,64.14,100.0,67.91,130.68,9.1,1.03,2.63,2251,2192,59,23,45.07,normal,0,0,1
2026-01-02 09:54:00,1495,congestion,client_1,server_1,router_1,2,client-router-server,1.16,0.1,56,39.1,100.0,60.37,68.66,8.95,1.16,4.18,4383,4200,183,33,28.7,normal,0,0,1
2026-01-02 09:55:00,1496,congestion,client_2,server_1,router_1,2,client-router-server,0.91,0.11,67,26.18,100.0,95.94,111.6,11.61,0.91,5.98,3386,3184,202,164,51.98,normal,0,0,1
2026-01-02 09:56:00,1497,congestion,client_1,server_1,router_1,2,client-router-server,0.91,0.13,64,31.67,100.0,53.57,112.16,7.22,0.91,5.85,1652,1556,96,10,33.26,normal,0,0,1
2026-01-02 09:57:00,1498,congestion,client_3,server_1,router_1,2,client-router-server,1.1,0.13,67,39.39,100.0,97.75,122.8,6.0,1.1,3.11,2018,1956,62,22,36.74,normal,0,0,1
2026-01-02 09:58:00,1499,congestion,client_2,server_1,router_1,2,client-router-server,0.86,0.09,58,50.0,100.0,100.0,115.24,4.01,0.86,5.14,5763,5467,296,191,5.15,normal,0,0,1
2026-01-02 09:59:00,1500,congestion,client_1,server_1,router_1,2,client-router-server,0.95,0.11,68,58.92,100.0,92.55,119.82,6.25,0.95,4.34,2604,2491,113,73,42.28,normal,0,0,1
